gene_name,gene_index,log2FC,p_value,adj_p_value
TMEM82,14111,-24.1014097274745,3.4748650030313e-25,
NAT8B,8693,20.9442653453306,1.1784190114617701e-21,
OR5H14,9414,-24.960044287879,1.09766243422309e-17,
AMY2A,591,-2.90831808864607,6.9717878202723205e-09,5.62623277095976e-06
CHP2,2640,-9.35680595769131,1.9138156367456e-06,
PLA2G1B,10117,-3.63530154016193,6.55397734082616e-06,
REG1B,11275,-4.5821917324314,3.79927515026184e-05,
CPB1,3048,-3.72720442214923,4.47044546911909e-05,0.0180382474678955
PYURF,10933,0.875531760700645,7.59142835502119e-05,
IGSF22,6491,-7.57492961463488,0.0001104461391268,
GP1BA,5496,-10.2771465345496,0.0001276929048001,
OR52N4,9410,6.17979434614817,0.0001414124316007,
AMY1B,589,-2.17634462835689,0.000149594903127,
PRSS1,10694,-2.74213384428327,0.0002676711572611,0.0720035413032517
MZT2A,8620,-0.979668832652078,0.0002880944411688,
CELA2A,2443,-3.15391639441084,0.0003745834619698,0.0755722134524109
RHEX,11384,5.27528696387369,0.0004020268476463,
EPS8L2,4325,-0.814294000605933,0.0004021444063922,
CTRL,3253,-2.80602451929327,0.0004217585180424,
TSC22D3,14561,1.30414397301027,0.0004687354639692,0.0756539038846315
CRISP3,3125,-2.86370104688828,0.0007972683565553,
CALR,1860,-0.539197720712635,0.0008454387446027,0.0989591408526213
RAP2B,11106,-0.880311749025926,0.0008789823998377,
RBCK1,11170,-0.657582963437723,0.0008932356309094,
DMBT1,3727,-1.97409704013578,0.0009351244410518,0.0989591408526213
RNF183,11507,-5.61210408179797,0.0010072242205237,
PRSS2,10697,-2.1883099685131,0.0010882986609199,0.0989591408526213
CPA1,3042,-2.9053626951975,0.001105057607504,0.0989591408526213
RPS19BP1,11662,-0.478272198920858,0.0012600171908271,0.0989591408526213
SMOC2,12767,1.86799732067091,0.0013814222137775,0.0989591408526213
ADAP1,279,-0.881602995086363,0.0014647922423623,
SERPINA1,12103,-1.48882114947754,0.001471511388143,0.0989591408526213
CHRM2,2649,5.32179557314338,0.0015109726049924,
GSTA5,5691,4.60016458295565,0.0016542552636233,
ATF2,1070,0.477316641290689,0.0017947002881569,
CELA3B,2446,-3.08576812194397,0.0020594992850044,
PIK3R1,10045,0.914738308156825,0.0020977383267299,
GLP1R,5380,4.32217423178719,0.0022305862013143,
CTRC,3252,-2.57790807582545,0.0023429909327794,
CDC42EP3,2328,2.50709521183786,0.0024240122970996,
AMY1A,588,-2.13004740446765,0.0024407550530453,
RPS9,11693,-0.60970743453738,0.002446575600421,
APOH,803,4.99833785567722,0.0026106442558568,
GCNT3,5244,-1.31117572868974,0.0026243794509493,
METTL14,8022,0.975163196233077,0.0028795321511952,
SOX9,12912,-0.698765496502188,0.0031532195356656,
STAB2,13167,4.9078626717345,0.0032456175941649,
CRIP1,3122,-0.711003998606353,0.0035020460102511,0.217396240790206
CSF3,3174,-4.09848020062435,0.0036921980923675,
TKT,13840,1.09559776772842,0.0037194253201425,
ROBO2,11555,2.5852789337455,0.0037660562070446,
CD99,2302,0.897215111119888,0.0038246925190277,
CDR2L,2413,-0.828902913798455,0.0038305904602406,
CTSO,3264,1.43023755280226,0.0040558287695492,
RLN1,11444,-4.62448103775339,0.0041236321033016,
KCNH6,6887,4.33364325208638,0.004209760474688,
CELA3A,2445,-2.56012073974404,0.0042157450968869,0.228754684315414
IL1A,6532,-3.30128382493892,0.0044601730563533,
GTF2A1,5707,0.736750523109873,0.0045083457955731,
NCOA7,8756,-0.790418420179824,0.0045461624527281,
BTRC,1539,1.61685077484661,0.00459873099283,
TRAC,14323,1.90074049040308,0.0046931973130765,
PTCH1,10799,1.68593872927655,0.0047210614142592,
RFK,11320,-0.787262307555684,0.0047610141995598,
SRSF11,13105,0.513805650874524,0.0048544408320044,
ZNF598,15907,-0.715334220450351,0.0048638475759245,
RHOA,11386,0.415845588282243,0.0049439444744348,0.228754684315414
SAT1,11878,-0.644574510942426,0.0050062560264261,0.228754684315414
ZNF83,16058,0.52122220053153,0.0050494142413818,0.228754684315414
SLC37A1,12542,-1.07576129834427,0.00506326808732,
IL9,6569,-5.56497116048032,0.0050926634692237,
TXNIP,14739,0.564703816241546,0.005102334966143,0.228754684315414
DBNDD2,3450,-0.669558605493599,0.005247960022527,
RHOC,11391,-0.756069652386641,0.0054078185771327,
HIST2H3A,6011,-1.50428421849297,0.0054921475262754,
CPLANE2,3057,3.00032254372389,0.0055400461206135,
TOR4A,14266,-0.904225068706517,0.0056311362694528,
PAK3,9552,2.56390246420431,0.0056444412796723,
NDRG3,8774,5.55858270381922,0.0058077904038206,
TMED2,13906,0.581016197767115,0.0060100037905583,
CAPZA2,1907,0.501745561912067,0.0060300792885629,
MAP2K3,7783,-0.630057013979806,0.0060877016547495,
CARD10,1909,-0.734632742485063,0.0061756470918771,
CFAP43,2544,2.97458927142974,0.0062648314294774,
WASHC5,15198,0.801519892080208,0.0063883122304397,
GOLIM4,5480,0.581053184192864,0.0065181749130271,0.255549160342312
MYRIP,8613,6.06288112779338,0.0065330742382078,
COPG2,2985,2.49927671227707,0.0065975250160637,
C1QTNF7,1676,2.30372999734282,0.0067623517744735,
PNLIP,10277,-2.37793736529585,0.0067822425264594,0.255549160342312
PABPN1,9524,-0.546920159284203,0.0068639794517892,0.255549160342312
USP9X,15023,0.353129921361662,0.0069666437763703,0.255549160342312
SCGB3A1,11923,-4.33512423497117,0.00713004506018,
PDGFRA,9798,1.41276865815179,0.0071454500576854,
CELA2B,2444,-3.53190838876029,0.0072434173553866,
OSBPL8,9446,1.27622078260031,0.007278524539208,
CNTN1,2892,2.26353469768881,0.0073613480428984,
PBX1,9635,0.744171855514275,0.0074285244352239,
ADRA1A,354,-5.53360797174697,0.0074471866782662,
NUDT3,9259,0.638046797057312,0.0077464767592159,
RPS23,11666,0.621591467912586,0.0077733622167254,
GKN1,5352,-4.03162755533757,0.007796801839627,
CT62,3215,6.07113665941981,0.0080473921908025,
MAMSTR,7755,5.50941793998508,0.008136257735367,
SLC6A14,12620,-1.55874477049079,0.0081904243737927,
BEX1,1376,2.91092667663521,0.008381396289908,
EPHB6,4309,-1.20263447513606,0.0084022405121609,
TRAV21,14370,4.21627216278132,0.0087219365365447,
LRRC34,7556,2.47124389531368,0.0087422895506586,
SEMA3E,12050,2.53941545248939,0.0089596569660937,
MAD1L1,7709,-0.677926140958001,0.0090498330838737,
KRT8,7211,-0.640026939281765,0.0093627217440385,0.296477276278216
POLD2,10319,-1.01015240953621,0.0093679677393339,
ARL1,931,0.653426951320874,0.0094910641170517,
PNPLA1,10288,-3.66387927181403,0.0094996810728786,
ZFPM2,15561,3.16854423693788,0.0095284912578326,
LCN2,7306,-0.936013261674382,0.0095960942229014,0.296477276278216
CHD3,2600,0.630131445261792,0.0096140626111834,
ZBTB4,15447,0.726111791316743,0.0097760174342435,
SNAI2,12788,1.31979513901867,0.0098019262547179,
PRDX2,10556,0.70345135873884,0.0098604690752,
ASPN,1049,1.33990234696395,0.0099478375054834,0.296477276278216
PLEKHH1,10196,-0.911494784987845,0.0101161859117186,
METTL7A,8040,1.07742234171051,0.0101848446965352,
CXCL8,3313,-1.51121952566557,0.0102628536175118,0.296477276278216
RBP2,11223,-3.5235641174461,0.0102883434286963,
PALLD,9557,0.975633067204631,0.0103039697104185,0.296477276278216
ERO1B,4369,1.27307421244878,0.0103052166565223,
PER1,9862,0.894521463456942,0.0103701760411039,0.296477276278216
NAA38,8635,-4.36427650551557,0.0104132067798549,
CDC40,2321,0.566251380139238,0.0107019441722727,
SEC31A,12015,0.445036162636776,0.0107264989238545,0.296477276278216
SCN7A,11940,2.53564987903158,0.0109126877762128,
GPC3,5521,2.11735972548742,0.0109955327802838,
ZMAT2,15593,0.716063796364141,0.0111420735315597,
IGHV2-70,6403,4.75521280074793,0.0112184733412692,
PACSIN2,9530,-0.390093616979656,0.0112523338814166,0.296477276278216
ABCA9,48,1.89500350343162,0.0113557740456982,
CFD,2559,-1.06498232762548,0.0113559911789692,
PLS3,10239,0.555277871936868,0.0113927467247069,
CDX1,2421,-3.34723535715228,0.0114206377542814,
VCL,15072,0.505668551114444,0.0114533292117797,0.296477276278216
ZNF491,15826,4.14217307223224,0.011498382894925,
TYW3,14755,1.95441884418271,0.0115004993067865,
CARD6,1914,-0.648477782184543,0.0115778218868585,
CYP46A1,3387,4.12786313674277,0.0116074270447644,
TTC37,14645,0.47608918229298,0.0117562240903382,0.296477276278216
MKI67,8147,-1.23439537827028,0.0118726879821293,
C9ORF24,1790,3.41810085001597,0.0122997817298681,
EIF2B4,4129,1.17966364861023,0.0123000922231901,
PIP4P2,10067,1.73549273939045,0.0123166647377877,
ALB,499,-2.59101098455768,0.0123663131310037,
KLK1,7140,-1.65945197015098,0.0127428815280288,
CCN1,2154,1.88230178668026,0.0130915300285006,
GSTM5,5698,3.16558442428041,0.0131120116271906,
USP50,15015,4.68630345429512,0.0132002889550528,
BANP,1283,-0.794402755224211,0.0133474582629503,
IL12RB2,6515,4.23540972853094,0.0133632165594134,
MLLT3,8167,0.711302439215223,0.0136653608777802,
CCN5,2158,3.08535531234567,0.0137738485423681,
ATP6AP1,1150,0.448360012097114,0.0138297555111254,
AUP1,1204,-0.304596254215831,0.0138508623273202,0.338716542368104
OSM,9455,-2.39140937396297,0.0141109802292201,
LHX4,7377,-5.83568391102745,0.014407470647927,
CASQ2,1950,3.30818095135664,0.0144694066925713,
KLHDC2,7098,0.424172282120324,0.0146318241870082,0.342666373571657
MTG1,8461,-0.51000265869751,0.0147178700224655,
TUBB4B,14692,-0.619926432904546,0.0147865778706545,
SYCN,13360,-3.39493901173701,0.0148700526798774,
LHFPL4,7372,3.92389593374881,0.0150507584160725,
VWA1,15173,-0.871705137064135,0.0150923881758043,
MED12,7958,0.623800555287155,0.0151785678336773,
CYP2S1,3378,-1.04342921314071,0.0151828937019782,
ISCU,6712,0.646708253477958,0.0152151988462226,
SLC52A1,12603,-4.95410472185922,0.0152159419783697,
HNRNPU,6110,-0.360204725635565,0.0153611620001541,0.342666373571657
STX12,13265,0.448284599845564,0.0153680375986973,
GNPAT,5448,1.23843804072986,0.0155689435346434,
BRK1,1491,0.435501278291501,0.0155838801806325,
MBTPS1,7892,-0.413879167959825,0.015677537035872,0.342666373571657
NOTCH1,9059,-0.616739619988206,0.0156829883098266,
TRIM14,14450,0.609525943957517,0.0158620906103704,
EZH2,4463,-0.93224518523169,0.0159585146967467,
NDRG1,8772,-0.572291579208211,0.0160601779687315,0.342666373571657
PNKD,10274,-0.632815306647962,0.0163215671466849,
FLNA,4925,0.780008829840021,0.0165091474001789,0.342666373571657
MINDY3,8129,0.747202329070718,0.0165161757601331,
SEMA4B,12054,-0.742087084910252,0.016560084968147,0.342666373571657
WSB1,15312,0.649396747656405,0.0167255299754666,
ADCY2,291,3.14999486354319,0.0171660618574889,
ANKS1B,686,2.41274136642334,0.0171692519640088,
RAD51AP1,11055,-1.86487863240324,0.0172709660755054,
TRADD,14324,-1.18495402396196,0.017362379683399,
CAB39L,1810,1.13967479118825,0.0174200400479594,
MTFR1,8458,0.868979980810142,0.0174674934956316,
PNP,10287,-0.640949683054208,0.0175877524290941,
PLXNB2,10252,-0.372362564544862,0.017633268266238,0.355751187271351
THUMPD1,13781,0.521767278574381,0.0176341090837191,
ZBTB7A,15459,-0.615205138821981,0.0176354500044958,
ZDHHC12,15507,-1.13638445418078,0.0176383548059957,
SERINC2,12098,-1.0217208038937,0.0178661245953298,
KIF3A,7046,1.34638161278491,0.0178887182793679,
GTPBP3,5735,-1.12394401251898,0.0178921524562852,
SGSM3,12203,-0.658706537887471,0.0179936505439238,
TCEAL1,13583,1.18890080310693,0.0184319161450046,
CRTAM,3141,2.79480370657711,0.0184760940980688,
HPSE2,6169,3.94362523994017,0.0185492016684035,
UQCRC1,14945,0.582311964781712,0.0186891209995451,
PSMA1,10737,0.310345789658116,0.018869828410214,0.37141345187909
TNKS2,14211,0.589232710385861,0.018940501649607,
CCT6B,2211,4.02011630184598,0.0190606485858897,
GATD1,5211,-0.544417160585526,0.0191867775243115,
TRAPPC2L,14351,-0.55684541141641,0.0192557352157013,
MMP10,8184,-2.05265019819662,0.0193158378708837,
SIRT7,12324,-0.580812613363049,0.0193174764017466,
MUC13,8513,-1.07516998565376,0.0195054305255602,
CAMKK1,1871,5.33015305102769,0.0195657892992199,
FGL1,4873,-2.65281518589791,0.0197530927346223,
SEMA3D,12049,2.10196817997382,0.0198769741228676,
TNFAIP2,14164,-0.660551844631591,0.0199393165857388,0.373833710853714
C15ORF41,1595,2.04989894314461,0.0200202418491364,
ESD,4379,0.448729832377578,0.0200238176783258,0.373833710853714
TRIM11,14448,-0.847170915264882,0.0201923829218909,
PRRT1B,10688,2.70912837588319,0.0203605962917497,
ANXA3,716,-0.614753316622818,0.0203825071593103,0.373833710853714
CCNI,2177,0.68454843657547,0.0205989379515773,
FILIP1,4894,2.15174519152292,0.0207569119197664,
DYM,3964,0.973630705213291,0.0210937535067422,
CNTN4,2895,2.1233703990391,0.0213438858505472,
RAB11FIP1,10957,-0.958143738790056,0.0213644182451095,
ITGB8,6758,-0.990885388408976,0.0213733662408205,
TRIM25,14459,-0.512690169237156,0.0214986593923827,0.385542625103396
TLL2,13857,3.64670025600965,0.0215104086713996,
PLK1,10214,-1.54419616900175,0.021707663647044,
PSMA6,10742,0.430060729396264,0.0218449774309423,
ASF1B,1030,-1.30236428847439,0.0219621832226455,
STK17B,13216,0.631061931450799,0.0220476307845305,
ACADVL,147,-0.810470273593014,0.0223450506761248,
ZNF207,15660,-0.538140642956419,0.0223561567231933,
SPCS3,12967,-0.537220302695155,0.0224671095490382,0.389412835990719
RNF31,11530,-0.664418107686391,0.0225157559768485,
RDH14,11259,1.04493930233773,0.0225703284987932,
USP17L13,14977,-4.16357689239608,0.0226583359804891,
EIF4E2,4155,0.792708926535905,0.0231680800362182,
SCPEP1,11952,0.537316701082865,0.0234223302239711,0.389412835990719
SRSF3,13108,-0.372204054759729,0.0235606958701567,0.389412835990719
SEC24D,12014,0.420204018587999,0.0236446455558182,0.389412835990719
PHF13,9950,1.14674004550658,0.0236489158257284,
CLDN7,2747,-4.77052226097785,0.0238417717608173,
FABP4,4487,-2.6322036222746,0.0238809079871656,
DPT,3877,1.91762019203279,0.0238824478991141,
MSMB,8417,-2.5067454511563,0.0240766712476569,
CCDC91,2120,1.44956549013474,0.0242044626919714,
PRPF6,10652,-0.719084602683165,0.0242662397256913,
RASSF6,11153,-1.00797795670652,0.0243095858713057,
KLRG1,7156,2.45464350375356,0.0243405634252221,
PLPP2,10227,-0.806243611989096,0.0243503229360714,
HNRNPH3,6104,0.343703555436314,0.0244066344196195,0.393923079532658
NOP2,9050,-1.15536899208557,0.0244144538278012,
HDAC1,5847,-0.792878235701607,0.0245802489310774,
LRRC20,7546,-1.69835225617574,0.024695023996458,
G0S2,5107,-1.30207482750393,0.0247967274908164,
DHRS9,3651,-1.53594963111396,0.0248726786166863,
ACTRT3,228,-3.39257436836427,0.025121090328594,
FKBP5,4912,1.14474943526762,0.0251979665095654,
CRP,3138,-2.37243588832694,0.0253416052708313,
SHH,12252,-2.53667327540767,0.025364753410039,
LEF1,7329,1.23846402512351,0.0254125481452471,
TBC1D3G,13534,-1.22009701746963,0.0256302142805439,
GLMP,5376,2.77944940237613,0.0257061036689786,
MED14OS,7963,-4.36515380542639,0.0257993002530918,
AMY1C,590,-2.05968392351911,0.0258142394001144,
DCN,3484,1.11091592553875,0.0258428464154406,0.408925040338442
ST6GALNAC3,13158,-2.60461348027499,0.0259597924493298,
F10,4465,2.71595940598218,0.0263043699439663,
NFASC,8884,2.13264772989976,0.0263327420817845,
PSG4,10732,5.75179486042548,0.0267622445416198,
SH3BGRL,12218,0.690045582386501,0.026814357693126,
CYP2D7,3374,-2.00320423226209,0.0269624734844277,
PCSK5,9745,-0.982873674474467,0.0269773928010284,
NAGPA,8661,1.93541541147844,0.0270256004345235,
S100P,11820,-0.829579305816696,0.0271353498439481,0.421119756232041
ADAM8,252,-0.729805546741485,0.0272399668165922,
FECH,4819,-1.61216610551994,0.0272912061318536,
ECM1,4019,-0.880466074654265,0.0273633507947813,
WFDC2,15280,-1.04654299919024,0.0273707805471414,
COMMD3,2969,0.893100144779326,0.0276174492663884,
LINS1,7429,1.87770279182219,0.0276428621874964,
ERRFI1,4373,0.712639107048648,0.0277182125743946,0.422049010330876
FAM216B,4603,5.39368386337988,0.0278945562969252,
LRRC8A,7588,-0.64432197476029,0.0279860927323784,
CCNO,2184,-1.82731639818643,0.0280575830135459,
GLT8D2,5391,1.39674336531415,0.0281175893937321,
TBCEL,13549,0.866960814557637,0.0282830122423154,
SEC22B,12006,0.462792020313446,0.028426914405583,
ARFGAP2,846,0.398831177527497,0.0284779331769645,
TAPBP,13475,-0.378638061077946,0.0286519269065877,0.427855657490147
IDUA,6310,-0.655733869416934,0.0286720593023879,
ILDR2,6572,-2.53193586340922,0.0287924752835429,
PCK1,9723,3.83861308063531,0.0287933910241736,
TXNDC15,14734,1.00863297582507,0.0288359557767288,
LOXL1,7485,1.20886797030926,0.0288360262665734,
HIST2H4B,6016,-0.670231875148075,0.0289025896878688,
KLHL7,7137,0.39530881246731,0.029028737329512,
NUP160,9277,2.30303360300431,0.0290702958273453,
EIF2B1,4126,0.534137933602174,0.0291100886060988,
KCTD11,6932,-1.29661188923788,0.029139797777314,
HTR2B,6254,3.41048806503798,0.0291463168731151,
MGST2,8093,-0.743950845321428,0.0293438374118544,
PTGS2,10827,-1.41070128938148,0.029379846969007,
HIST1H1B,5958,-0.843172019943642,0.0294952969427286,
CDC45,2333,-2.09359846027063,0.029577307452458,
TRIOBP,14502,-0.335445375076775,0.0296401912399533,
TULP3,14706,1.1475310994372,0.029806470937187,
GKN2,5353,-4.16694489789429,0.0298241711179253,
ADIPOQ,335,-5.31029169023996,0.0299937745146966,
NDUFS4,8818,1.01166147524737,0.0300862612484633,
SELENOP,12038,1.59665911273435,0.0300998602714976,
SOD2,12879,-0.690215625525442,0.0301038313239736,
LY6E,7660,-0.473531985053613,0.0301083518914899,0.427855657490147
GPRC5A,5598,-0.629591313303748,0.0301624512836568,0.427855657490147
NOS1AP,9055,-0.913824667604465,0.0301813308661647,
TM4SF1,13874,-0.741593655187898,0.0302202880755123,0.427855657490147
PER2,9863,0.649530295989283,0.0302884355097758,
SH2D1B,12210,-2.33541372471131,0.0303533577212601,
WDR90,15269,-0.802940872685614,0.0304108459208679,
VWA8,15179,0.928614264801807,0.0306569159341094,
TRIM7,14496,-1.40694332737052,0.0309347333345691,
C11ORF1,1555,-0.662451456994859,0.0312061474825717,
CFHR3,2564,3.08725868751845,0.0313120934786894,
ALDH8A1,517,-2.03970362589716,0.0313345521098376,
IL24,6548,-4.00490523982812,0.0314078145262539,
HAT1,5815,0.657557244144591,0.0314586439690628,
RNF43,11538,-0.693957160522324,0.0317090027870568,
HAS3,5813,-1.71796380746419,0.031887816055463,
TBX15,13563,-2.22429769304559,0.0319495865989562,
SLC28A3,12481,-1.03939524697661,0.0319976356344273,
C1QL1,1668,4.64029589001133,0.0320747178439292,
PNPLA2,10289,-1.47720382781759,0.0321041836928596,
CBWD2,1987,-0.377250498520862,0.0321077804328405,0.446741013953488
LGI2,7362,5.31694345935017,0.032113924894017,
ACSM1,201,3.75575907640898,0.0321654443326054,
KCNH2,6885,2.24861184786404,0.0322551724376983,
N4BP2L2,8625,0.523637624162213,0.0324325405030247,
PIK3R3,10047,-3.37734320854695,0.0325208026317212,
HIF3A,5939,1.61364657872122,0.0326101387159612,
FGFRL1,4870,-0.936704400069497,0.0327718782432211,
ZNF518A,15845,-2.99250600027503,0.032947547680865,
SPSB1,13042,0.884704314220534,0.032966940998111,
DOC2A,3828,-2.75683673588348,0.0329717132417143,
CXCL1,3301,-0.95723250715131,0.032978382620777,
LBH,7291,1.25123657890204,0.03309693234903,
SPECC1L,12977,0.511930936288527,0.0333417862680924,
CHKB,2621,-0.434926723337062,0.0333684623683783,0.45641269714036
IL1R2,6535,-1.01517509371728,0.0335589880486622,
MFSD10,8061,-0.722348095977714,0.033571003185562,
IGLV4-3,6478,-6.19410175047725,0.0336267222441372,
DOK4,3845,-0.672484428891549,0.0337509085577268,
CHGA,2612,2.0752692323472,0.0337530947990493,
NG,8917,-5.57946302261209,0.0338462979120609,
FAM185A,4579,-0.876732382812817,0.0339057519060691,
DHDDS,3633,1.58335879272762,0.033913404015826,
GCSAML,5248,-4.05269197055505,0.0339229644395154,
ARF1,840,-0.439109695230512,0.0339957342294796,
KLHL12,7108,-0.751515353521444,0.0340515483712145,
CITED1,2703,-2.52043184826714,0.0341614013648998,
ATP5MF,1143,0.501419503244371,0.0341985654140275,
FANCD2,4679,-1.82850519241601,0.0343753831363355,
DBF4,3445,-2.55118995982255,0.0344044427951152,
CUZD1,3290,-2.29244214760476,0.0345047829889586,
TAF10,13430,0.383482848162769,0.0345072396609158,
CEL,2442,-1.73117392915393,0.0347124981236517,0.457813569272482
NEXN,8880,1.40711250967061,0.0347305426814568,
NAA10,8628,-0.673646533323441,0.0348148421795357,
ITIH3,6762,2.36572898303924,0.0348412231117059,
TSPEAR,14600,4.52209180176725,0.0349776237453218,
PRELP,10565,1.54487275556233,0.0350448625009715,
MT1H,8437,-3.25430047034888,0.0350915729814675,
CELF6,2451,-2.59203742140376,0.0350963552979,
PCDHA3,9667,2.91104670233021,0.0352080317216388,
PKIA,10099,2.8853174149358,0.0352631999868112,
VAT1L,15064,2.99999112661178,0.0352886983864203,
CELSR3,2454,-1.51577491095784,0.0353562885635549,
LUM,7651,1.04910549552564,0.0353969362496198,0.457813569272482
KCNH4,6886,-3.59246457391636,0.0354382042297915,
CCDC103,2010,4.11121736406639,0.0356119898515625,
GLOD5,5379,3.3557433481711,0.0356633307783767,
C1S,1681,0.962067554494238,0.0359718538222377,0.457813569272482
KLHL10,7106,4.27805606187224,0.0360214567989728,
LCT,7312,-4.23921866873627,0.0360870871845437,
INTS7,6647,4.97584655962263,0.0360877681581029,
ABCC11,60,-5.3124773826704,0.0362482532842863,
MSRB2,8423,0.572332376178093,0.0362648025913525,
CD3D,2263,1.06684650903089,0.0363256037804813,
MEP1B,8009,-4.01522124781782,0.0366103004064455,
DMBX1,3728,-3.45155499406954,0.0369858487026776,
WDR61,15250,0.35476384383355,0.0370667794345019,
PI3,9993,-1.62030251504622,0.037255518407649,
ZNF853,16074,1.56303148159188,0.0374275135318559,
DHDH,3634,-3.62485465120326,0.0374281977871391,
PTGDS,10811,1.59920729333888,0.0374330754836455,
RGS7BP,11369,2.19310366840877,0.0374777952702281,
PRRT2,10689,2.61259500624723,0.0377298918125655,
PHF11,9948,1.70632280934134,0.0379082107638702,
DDI2,3516,0.545351601759988,0.0379929319047472,
HPS1,6163,-0.450250507604951,0.0380857026294062,
TINAGL1,13827,-0.578063268460503,0.0382656508380565,0.457813569272482
GREM1,5633,1.40592049375522,0.038309931036159,0.457813569272482
CIR1,2696,-0.424476139664188,0.0383132115262407,0.457813569272482
XKR6,15338,4.25385086525564,0.0384295622865054,
PPBP,10411,-1.85252607797644,0.0384327794152546,0.457813569272482
NOMO2,9044,-0.586540520585944,0.038509588318489,
EPHX2,4311,1.59193929294604,0.0385617372011249,
CCNJL,2180,-2.78101045407794,0.0386215240118223,
PRCD,10541,3.42640007938408,0.038692868550868,
MRPL49,8347,0.629477566554246,0.0387459073993185,
C15ORF48,1596,-0.925781610786441,0.0387713067601032,
C11ORF42,1558,5.34755017490105,0.0388211386777689,
IQCE,6669,-0.727796108690227,0.0388249610594547,
NKX2-3,8976,2.01325317336877,0.0388957992643294,
NFATC2IP,8888,-0.473047712309355,0.0389064954340607,
MAPK10,7819,1.79889236460655,0.0391845778366465,
HIST1H4A,5994,-0.704020888493854,0.039199877488437,
ITGAV,6746,0.420723646117088,0.0392629935396056,0.457813569272482
RPL15,11595,-1.85098208260906,0.0392832701080831,
COPE,2983,-0.353972399055777,0.0393955944308893,0.457813569272482
RRH,11710,-2.55295728684341,0.0394012829926201,
ITPR2,6775,0.739081801873466,0.0395243576131607,
ITGBL1,6759,1.28104336590749,0.0396743374023401,0.457813569272482
PLAUR,10145,-0.642236096921775,0.0397112141872042,0.457813569272482
SCN5A,11939,4.41008459195874,0.039794255379605,
OSBPL2,9441,-0.954661658868371,0.0399961340060744,
NCKAP1L,8743,1.01565353698408,0.040001576194263,
CD109,2217,0.922105764181965,0.0400303484791734,
ENKUR,4250,-3.34513766047445,0.0402002077548558,
ITGB5,6755,0.674626985951935,0.0402968582841507,
KIF5A,7050,2.87245983017563,0.040453078101496,
KLF12,7082,0.984019790203502,0.0405342821880326,
MPDZ,8256,2.07295849024132,0.0405889635282528,
NOTCH2,9060,0.682750123364329,0.0405928681961925,
PURB,10895,-0.472557988434168,0.0407808400901743,
SLC35C2,12525,-0.500493075280357,0.0410356316182748,
RERE,11295,0.389892186936023,0.0412658823344172,
PPIC,10427,0.811977748750641,0.0414897657242975,
DBNL,3451,-0.375206502021733,0.0414989120793553,0.464292133054233
DLC1,3703,1.19850297554361,0.0418011076049454,
ATP6AP2,1152,0.264553376825091,0.0418302425064505,0.464292133054233
TNFSF15,14198,-1.45989280998066,0.0418541670850686,
LIPT2,7436,-2.49011344349892,0.0419637987328271,
LY6H,7664,3.58161872187559,0.0420330625568489,
PCLAF,9725,-3.84952700754063,0.0420699055683194,
CD55,2277,-0.643247339577676,0.0420721615755367,0.464292133054233
MARCKSL1,7844,-0.698962313561319,0.0421192970763101,
C12ORF43,1576,-2.56499761897528,0.0421442253980695,
SNHG32,12808,0.451570293314415,0.042482828181974,
HIST1H2AI,5967,-0.887242327520232,0.042547254944212,
DNAJC11,3777,-1.13498156779071,0.0425672846791615,
JAM3,6801,1.17324976291588,0.0425897488485152,
CRTAP,3142,0.656011330222897,0.0426635520245267,
TMEM159,13968,2.39069870977394,0.0430810320989823,
ZNF141,15631,0.878976461758017,0.0431795948098154,
MYOZ1,8609,4.56065185587719,0.0432089660391994,
HTRA4,6262,-1.5006042974388,0.0432687882516759,
TGFBR2,13731,0.490921307786591,0.0433198400251116,0.464292133054233
LZIC,7693,0.553318245984559,0.0435789605799384,
TET3,13683,-0.806532653639388,0.0438434217738378,
REG1A,11274,-1.30490839995299,0.0438879597275053,
HTRA3,6261,0.890132424434548,0.0439425049441071,0.464292133054233
PLEK,10173,-1.08074674507526,0.0440356010475828,
MMP21,8194,3.16619272741561,0.0440882473440624,
MUC5AC,8521,-1.3642677453105,0.0445372555084052,0.464292133054233
ZNF256,15692,1.58401408612038,0.044574407783408,
USP17L23,14980,-4.22709427855709,0.0447211677420694,
CSDE1,3167,0.345751616860751,0.0448159029412024,0.464292133054233
TMEM65,14101,-0.395642202581928,0.0449684913585851,
NRK,9167,2.35179414738971,0.0450716529725025,
FGFR1,4864,1.56949683498724,0.0451649963767689,
CHMP1A,2625,-0.626260341126353,0.0451850907803482,
SPRY2,13036,1.01951198812661,0.0452104053662168,
GRID2IP,5644,2.78468361820869,0.0452537798605153,
MYL9,8575,0.989069565839617,0.0453101258526775,
C7,1765,1.54969984617052,0.0453140821466986,0.464292133054233
DUSP1,3939,0.716674108272462,0.045451150571604,0.464292133054233
GTPBP2,5734,-0.435454725830866,0.0454778240492189,
PGC,9914,1.94172467363099,0.0455041192686959,
AQP6,826,-3.07076554189001,0.0456473623391617,
LBP,7293,-2.90482111381738,0.0456928268748668,
ZDHHC4,15520,-0.670411613335021,0.0457881381746795,
DNASE1L3,3809,2.90520625284003,0.0457926889950641,
GTDC1,5706,-0.953176120711401,0.0458493038640043,
AK7,452,-4.42506762311702,0.0458838715826685,
TTK,14662,-2.56020632910954,0.0459017514875175,
ZMIZ2,15597,-0.779310113422505,0.0461766119048917,
CEP120,2484,0.503421202750691,0.046369616266608,
IRF2,6690,0.46647642475244,0.0463887953834638,
CD2,2233,1.44804394701456,0.046557280766442,
FFAR2,4836,-1.86904324478022,0.0465815313910496,
RECK,11264,1.33700425150463,0.0465832199692033,
ZSWIM4,16122,-0.596378014894181,0.0466689234515111,
COBLL1,2910,0.846633706143451,0.0467393717964146,
SAA1,11827,-2.00774346086819,0.0467651300778223,
MARK3,7849,-0.528480164072684,0.0468219935150765,
WDR26,15223,0.466342189076139,0.0468959492338336,0.469067091711218
ALG1,522,-0.376736685386681,0.0471714702360539,
LAIR2,7247,3.53737339753225,0.0472522685178476,
MVD,8532,-0.811031916368766,0.0473453426698326,
GPR34,5575,1.2381686808232,0.047470569777046,
CRLF3,3131,0.875682808678837,0.0476399372078259,
CBFA2T3,1972,2.91006379107345,0.0477502886257958,
LEPR,7342,1.35702570384298,0.0477869275552545,
MATR3,7869,0.359013629858884,0.0477939534648348,
RNF115,11474,0.736734795576532,0.0478094194387589,
EZR,4464,-0.485643633783168,0.0478501869337511,
GABRB2,5129,-3.44494263076899,0.0481196813985471,
TACSTD2,13425,-0.548473823348845,0.0481562332052926,0.469067091711218
JUN,6827,0.558620112612962,0.0481776995387393,
OLFML1,9365,1.70199434134815,0.0483764313770499,
C2CD4A,1698,-1.86509384152025,0.048513764630823,
LAMP2,7260,0.555292288456732,0.0485349550699254,
MATN4,7868,-4.98425345643898,0.0485422731033039,
MAPK9,7833,0.888713886803756,0.0485618909115022,
IGLV2,6467,-2.83420466943276,0.0487379702236253,
TPM3,14297,-0.410453202028358,0.0487384402845729,
POFUT1,10308,0.398236881162468,0.0488331942260146,
PTPN11,10846,0.337049274335012,0.0489264229975515,0.469067091711218
NANOGP8,8668,2.9259908331897,0.0489711264427081,
APOL6,808,-0.44685485429577,0.0491214895100708,0.469067091711218
BRCC3,1472,0.399892493696842,0.0492403596984958,
WDR66,15253,1.81618153636073,0.0492936394887344,
ARX,1010,3.27209128034824,0.0493482601949006,
HRH4,6177,-4.11039732658385,0.0494865817742566,
DDA1,3508,-0.323260589689991,0.0495658099601472,
HECTD1,5878,-0.73689702282431,0.0495752674791723,
FGL2,4874,1.05090640402296,0.0496246398562474,
MISP,8142,-0.842876192558079,0.0497270112394871,
ARHGEF40,914,0.912853853198677,0.049927716219723,
RRP7A,11721,-0.319178178639912,0.0500206296048747,0.469067091711218
PRRG2,10684,-1.437234171001,0.0500389745251087,
PRIMPOL,10581,1.16288129969751,0.0500690025630796,
RGN,11344,1.94794242385495,0.0500885822542573,
MYO1D,8589,0.584092323922188,0.0502722723351404,
COL13A1,2925,-2.03084644277752,0.0503542870104102,
RPS24,11667,0.49163980290726,0.0503653215214956,0.469067091711218
ECM2,4020,1.46713874103623,0.0503918224756757,
SLC27A4,12478,-1.85449823497302,0.0504158910561658,
CORO1B,3011,-0.281777042254071,0.0506597720152774,0.469067091711218
BICDL1,1393,-0.787312396983469,0.0506923573028422,
ZWINT,16131,-2.0591419980977,0.0506925479016387,
DEPTOR,3602,0.545380275142457,0.0507209367256966,
MMP28,8199,0.974291134283406,0.0509046831357467,
IL11,6511,-2.44318874072914,0.051071092146792,
PREX2,10569,1.31334466294563,0.0513811933106408,
HSH2D,6215,1.57199587938635,0.0513933771378809,
MYO6,8598,-0.515894643398118,0.0514622564955253,0.469067091711218
SENP3-EIF4A1,12070,-2.01632311896209,0.0514817173712847,
VASP,15062,-0.523146482122955,0.0517136210367879,0.469067091711218
TSPAN1,14580,-0.688477881296473,0.0518172088146728,0.469067091711218
HLA-DMB,6033,0.65019419965497,0.0519015266900976,
ZER1,15528,0.654203198562726,0.0519302026649304,
CHD8,2605,0.374213084668904,0.0519386854678027,
REPS1,11292,1.02584547557528,0.0520599807201575,
SRPRB,13094,-0.589317802067052,0.0523442050580024,
LIX1L,7438,0.772519404814841,0.0524484681186709,
BBS4,1305,0.595043032403452,0.0524847060816553,
PCDH1,9649,-0.415042241600312,0.0526082634353006,0.469067091711218
TMEM62,14096,-2.37842766459123,0.0530671782553125,
PKD2,10093,0.811373002343314,0.0530966814886101,
NAALAD2,8641,3.34404108014142,0.0531991359996506,
RBM42,11205,-0.364037489466394,0.0533604935442297,0.469067091711218
STC1,13200,-1.91578684241977,0.0533848964350626,
POGLUT3,10313,1.09571288961385,0.0534066536898138,
CYBA,3345,-0.544505047205786,0.0534748109509691,0.469067091711218
TMPO,14136,-0.539304131330876,0.0534858979746257,
AVIL,1211,-1.05914678311325,0.0536095462657782,
WSCD2,15314,5.08043846632702,0.0537946320467814,
NECTIN2,8833,-0.38703888924258,0.0543749043439812,
TRGV8,14440,2.48737970461118,0.0543759489487467,
TANK,13469,-0.767318773944212,0.0546298594760481,
ANO2,695,2.13979927404985,0.0547751068182617,
CLDN4,2744,-0.632600754843392,0.0549823570135416,0.477104968923957
ARHGEF39,912,2.23901213737274,0.0552755281903372,
GPRASP1,5596,1.44466047991305,0.0553424821492268,
NEK10,8849,-1.67296288178356,0.055406781756966,
STK4,13231,0.496648720593135,0.055445238051035,
TSPAN9,14599,1.02595688064384,0.0557894910060598,
ATG16L2,1085,-0.61884017097378,0.0558889507014143,0.479812587404695
INVS,6651,1.1472109468744,0.0559552562530362,
LDHB,7320,1.13895533203294,0.0561566233582774,
LIN37,7408,-0.522819849039222,0.0561859436080826,
MAP3K7CL,7803,-1.11499215210074,0.0562403131174558,
10-Mar,2,2.46107000731429,0.0562830835565213,
SGK1,12190,0.590853277863802,0.0562878390290719,
HSPBAP1,6240,-1.36186689670511,0.0563400727314311,
PGD,9915,0.709331998924501,0.0563485755527267,
RAB7A,11022,0.449826140301363,0.0565273942648062,
PRXL2B,10719,-0.688341529334154,0.0565735628436952,
KERA,6975,4.18044296621393,0.0566086107244127,
TCAP,13579,-3.68146905551129,0.0566782951873304,
GSTM1,5694,1.78414377594654,0.0566909975577741,
TOPBP1,14258,-0.74842092174753,0.0567732005020985,
BBOF1,1299,4.24604077531558,0.0568559366993315,
FHOD3,4885,1.415464084655,0.0568945897403529,
SELENOW,12041,1.1065069283663,0.0569419955119893,
NPAS2,9074,-0.411292361891433,0.0569461862642658,
RGS6,11368,-2.33318928068771,0.0569906512509003,
FAM174A,4571,1.32837123843408,0.0570309503518805,
MSTN,8429,-2.47543975102878,0.0571003087324317,
TOMM7,14249,0.312446837502854,0.057334692110234,0.4863411164773
PCDHGA5,9698,3.42647778382192,0.0574388963136172,
GMPR2,5413,-0.50002475725191,0.0574938414684719,
STON2,13243,-0.737544402665081,0.0575230469827909,
MOXD1,8252,1.69860764336118,0.0575429734685435,
OVOL2,9482,-0.748494534148337,0.057627180512845,
ALYREF,563,-0.488743762751033,0.0576465236561813,
CTNS,3246,-1.24328010305268,0.0577111281375042,
PTPMT1,10844,-1.64776039252197,0.0577415672240115,
PITPNM1,10078,-0.550318168635921,0.0577976176986087,
BGN,1383,0.754608485979958,0.0578547053058498,0.4863411164773
PPIL4,10436,1.2433184213325,0.0580598672079056,
SUMO4,13317,1.90784378483163,0.0580631672790168,
GPR153,5555,0.79466003099728,0.0582216489853289,
FPGT-TNNI3K,5017,4.21124813132601,0.0584182347664761,
TONSL,14251,-1.70217124505589,0.0586111072963417,
CDT1,2419,-1.74718628630152,0.0586944983539043,
MORF4L2,8240,0.43582950384928,0.0589161948579389,
SYT11,13397,1.51790340770845,0.0590134304862907,
SEPTIN9,12088,-0.318015417195796,0.0590526265854727,0.489886343076272
PLXND1,10255,0.454882759183227,0.0590702292667092,
SHOC2,12268,0.676155814344906,0.0591448039719859,
MIDN,8113,-0.474074849245265,0.0592099796707365,
TRRAP,14554,0.825296031396212,0.059321699214347,
MMP15,8189,-0.552399552662153,0.0594337747899679,
FAM50A,4638,-1.70696593490691,0.059444071437478,
TMEM54,14091,-0.567522796969789,0.0595289993937573,
GPR42,5581,-2.97585670282591,0.059623297720229,
ASCC2,1026,-0.818332219381354,0.0598891393597139,
ZNF875,16078,1.10383956649891,0.0598964712644927,
ZNF473,15815,-2.76321517929853,0.0599090922945166,
DOHH,3841,-1.39108619479734,0.0599132590174089,
MUC3A,8519,-0.835800831631964,0.0600247990843733,0.489886343076272
CEP152,2488,-0.954390622557109,0.0601152972125303,
CYTH3,3408,0.876485382758922,0.0602238367717655,
SPAG5,12933,-1.25832303370157,0.0602307072305843,
CMC1,2830,0.929298864697169,0.0602370902321646,
TMEM144,13958,2.42576951358655,0.0603526178099343,
STAG2,13172,1.47842934790342,0.0605744114721864,
CCL3L1,2146,-1.20138043307845,0.060623541634384,
PNLIPRP2,10279,-2.12689316883406,0.0606474720672723,
TXNDC16,14735,1.32399720547994,0.0606688282655268,
ELAC1,4171,-2.80449404707936,0.0606914234309979,
LAPTM4A,7270,0.449549072177877,0.0607392284797585,
MAP2K2,7782,-0.4722915925904,0.0610401367367075,0.489886343076272
IL1B,6533,-1.79300274431897,0.0610616921853649,
CBWD1,1986,-0.310095331419507,0.0610982317528782,0.489886343076272
SNX3,12861,0.994147035879338,0.0611050368538184,
PSMB1,10744,-0.409102805846805,0.0612193441806231,
ESYT2,4393,0.299017764581948,0.0613116736687776,0.489886343076272
HIST2H3PS2,6014,-1.63851709650115,0.0613868788440894,
UBXN2A,14852,1.75518050989675,0.0617010862313398,
ATL2,1099,1.95921995012706,0.0617617718979163,
FBXW7,4779,0.433352966895864,0.0618613019106417,
NDUFA5,8787,0.672328397992454,0.0619282834372259,
MRS2,8385,-0.639614908221659,0.0619957599673046,
ABCA8,47,1.85675859176636,0.0620329368759318,
TIGD3,13799,-2.49989375637903,0.0620516078948699,
PSPH,10787,-1.09109672558333,0.0622139309817056,
S100A6,11816,-0.390136035393963,0.0622559106964751,0.492554116980935
ST8SIA1,13163,-1.48913894656605,0.0622639707716316,
ASCC1,1025,0.51603665028572,0.0624012622708648,
GRIA4,5642,2.80456965476161,0.0624335978916703,
GADD45A,5138,0.974319816860769,0.0625388291944578,
PRMT3,10618,1.14912936382086,0.0626356526877843,
CBX3,1993,-1.23624530697321,0.0626628405574433,
TOMM5,14247,-1.05375772250906,0.0627111986638233,
ZFAND6,15535,0.564373149248381,0.0628249422936925,
KLHL32,7127,3.57364036198163,0.0628570692123259,
ZNF710,15987,-0.582586657433035,0.0629190316425885,
SEC22C,12007,0.60791483223643,0.0629281840913952,
FAM193B,4587,-0.617521674435969,0.0630403783248618,
IGHV1-3,6395,2.63837559781004,0.0630461555979981,
GMFB,5405,1.42729303510666,0.0631145268280144,
PISD,10073,-0.532723277239776,0.063120124027099,
ITPRID2,6778,-0.587442942057602,0.0631587071002104,
TMLHE,14131,1.49419319086775,0.0632796269780309,
PIP5K1A,10068,2.0476743800273,0.0635268091093042,
TEP1,13669,-0.531673264535582,0.0636395822924458,
IL6,6564,-2.46461815517753,0.0638103640812598,
SCN4B,11938,1.80258326027493,0.0638390736345187,
NACC2,8652,-0.839363837025672,0.0639536450365339,
RGCC,11337,0.956186294968263,0.0639641913425485,
CD3EAP,2265,-4.45272291448679,0.0640503135908152,
DRAM1,3889,2.82355691730847,0.0640831042848297,
NPIPB3,9099,-0.299313364187326,0.0642634944580196,0.497902879805232
TOM1,14239,-0.426276935920155,0.0644189246826981,
RGMA,11342,2.33482736568917,0.0644368559436148,
MED24,7973,1.02444283501811,0.0647258415033098,
TMEM132D,13949,2.90144272542934,0.0647325100206951,
IRF9,6700,-0.341191810465246,0.0647730706824484,0.497902879805232
ATOH1,1104,5.36885468053782,0.0648121644176736,
NBPF12,8712,0.534623368601843,0.0648421476006654,0.497902879805232
XAB2,15325,0.985305151115597,0.0648961333988327,
C14ORF132,1589,2.02451966677263,0.0651026949105972,
NPIPA8,9095,1.11687599065044,0.0651211336512047,
SMARCA2,12707,0.46319034406168,0.0651539257234598,
TMPRSS3,14142,-0.699930579430024,0.0651589764015697,
TRNP1,14532,-1.52096374764095,0.0651932996036944,
GCK,5236,3.02251039253544,0.0653157899804774,
CMA1,2827,-2.83116655097463,0.0654973342724703,
NPIPA5,9093,-0.410678250718637,0.0656288576882854,0.497902879805232
NKAIN4,8962,-2.87766321652646,0.0656494877991108,
PRRG4,10686,-0.957160653949431,0.0659075083378991,
GNAO1,5423,1.70317410486574,0.0659568405450852,
EIF2AK1,4122,0.814270604481363,0.0662672390928807,
PTDSS1,10805,0.305597103375333,0.066302614247172,
ZRANB2,16100,-0.756440217377569,0.0664391678807854,
C9ORF106,1786,4.84589821111766,0.066449876166411,
PRSS22,10699,-0.728352965957451,0.0664984974133802,
TCP1,13616,-0.315107310721044,0.0665090466794694,0.497902879805232
REEP4,11271,0.569492038826847,0.0665484127942076,
PFKFB3,9895,-0.454848971928465,0.0666338426505144,0.497902879805232
PFN2,9901,1.04735938182916,0.0668936825629365,
AAAS,17,1.09400937953506,0.0669014363256596,
MAST3,7859,-0.932795837891669,0.0669637229425009,
CHMP5,2633,0.468582367905587,0.0670053963567103,
NTS,9229,-4.09608695606281,0.0672543136355175,
MICALL2,8105,-0.379871284773955,0.0675169978839214,0.49963731740251
MRM1,8300,-0.807939569432646,0.0676127219658178,
IGSF5,6493,-2.54532290014049,0.0676700547937922,
C1ORF198,1651,0.61038992410102,0.0680746178297028,
YY1,15410,0.665321660040844,0.0681154050795783,
INSIG1,6628,-0.633947816046663,0.0681166606945686,
PRRX1,10692,1.12655229627553,0.0681702440245793,
MLXIPL,8173,1.40324709532521,0.0682219747127676,
VMP1,15109,0.403047258946061,0.068257400476441,0.49963731740251
GP2,5498,-1.59831432064653,0.068309535002739,
NAV1,8697,-1.52540661650099,0.0684262918957668,
NRCAM,9154,1.75581338632909,0.0686502702859559,
TTR,14677,1.73155869548747,0.068723348490308,0.49963731740251
YY1AP1,15411,0.430477737385598,0.0687781933109413,
ITGB1BP1,6749,-2.95289960539286,0.0688236369808209,
PCDHA2,9666,3.6763312696494,0.0688498786616539,
ZNF354A,15752,0.908309616988149,0.0688590861533445,
ELMO1,4188,1.24116544178523,0.068907056797462,
RNF38,11533,1.11496259586878,0.068909783483918,
PCDH18,9655,1.11520811424246,0.0689467551458274,
SLC25A26,12439,2.73307511405218,0.0689508888737031,
FAM32A,4627,0.331601131366117,0.0692747656046975,
UCHL1,14858,1.525210336321,0.0693300745436269,
TMEM100,13916,1.71790311376753,0.0693780367055169,
TAFA2,13456,1.97048796118789,0.0694126973265502,
FAM160B1,4552,1.08551139008076,0.0695019930627262,
HOPX,6121,0.874835234223368,0.0697288470696089,
MIA2,8096,-0.436145511620902,0.0698311038954485,
PITHD1,10074,0.976577838247041,0.0698442120841758,
METRNL,8020,-0.558707448025763,0.070362204369519,
BCL2A1,1331,-1.35852974544118,0.070485458439456,
FAM229A,4614,-1.37075747857908,0.0705416136969789,
R3HDM4,10953,-0.673301943492016,0.0706221625600938,
GBA,5214,-0.758075316461393,0.0706889985170998,
FAM72A,4647,-2.22907178968177,0.0707017948155375,
FMO3,4948,1.4897846452886,0.0707401071530449,
FAM98A,4672,0.920606825233095,0.0709375484163184,
TELO2,13657,-0.568987761528768,0.0710016794863725,
FZD5,5102,-1.09254034308149,0.071006772534418,
PEA15,9843,0.593531724913316,0.0710300830184708,
PCDHGC4,9711,0.765200024277067,0.0712580010239533,
AHDC1,423,1.4316682248704,0.0712622123370738,
CAPG,1885,-0.375626383626907,0.0712630901190654,0.509108680537265
TBC1D29P,13528,-1.58860047251844,0.0713011331486162,
IMPAD1,6587,0.726702290194114,0.0713222816477569,
CD276,2246,-0.722566685183386,0.0713359460143121,
CAMKK2,1872,0.452810903319904,0.0713495647774015,
ATE1,1068,1.83173680312624,0.071364690729423,
CALM3,1857,-0.747853606512595,0.0715241914054869,
GAS8,5199,-0.514551981110734,0.0716805106227417,
TNS3,14229,0.519873839690788,0.0716891703162013,
MCM7,7915,-0.640983606157861,0.0718652493349939,
G6PC,5111,4.17480602819294,0.0718970448404454,
AKT3,489,0.987304181453076,0.0720318174624095,
CDIP1,2364,1.37680711893503,0.0722204325649985,
DCAF4L1,3465,-2.19640590629822,0.0722683790960917,
RNF113A,11472,1.42737568866748,0.0723673042103077,
VWA5B2,15177,2.45759159995892,0.0723945471781654,
GABARAPL2,5121,0.321865203811894,0.0724099757695862,
BMP2,1427,-0.969923894684986,0.0725252530768218,
PTPRF,10868,-0.410844208095381,0.0728077836262425,0.509108680537265
PHLDB1,9975,0.59644799429032,0.0728741977727465,0.509108680537265
ZNF606,15911,1.64883763274515,0.0728779003921822,
ANKLE1,630,-5.23063193059185,0.0729100451416619,
AOAH,724,0.808957833198135,0.0729536189931998,
GOSR1,5492,0.504505953740539,0.0731725751200637,
ATG9A,1095,-0.721881913541131,0.0732568195014033,
TUB,14681,1.96177281960933,0.0733567131586154,
CXCL14,3306,1.11877652855392,0.0734126650193375,0.509108680537265
MCM6,7914,-1.62210411126559,0.073457956074212,
LRRC75B,7587,-0.734724232057306,0.0735405456960102,
CDC42EP5,2330,-1.17683474603494,0.0736082640552933,
MPST,8279,-0.368881222142214,0.0736302591320991,0.509108680537265
VN1R1,15110,3.17915192741685,0.0736535597364478,
RAD21,11050,0.444686877163163,0.0737410724202662,
DNAAF2,3744,0.925553922984111,0.0737523129301022,
ZNF502,15833,-1.21255253309787,0.0737794372039269,
IGLV3-16,6473,-3.53316994779984,0.0738153364295594,
COL11A1,2922,1.7932288117682,0.0739120559593533,
NMUR1,9018,3.01991525579296,0.0741427636189752,
LRIF1,7519,0.761104049321735,0.0741968857735258,
CXCL5,3311,-0.930230442403876,0.074276607601497,0.509108680537265
SH3RF3,12236,-1.6915551666783,0.0743577384278902,
CYB5RL,3344,-2.54920586665079,0.0743577764656062,
TTLL4,14670,-0.893852542255698,0.0745350617789095,
NEK9,8858,-0.629848496208192,0.0746855505236532,
CADM1,1840,1.03677513261701,0.0749328383652037,
DEDD2,3569,-0.823163994397834,0.0749403388081047,
C1R,1679,0.882380227414059,0.0749639153068699,0.509108680537265
AXIN1,1215,-0.526106830151297,0.0751854308367825,
PTPN2,10851,0.634094891599213,0.0752202103083224,
PLPP7,10232,2.86788290705052,0.0752715361649573,
ESPL1,4382,-2.38823382647465,0.0752791023813712,
HNRNPLL,6107,0.519642423359644,0.0754213616027332,
RAB3C,10998,2.01143736660003,0.0754629381936984,
MYO3B,8594,2.7497267581493,0.0754901433684191,
FAM171A1,4566,-1.59171962839507,0.0755465102671394,
C6ORF47,1761,-0.510783878880807,0.0756066051222715,
NCSTN,8763,0.533779622066971,0.0757723499520285,
PHLDA1,9972,0.811685166983673,0.0758427070441567,
ITPA,6770,-0.506966348483613,0.0760785756241626,
CD96,2301,1.23704258202203,0.0761942057925235,
ZNF443,15800,-1.22087189448008,0.0763356454441184,
CUTA,3286,0.287846944120782,0.0763736464776084,
OSR1,9457,1.59910089566854,0.0763939168177335,
SIGIRR,12283,-0.398529415133842,0.0764035541944214,0.509108680537265
ZC3H15,15478,-0.271634522118846,0.0764037143528891,
P2RY8,9506,1.07931579022187,0.076417510645583,
SMC3,12721,-0.448407154313502,0.0764587498801747,
TMEM184B,13997,-1.01748864243135,0.0765398425405785,
PANX1,9573,0.705532653501548,0.0765617063759748,
PRSS41,10706,5.16397524460708,0.0769020122665824,
LURAP1,7652,2.08613387491892,0.0769979363915256,
RBIS,11175,1.38828281971291,0.0770769173833551,
BCLAF1,1349,0.296016495467069,0.0770804850649819,0.509108680537265
ZNF324,15732,-0.655932301366836,0.0772397334839119,
CHP1,2639,-0.316923241245024,0.0772786081493577,0.509108680537265
SPAG8,12935,1.74676290636304,0.0775217406863384,
POP5,10382,-1.38830214864622,0.0775483559639015,
GRK4,5656,3.19533179947486,0.0775543895822246,
IFT43,6351,-0.76571727921001,0.0777324233407503,
RGS5,11367,1.18093192126975,0.077777743175864,
EXOSC6,4449,-1.40128484155923,0.0778070459857951,
ADGRF5,316,-2.4944083803438,0.0778710696693046,
ADAT3,285,-0.972311324530615,0.0779347273333051,
PFKP,9899,-0.706542144437713,0.0780338559579655,
RHBDD2,11374,-0.586385438118114,0.0780976820385624,
SNRPB2,12826,-2.12065360933935,0.0782482934203667,
SSR4,13134,0.335287190306299,0.078280473396004,0.509108680537265
LRRC15,7542,1.68178091291424,0.0783746176984974,
DNAH5,3756,-2.49573102336882,0.078488730628585,
PLPP4,10229,1.70125015763941,0.0785343290328187,
BCL3,1341,-0.499564684032009,0.0785717857809,
PTMS,10836,-5.12933784421825,0.0786056697671868,
OSBPL1A,9440,0.906444091849511,0.0786632389562931,
JADE2,6790,0.553931768961982,0.0786714408786104,
ZNF547,15862,-1.5903280307975,0.0788546858383464,
AQP1,819,-1.04410885572361,0.0789164725696493,
CLDN3,2743,-4.03874119352327,0.0789252777380704,
TRABD,14320,-0.30510155792213,0.0791031721679378,0.509108680537265
HNF1A,6084,-2.03832477081661,0.079137672348313,
MVP,8534,-0.23217532077268,0.0792804261355715,0.509108680537265
AIFM3,437,-2.58186937928534,0.079389649604733,
KIAA0825,6993,1.54102481436729,0.0793992644103112,
PLEKHA2,10176,0.776156985920169,0.0794513542775504,
RNPEPL1,11551,-0.587349506960949,0.0794710782594866,
SLC25A46,12459,1.29869134451937,0.0796044642376356,
FDX2,4816,-0.620965778544118,0.079657043264364,
APOBEC3C,792,0.353778973704073,0.0797262160121467,0.509108680537265
STX10,13263,-0.332708913906,0.0800340191091518,0.509108680537265
IL31RA,6554,3.07343080365022,0.080082378052514,
NAA50,8637,0.290410573431162,0.0801199534426675,0.509108680537265
ACMSD,170,3.64961056669757,0.0804995925381433,
STXBP1,13279,1.19704970645241,0.0806337059117159,
MAN1C1,7759,1.25200603208774,0.0807008197009443,
CCSER2,2205,0.536971303695977,0.0807487637219766,
NUDT7,9263,2.12288593209248,0.0809781229107693,
HLA-DRA,6041,0.543639163988828,0.0810249027523654,0.510836691571554
PDE4DIP,9782,0.884615302719349,0.0811103315464085,
SLC22A18,12405,1.43312394598113,0.0811194004787974,
CYB5R1,3340,0.663823278835875,0.0811411182583597,
SPIB,12989,1.75037024315201,0.0812071164498532,
ANP32B,705,0.392278709349056,0.0812384727671707,
USP32P2,14996,1.43926112701477,0.0812485671755664,
TEDC1,13648,-1.06158492287621,0.0812617618325397,
PLPPR4,10236,2.50015544167812,0.0812639701336279,
SLC23A1,12415,3.47541045493187,0.0816870687230863,
PEX1,9870,0.597954553110883,0.0817840033556553,
TNFSF12,14194,0.540746209641168,0.0817971532723906,
GOLGA6L22,5465,1.75969750858675,0.0821468247793478,
ALPK2,556,2.00040710771512,0.0822421468706205,
TREX2,14432,1.61186868785249,0.0823358835848233,
C2ORF92,1720,-1.79087021518851,0.0823772045522564,
ARHGAP20,866,2.12193889301015,0.0824625678417775,
ADGRG1,317,0.676041617523493,0.0825031890702365,
NXN,9306,0.976057182952855,0.0825228548424379,
ASTL,1055,-3.14171712817578,0.0825845534570521,
ALPG,553,-2.13400984160273,0.0827949127642636,
COL21A1,2933,1.63537982519899,0.0828992045597374,
ANKHD1-EIF4EBP3,627,-0.604575310678975,0.0831102727578045,
SERPINA3,12106,-0.994899451285177,0.0831919697332922,0.520433485075711
LMNB1,7454,-1.01833410656286,0.0832347715406617,
CDH11,2347,0.819339587208965,0.0834449940654826,
ZNF208,15661,1.32693560170577,0.0835878359306059,
SNX2,12853,0.693626906651987,0.0836153143431364,
TRAV20,14369,-2.39031700452958,0.0836178940381415,
PPP2R5D,10508,0.934070256239177,0.0836704856190857,
VCPKMT,15075,-1.24337834179223,0.0837348891884422,
ATP8B2,1177,1.10627234294934,0.0837724242695764,
GSK3B,5681,0.531232770256279,0.0837914438072396,
NUTM2A,9299,-1.86498391615808,0.084152197003355,
MFAP4,8052,1.33825094867665,0.0841530415742893,
NR1D2,9130,0.604698225072771,0.0842148537387498,
PLPPR1,10233,3.53179405960878,0.0843633583878795,
SPINT1,13001,-0.454648347914013,0.0843888411981528,0.523859960360841
PPP1CA,10453,-0.400104407459385,0.0846634605488039,
SRM,13084,-1.05995383145352,0.0846662938410351,
FZR1,5106,-1.34006711922058,0.0847242253307012,
TMEM169,13978,-1.70997147208862,0.0847271871735122,
DNPEP,3824,0.251036573530642,0.0847471760786338,
TREML2,14429,-2.29286580299751,0.0849410600363531,
SLC44A4,12580,-0.818267855458253,0.085012772936771,
REEP6,11273,1.44066547182533,0.0850944717556951,
PVALB,10903,-2.34263158614897,0.0851709202960653,
HNRNPCL1,6097,-1.72069393738135,0.0851827178604644,
NFIX,8900,0.514182704838069,0.0852762277596611,0.52532760154234
STUB1,13261,-1.22964896960148,0.0854270715463553,
NUF2,9266,-2.06513421981828,0.0856522136505415,
PARP6,9610,1.20026994661995,0.0856665459049586,
PHF23,9958,-0.540049242427423,0.085792837358869,
PRKACB,10587,1.11488734072447,0.0858410683789807,
ZSWIM5,16123,-1.95295432064127,0.0859367187653871,
RPS15A,11657,1.02981242549358,0.0860692877195442,
SPATS2,12961,0.835084197274995,0.0861599246636751,
CCND1,2167,-0.795441994640195,0.0862693325643519,
GSTM2,5695,1.2383505184921,0.0863222640561245,
CNPY4,2884,1.42893669079934,0.0863402001334518,
KCNA6,6867,1.89995997160107,0.0865125316835729,
DOCK1,3830,-0.379784276236228,0.0865156459397173,
HSFX2,6214,2.66952448402449,0.0865727229395632,
EXD2,4426,2.10770866039879,0.0866481101700522,
FGF20,4855,-4.99635603770919,0.0867058345574443,
CDPF1,2411,-1.48345066757061,0.0870794722245593,
TCF7,13604,1.34275781988767,0.0871454656058995,
DDB1,3511,0.447546852659136,0.0871721033626054,
HIST2H2BF,6010,-0.840849152184705,0.0871884169600088,
C1ORF56,1662,2.53602120196335,0.0872103478410408,
ENC1,4242,-0.584208999899767,0.0873291649289225,
SLC48A1,12589,1.18485817795963,0.087389733179432,
SPRR2A,13028,-3.31712122606076,0.0875487689830731,
TBRG4,13561,-0.71231365087912,0.0876328801671478,
PTPN3,10856,-0.59565908468812,0.0877171070623453,
MARVELD3,7855,-0.781783219564603,0.0880507451057071,
TCEAL9,13591,0.366479436940379,0.0880594284807481,
PARP1,9600,0.387686644108945,0.0881677815988644,
ANKRD13D,642,-0.406862090608644,0.0883376541388241,
NDUFA2,8783,0.557736663175663,0.0883731470425451,
ZNF763,16012,-0.419745659306736,0.0883769461989151,
GSTA4,5690,1.52306794923575,0.0884798603494954,
IGFBP7,6375,0.857397112244599,0.0884828681830459,
CHGB,2613,1.98462766764089,0.0886530957016378,
CTTNBP2,3270,2.03487225488273,0.0887011789420818,
MFGE8,8055,0.652997431411282,0.0887174597887883,
VLDLR,15105,0.897480586439146,0.0887349738120898,
KRTCAP3,7223,-0.954899141603792,0.0890014583472738,
SEC62,12021,-1.7753603834065,0.0890251929139432,
NPY,9121,3.63860504542123,0.0890537731864808,
ADAM28,249,-0.53084938299352,0.0890842644533848,0.537790772613325
TMEM238,14036,-0.425502495227935,0.0892105419270144,0.537790772613325
GABRB1,5128,4.71598791703817,0.0892113071456176,
TSPAN15,14586,-0.422279233752841,0.0893886559778525,
FBXO17,4746,1.21892223810427,0.0894327307735582,
CD22,2238,-1.27228199467933,0.0894788828391834,
DPYS,3884,-2.23952580336907,0.0894940008344916,
BMPR1A,1437,0.901410326978644,0.089504902067589,
EIF5A,4165,-0.367687366677757,0.0895788102990143,0.537790772613325
GPR183,5569,0.843958887341084,0.0896326151294732,
BAZ2A,1295,0.367610316371384,0.0899649991360581,0.537790772613325
SCNM1,11943,-1.46065812888831,0.0901599872665913,
CSPG5,3193,-3.05704909028171,0.0901676288450581,
WASHC2A,15194,0.577449178726747,0.0902380064537911,
FAM168B,4564,0.281208347385572,0.0902651783309393,
LHFPL5,7373,4.94330496600286,0.0903286212722079,
FAM210A,4598,2.42384396345148,0.090366234215175,
MSI1,8410,-1.72532746744818,0.0903808345465069,
RBM14,11183,-0.471461548880476,0.0904914458491578,
KCNQ3,6921,-1.44596125850497,0.0905759042468694,
PROCA1,10627,1.51492716582096,0.0906418434543045,
SLC25A25,12438,0.655076454901957,0.0908406262763502,
PLD3,10168,0.368065149681534,0.0908690999412832,
GRM3,5659,-1.33525577179036,0.0912373496725258,
TRIM56,14485,-0.372240768751921,0.0913596716369228,
RUNX1T1,11783,1.79088926502801,0.0914370222168354,
ADH1B,329,1.11876701771851,0.091491499972579,
ADGRF1,312,-1.41867075531584,0.0915453960509141,
MRPS12,8359,-0.740771605302016,0.0916542210535863,
STK11IP,13213,-0.897937298807064,0.0916773769651312,
CENPO,2472,-3.20517759731247,0.0919256725092135,
MID1IP1,8111,-0.603135912228662,0.0922019156799087,
TLL1,13856,2.30260993515922,0.0925312730652968,
LYN,7672,-0.924964270044406,0.0925725952276563,
GP6,5500,-2.37105924848119,0.0926018787345898,
PHC2,9941,-0.5383919006717,0.0926758871045724,
TUBA1B,14683,1.05106724243132,0.0927054518985222,
ZNF431,15790,0.931652599636875,0.0927152367112186,
TMEM130,13943,2.60590549558437,0.0927343578036807,
GBF1,5217,0.473343764488497,0.0928021550421778,
KIF26A,7041,-3.77951321744963,0.0928425561099104,
ZMYND8,15610,-0.707196466362924,0.0928502517253648,
SLC16A7,12383,1.97751576090782,0.0930569337304086,
SPATA6L,12956,-0.99311209646818,0.0930648092017392,
POLI,10331,1.1962095324058,0.0935155801963775,
PUS3,10899,2.14361116352854,0.0935776626080803,
RERG,11296,0.881120198886667,0.0935908483002407,
KLHL30,7125,-1.61934363636612,0.0935955775261243,
LOXHD1,7484,-3.13453482604228,0.0936723715560109,
IGLV3-1,6471,1.73236954599273,0.0939578112118329,
STXBP2,13280,0.470104395226866,0.0939581331790541,
ST3GAL2,13150,-1.24956511830619,0.0939641205704415,
PHYHIPL,9989,2.91192703736011,0.094151769031701,
MKX,8157,2.90433218171062,0.0943345907028035,
UTS2,15039,-2.69951906353141,0.0943473432008812,
STOM,13239,0.463633383046532,0.0943586129515715,
CEACAM1,2425,-1.67103168014436,0.0945016269377646,
LTO1,7646,-1.05312359651232,0.0945131983813775,
PAICS,9545,0.935886289427229,0.0947619243139343,
SHC2,12246,-0.795187019709172,0.0947920494765635,
CKLF,2712,-0.364144413920897,0.0948455597097975,
NR3C2,9143,2.66663200538051,0.0951025920086132,
CCL3,2145,-1.4000107973389,0.0952163537004685,
ZNF585A,15896,0.8570834083038,0.0953562895055188,
DCHS2,3477,4.51001058815327,0.0953894042396724,
RPUSD3,11699,-1.41326304921973,0.0954828239215891,
KIFC3,7058,-0.81253028159216,0.0955770908173152,
DOCK11,3832,0.832934678254386,0.0957207859965307,
ITGA11,6732,0.945576749354628,0.0957295021517321,
CDSN,2418,2.99005959657246,0.095892471591016,
FBXL13,4726,-1.4777288038556,0.0959402385569869,
ERVMER34-1,4375,-2.73584481820921,0.0960158723062814,
PCNT,9733,-1.33257646686962,0.0961005406057526,
MERTK,8012,0.896954491390855,0.0963442103407338,
C17ORF67,1616,2.3496145024696,0.096491631902304,
TRBV7-2,14417,1.72726802448331,0.0965698585419893,
MGAT4A,8083,0.383085278199688,0.0966683068376547,
ANO4,697,3.80320836933857,0.0967769608721903,
HSPB8,6238,1.21835808226067,0.0967877316603629,
RTN4R,11766,-2.28716433148463,0.0968414226345682,
DPP6,3872,2.00705437642033,0.0969239037764844,
ANKRD2,647,2.55059150360448,0.0969909390912644,
FDPS,4814,-0.618028178830455,0.097121566229531,
LUZP1,7654,0.394536835766663,0.0971694805202683,
AKR1C4,479,0.949054853048548,0.0971761903536248,
ONECUT1,9376,-1.5465372100829,0.0971766471651129,
DSCAML1,3905,2.86611055182272,0.0972531926256134,
NOX4,9069,1.32314708934726,0.0973774331330919,
RNF44,11539,-0.364561565131188,0.097438250104892,0.568471563570057
OGT,9358,0.405997084591681,0.0975205560724852,0.568471563570057
CPQ,3072,1.06697629003872,0.0976883735542344,
MAF,7717,0.397434336918318,0.0977018778982846,
MTMR11,8476,-0.468485690670874,0.0978715873957989,
NALCN,8665,1.78305124290216,0.0980725361094033,
RAB15,10965,1.41891020019156,0.0981192305429221,
FIG4,4890,2.13843700380662,0.0982695395582237,
SYCP2L,13362,2.27173672881393,0.098270159629937,
SPANXN1,12937,1.61445997694648,0.0982849590610606,
KLF5,7091,-0.54342132894024,0.0983487727924442,0.568471563570057
CD164,2223,0.980618445496582,0.0984276187162098,
RAD50,11053,0.285347686380149,0.0985481577587382,0.568471563570057
MPZL2,8285,-0.496365604667883,0.0986196021063296,0.568471563570057
ID1,6296,-0.530512144977356,0.0987457290386381,
CD36,2260,1.37189123590062,0.0989241584092184,
DOCK10,3831,1.81999999363073,0.0990747494915946,
TM7SF3,13883,0.494537997882756,0.0995080355360063,
FLCN,4921,0.51139181399651,0.0995138627598031,
IL1RN,6539,-1.06691229058787,0.0995218769715655,
DDX54,3557,1.32097289508251,0.099719585749793,
ADAMTS4,268,-1.71560925480438,0.0998958414912359,
BACH1,1263,-1.20330774093837,0.0999110589449334,
RAPGEF5,11112,-0.750512000767672,0.0999972753308706,
ELAVL4,4174,2.01275028933029,0.100096501561473,
FBLN5,4717,1.26830767116386,0.100117497509149,
TMUB2,14156,1.0467131430223,0.100200481817537,
HACD1,5787,3.51895948933476,0.100237764160941,
CYTH2,3407,-0.348084688361789,0.100333615051596,0.574249839337857
FKBP2,4909,-0.474953229230327,0.100384538637044,
CHCHD10,2590,-0.399289447677207,0.100774217778199,
UQCR10,14943,-0.440603413012579,0.100834573233785,
FREM1,5024,1.54552005613796,0.100863746364038,
HIST1H4C,5996,-0.424280636174247,0.100890698990114,
MED13L,7961,0.368120836835061,0.101007610562838,
CSF2,3171,-2.53334613709991,0.101059706514731,
TUBE1,14697,2.47473131113566,0.101370790137887,
CDK2AP2,2381,-0.624780120976046,0.101401869164086,
MANBAL,7766,-0.334269094321597,0.101435545989585,
TMEM208,14019,-0.347860849010161,0.101487016325806,
ABTB2,116,2.11410749856694,0.101572965931593,
RFTN1,11325,0.795838431734018,0.101601850964891,
KRT13,7192,-2.05365857528128,0.101901894366225,
WBP1,15200,-0.495788647049532,0.102033869563296,
WFS1,15282,0.799142166758499,0.10207683415852,
GTF2H5,5720,1.30933492309999,0.102099155760528,
FXYD2,5086,3.37732395474106,0.102157014638213,
TBC1D32,13532,-1.64535774758427,0.102184521688586,
RPL38,11625,-0.433455534115282,0.102240419237866,0.577939003816765
FUT3,5074,-0.853255753694647,0.102278433068579,
RGS16,11358,1.41179644244149,0.102387319666069,
CCRL2,2201,-1.11214270778881,0.102409737134272,
CATSPERE,1962,2.36201235399563,0.102419544204681,
PKMYT1,10103,-2.1171222726774,0.102421670721828,
ACSS3,208,4.76597242621037,0.102624998435085,
CHI3L1,2614,-1.00396645672037,0.102738676215766,
TLX1,13870,-3.6506378129746,0.102944034688199,
ZNF559,15872,0.45797122827135,0.102966798257865,
SFRP2,12170,1.00304212838834,0.103009539136218,0.577939003816765
CTNNB1,3241,0.233216892288416,0.103126662391096,0.577939003816765
SYCE3,13359,-2.18373627470546,0.103295904388967,
CLRN1,2812,-1.25748773988334,0.103427942813306,
FAM214A,4600,0.759848165239935,0.103506977250617,
BAIAP2L2,1277,-0.745485437241766,0.103506986462365,
DNAJC24,3789,-1.77308588977613,0.103596456238802,
RAB3GAP1,11000,0.477888634586184,0.103616650369254,
NCF1,8737,-0.932937576550652,0.103631808986542,
TRPV1,14549,1.62556930814459,0.103651994327147,
HCCS,5837,0.571867687646875,0.103851214678614,
RAB14,10964,0.667391240026593,0.103930121762332,
TVP23B,14716,1.95392913314376,0.10394267683095,
AFF3,375,1.9342723557638,0.10396971469851,
RGSL1,11372,-2.80980916932224,0.104209803010321,
ADNP,343,0.408875271779554,0.104271863228757,
TST,14615,-0.541137029291933,0.104365620819417,
SLC39A11,12558,-0.7078509876022,0.104594669596696,
AGFG2,395,-0.506125614412311,0.104722518396669,
C3ORF52,1727,-0.479705596687113,0.104770822424823,
RBFOX1,11172,-1.25047823854544,0.104799630255804,
STAM2,13175,0.473712677341043,0.104821416361337,
C19ORF57,1636,-2.14791416248554,0.104932750768586,
LRRC4B,7572,-4.54067347962055,0.105042362540466,
RNF130,11482,0.455011052375861,0.105048529105374,
HSD17B14,6197,1.2240671894968,0.105303437506303,
GAREM2,5188,1.26061272417337,0.105385349035775,
SCGN,11924,2.02265211072245,0.105404166632214,
PDLIM3,9816,1.18850152088236,0.105509786319512,
CAPN8,1898,-0.841881077901761,0.105558042024911,
RNF212,11517,3.3164820835556,0.105599804447086,
PRR15,10665,-0.609417462071764,0.105637667804692,
PDZK1IP1,9840,-0.590207998432895,0.105700270813252,
TUFM,14704,-0.214982938902685,0.105854195855306,0.58368658318682
HIST2H2AA4,6006,-0.487030292685669,0.105897029465624,
ZNF790,16039,2.39514570875137,0.106032273644685,
RAB9B,11027,1.36979189967237,0.106195133176999,
UBE2Q2,14809,0.828064599099668,0.106246682104444,
ADIPOR2,337,0.513739422583542,0.106312253723755,
SDR16C5,11990,-0.837218419017131,0.106527976386487,
TNFRSF12A,14177,-0.398305516317598,0.106656268899792,
RPLP2,11638,-0.298820650234056,0.106884895301362,0.58368658318682
SNX4,12864,0.330751301558809,0.106941258221056,
NMU,9017,-1.75252708136808,0.106951036158855,
PDCD4,9762,0.674284659666639,0.106960743835503,
GCLM,5239,0.486551591510939,0.106986010944628,
PRSS45P,10707,2.49893843143926,0.107087698914556,
CEP68,2506,0.356902440209143,0.107132987876691,
SH3D21,12227,-0.679499758338798,0.107137473157457,
PSMC3IP,10757,-0.842650422201139,0.10726302124565,
SLC26A9,12474,-1.30878824022688,0.107335268576849,
SLC66A3,12615,0.559338048271894,0.107597300746351,
KLKB1,7149,1.85390265800038,0.107624104006365,
MOCOS,8224,-1.27934815894844,0.107764341445944,
TP53AIP1,14271,-2.31756560986476,0.107774308973083,
SERPINB3,12112,-2.22860463976215,0.107850571505049,
EVC,4416,1.23959742400422,0.107932884526354,
MRPS5,8380,-0.299188852085199,0.108092581490215,
NUDT6,9262,1.52537919858753,0.108210691267999,
DDO,3522,2.49397843686323,0.10831621270496,
PPM1E,10444,3.4074366066903,0.108325836848761,
YIPF3,15383,-0.380960903925214,0.108348157491547,
ATAD3B,1064,-0.507536594928297,0.108424146895245,
DIPK1A,3682,1.2682288311067,0.108441141524129,
CBY1,1999,1.32974580796048,0.108482829299826,
BAG2,1267,0.985700020418163,0.108513615697574,
RBP4,11224,1.21122148074277,0.108542191880164,
SGMS2,12194,1.3469867606685,0.108601575024384,
SYNDIG1,13373,1.34800941894801,0.108735233558592,
CP,3041,-1.39269697855919,0.108973552315584,
TIMP3,13824,1.02132387905935,0.108993243838024,0.58368658318682
SEMA6B,12062,-1.01186621545348,0.109030159807605,
IGHV4-28,6428,3.3594094136604,0.109040122964549,
CD82,2292,-0.373019833395827,0.109209096440112,0.58368658318682
MTMR7,8483,2.95949762740808,0.109423046330481,
RTL6,11757,-1.22682397565739,0.109433009803396,
NPIPB13,9097,-0.279297238158773,0.109532250681989,0.58368658318682
HCAR1,5834,-2.99787567294259,0.109549755637977,
PPID,10428,1.26120773934506,0.109772348712574,
RHEB,11382,-0.248170017070205,0.109988120763682,0.58368658318682
EIF2S2,4133,0.796817163156081,0.110055178608575,
SAMD1,11840,-0.609737040697388,0.110142265976971,
PGRMC2,9932,0.594803699589835,0.110222846779093,
EPYC,4328,2.52240992354532,0.110249534353752,
MMP12,8186,-0.989283121374709,0.110269351521915,
MDH2,7940,-0.373106630588294,0.1103546843733,
RHOBTB1,11388,0.864480155498038,0.110397500973289,
CTSK,3262,0.837549549205203,0.110424803975676,0.58368658318682
RGS1,11352,1.5847403066531,0.110598803112704,
RIOK3,11429,-0.4370557699783,0.110674295479526,0.58368658318682
KIAA0556,6990,-0.303666813118404,0.110844185905094,
CRTAC1,3140,2.05041611859378,0.110904164270098,
GNAL,5422,3.21549813965763,0.110945378477951,
TSGA10,14569,1.32713667204467,0.110962832673819,
NPC1L1,9079,-4.65022365681799,0.110982535482976,
C1QTNF6,1675,-1.18098042361563,0.111132115114319,
NPIPB5,9101,-0.271073701427546,0.111170364846485,0.58368658318682
IKZF1,6503,0.829911134181333,0.111190842140469,
KAT5,6843,1.10437590187914,0.111369591380411,
PKP4,10112,-0.355834361780858,0.111385048092652,0.58368658318682
LRRC61,7579,-1.64542651051192,0.111439693940343,
REEP2,11269,1.55224870424239,0.111560345569076,
SWI5,13352,1.03905185831679,0.111615336495864,
ROR2,11565,1.17723267715407,0.111641730226471,
PKHD1L1,10098,4.64448006663263,0.111716715770219,
ANAPC2,602,-0.493658623719015,0.111763449878146,
ARL6IP6,954,-0.794502625691754,0.111876108117428,
MRAP2,8288,-1.28674713975822,0.111975325293488,
SSPN,13129,0.979319929391709,0.112003311258234,
TOB2,14234,-2.35884204118758,0.112057902687763,
FOXO3,5004,0.569933687697696,0.112399534555225,
GRID1,5643,1.4027466543214,0.112594778697664,
RGR,11351,3.56956780530263,0.112738505144024,
OR2L5,9401,3.36052096175436,0.11274140816681,
SGPL1,12197,0.61333110779764,0.112770228244238,
CFAP58,2551,3.84664967940983,0.112773033548736,
C6ORF15,1757,3.97798773971603,0.112783845965485,
CD177,2225,4.63049885752579,0.112802596465663,
HKDC1,6028,-1.201683201667,0.112875446836261,
MLPH,8169,-0.49080755971277,0.112881722515452,0.587713226257872
PDLIM2,9815,0.503890457620702,0.112989878284681,
H1F0,5768,-0.459770200862934,0.113075435517608,
ARL2BP,943,0.392872334579845,0.113192601369887,
WNT7B,15306,-1.69994474246373,0.113293385924411,
STAT3,13192,0.296527413513677,0.113414397963926,
ANO5,698,4.21239117902055,0.113543929040577,
NUS1,9296,-1.48774359487842,0.113616537309043,
GBP5,5223,-0.917202957339955,0.113721477327433,
TXNRD1,14743,0.501931511373367,0.113991714946074,
TBC1D5,13537,0.346000922822305,0.114013426713923,
FUT6,5077,-0.727013715151933,0.114120383663095,
GFI1B,5282,3.92192505382813,0.114133367038434,
LRCH4,7512,-0.433858895067839,0.114239155726928,
SLC25A13,12426,0.740954035562227,0.114354091566334,
CDC25C,2315,-1.91776562631711,0.114446600197791,
HRAS,6172,-0.308263580619939,0.114740293209937,
ICA1L,6284,1.85011287134301,0.114831654831245,
LY6G6C,7663,1.64612112218228,0.114836433209051,
PPP1R13B,10461,-0.67248133792113,0.11509513910441,
CNTROB,2900,0.31312892635014,0.115280775240437,
LDLR,7322,-0.461344299907367,0.115352856761744,0.589810735867561
AKR1B10,475,-0.740542313874291,0.115387391269346,
SEPTIN4,12083,1.50216316152342,0.115400828290015,
EIF3L,4148,0.422338549820812,0.11560332602856,
COL10A1,2921,1.01931936573044,0.115714661325501,
SLC16A9,12384,1.67793840172634,0.115726694081029,
MRPS18C,8366,-0.874877186862321,0.115765531228605,
CCDC124,2023,0.211650590981494,0.115959874340858,
MSN,8419,0.324227061484592,0.115991626629041,
AMOTL1,580,0.624853838604711,0.116005847681875,
CYP1A1,3357,4.04746015757479,0.116087746127693,
TMEM165,13974,-0.490021803635086,0.116122646433715,
CGGBP1,2576,-1.18953009194165,0.116158061302865,
KMT5B,7165,0.526511778773928,0.116244168316242,
LMOD1,7462,1.34454901695129,0.116345391125638,
TBC1D2B,13529,0.411432729913859,0.116390837498929,
CRY1,3146,0.812366569228801,0.11640327934972,
TNRC18,14223,-0.274706679068124,0.116458198494941,
ITGB3BP,6753,3.4852748701382,0.116588190124268,
TATDN1,13502,1.0188392269559,0.11689318046197,
CDH3,2356,-1.11092630072829,0.116906384236588,
ZFHX3,15539,0.825541077818643,0.116909128085721,
CXCL17,3308,-1.02946145304113,0.11693192230713,
FAM172A,4569,0.520961948559416,0.116948009655021,
NPIPA1,9091,-0.617094335635453,0.116974163736796,
ERO1A,4368,-0.420461685919874,0.117046521050067,0.589810735867561
ZBED3,15417,-1.15108135941683,0.117065976037769,
SNX22,12856,3.30177107736548,0.117101061278679,
SLMAP,12684,0.420538669203294,0.11717974618429,0.589810735867561
ZFP36L1,15547,0.681702418686686,0.117263668432609,
CMC4,2832,0.67986199133754,0.11727447331901,
ALDH16A1,501,-0.368189600208606,0.117319525866387,
MYCL,8556,1.57403766997468,0.117348193300286,
PICALM,10004,0.261362777638467,0.117356210813254,0.589810735867561
GSTM3,5696,1.47900856359901,0.117395690577076,
NOMO3,9045,-0.284476514689422,0.117412352910976,0.589810735867561
PRKCH,10599,1.35677587164724,0.117582785854847,
PLIN3,10211,-0.677598093838175,0.117584241979273,
PEBP1,9847,0.540192842852203,0.117592216438605,
SLC35A5,12519,0.680365345061784,0.117674504553092,
SMOX,12768,-0.726008965606512,0.117701369664479,
PAGR1,9543,0.403226871032119,0.117781571407693,0.589810735867561
DHCR24,3631,-0.499543837306284,0.11782180807328,
FIZ1,4900,-1.18177918448022,0.117849984863646,
KSR2,7225,4.56572868590345,0.117942194372563,
FAM110B,4508,1.82454553792119,0.11796968996144,
MAP3K20,7796,1.02768897783669,0.118011306618592,
ZNF25,15687,0.815472901048739,0.118063783631779,
ZNF701,15977,0.796337369111928,0.118153293786344,
RASSF8,11155,0.880777593484031,0.118188669815026,
ZC3H6,15482,0.642110356976344,0.118287859117795,
PIGL,10019,0.605072105537209,0.11831269169974,
DDX39A,3543,-0.624315649815875,0.118413770940769,
NEGR1,8844,1.27711043753303,0.118686912580922,
PKN3,10106,-1.73092182196263,0.11881690964665,
PRPF4B,10651,0.388800356777633,0.118840371023744,
MAP6,7812,1.7620202292026,0.118849165408647,
CDC5L,2334,0.421685660088612,0.118928462023075,
SMARCE1,12718,0.248953685405368,0.119017641202806,0.589810735867561
FOXO4,5005,-0.64320495710834,0.11908469073776,
SP3,12919,0.612131165197076,0.119117566536246,
CPTP,3085,-1.71134758627446,0.11911900889664,
CALD1,1850,0.586978473208111,0.119131536488739,0.589810735867561
RANBP3L,11095,2.80271679734212,0.119152523819484,
GTF3C2,5727,0.357042883479291,0.119174551090972,
CRISPLD1,3126,3.44547615016457,0.11928796839914,
ITPKC,6773,0.60236443607639,0.119368326748902,
ENPEP,4259,1.40002949558806,0.119521841179797,
MXRA7,8542,0.808623792876632,0.119533318809197,
EDN3,4039,1.10519722571204,0.1195611414886,
ERG28,4349,-0.533954213092109,0.1197880540723,
PNKP,10275,-0.398945527355832,0.119875901691453,
CTDNEP1,3226,0.265969727749402,0.119877974416002,0.589872799211802
ZNF43,15789,0.776846265949603,0.120232301899562,
HHIPL1,5929,2.13798797678089,0.120248251162834,
ZNF682,15961,-3.17315743984777,0.120312890592069,
MAFB,7720,0.645921924461514,0.120778075160203,
FNTA,4968,0.394408648154177,0.120781350030659,
B4GALT4,1250,-0.776772138268923,0.121038123947113,
NOX1,9067,2.01020827806458,0.121043193594635,
B9D1,1254,1.52519269462017,0.121411314148467,
TTC4,14650,-0.650003910264486,0.121467787261936,
VPS37A,15135,0.490199571239624,0.121703948742999,
EIF4H,4163,-0.465250833775718,0.121706687617522,
FGF14,4851,2.41555893817794,0.121708406486001,
PLAAT5,10135,-3.03456338171044,0.121837743951999,
SNTG2,12837,4.51772421475983,0.12186878210219,
LIPH,7434,-0.695179110220745,0.121879919473165,
HDX,5868,1.57814099286908,0.121898708027076,
KBTBD2,6856,-0.296016870282284,0.12224311691156,0.589872799211802
NEDD8,8839,-0.318004310083438,0.122293179145643,0.589872799211802
ACACB,138,0.873622366113541,0.122642812018268,
H3F3C,5782,-0.310021849381744,0.122693118988092,
EPCAM,4294,-0.468657861308392,0.122697681931152,0.589872799211802
THUMPD2,13782,0.876871843737685,0.122742851729616,
DEGS2,3577,-1.22911011116879,0.12279759624222,
AGAP9,390,-0.380170418386362,0.122798798348925,0.589872799211802
UNC13B,14916,-0.682633853267573,0.122818702199401,
HABP4,5786,0.730648717307252,0.122938659089639,
B3GNT4,1236,2.75811185253198,0.123015922179238,
NEB,8826,-2.00409367214567,0.123030600418213,
RO60,11553,0.477308790260321,0.123060130243353,
ENO4,4254,2.39324913064014,0.1230608678709,
FAM207A,4592,-1.19065733955102,0.123454776953228,
LRCH3,7511,0.66279026426353,0.123575960314902,
ZNF404,15773,4.49606626949517,0.123673499470148,
CFC1B,2558,1.98678579295826,0.123774075782784,
PTGES2,10817,-0.525281463960645,0.123807729887403,
CHN2,2637,1.41597242410981,0.123813988398359,
AGAP4,387,-0.460458338792351,0.123987239785093,
FIS1,4897,0.412177705313689,0.123998326957649,
CEP72,2508,-0.686712143323894,0.124101730823418,
KCNQ5,6923,2.38496051462133,0.124178301215162,
INO80C,6612,-0.667595590955637,0.124182919540939,
SMG5,12732,-0.382731232410594,0.12423877712513,
RNF4,11535,-0.69019954752566,0.124255890099025,
CARD17,1912,2.32227247654901,0.124332054188544,
PROK2,10632,-1.68408914653038,0.12438679057606,
MRPS31,8376,0.825606643544196,0.124573587545622,
PPP4C,10514,-0.486251045292795,0.124585303897154,
MAGEL2,7731,2.73410451346512,0.12464212570057,
ID4,6299,3.99055297140295,0.124654120095776,
SMCO3,12727,4.15400734932938,0.124684296976284,
KLHL13,7109,1.35006894441723,0.124959943932368,
GASK1A,5200,1.39406285651365,0.125026022144986,
CKB,2711,2.29549340100241,0.125264198718873,
NR2F1,9139,0.991548061787992,0.125271908169885,
MED20,7969,-0.827272426130341,0.125311616634353,
AMOTL2,581,0.581216049451318,0.125312397109143,
FNDC3A,4962,0.242027230124592,0.125456227696009,0.590337146625918
MYPOP,8611,-1.402939943303,0.125580348960059,
ISLR,6718,1.12892360550287,0.125666579421269,
FAM83E,4658,-0.58794747499133,0.125823059113157,
OR13A1,9389,-2.46406004175181,0.125900318152862,
FXR1,5083,1.1225941337714,0.125958125683979,
PTS,10885,0.418339191184415,0.126064242493325,
SVEP1,13346,1.25186133786455,0.126086051461087,
KDELR1,6949,0.370092053900696,0.126155708250183,0.590337146625918
AIG1,438,0.524401944723395,0.12620484236779,
MMP25,8198,-1.9136244357744,0.126208635392925,
TMC5,13893,-0.844541662430378,0.126222275690155,
KHNYN,6981,-0.692792560302427,0.126262742613274,
ZNF418,15782,-1.40759791923425,0.126389968882129,
SPPL2B,13020,-1.10952125262656,0.126638196677251,
SPPL2A,13019,0.202850866723948,0.126694097132369,0.590337146625918
CABP4,1816,-1.10828058333653,0.126731667485712,
SLC24A3,12420,1.07183538648164,0.126772420288315,
TMEM63A,14097,-0.510202045392852,0.126811906892202,
CFAP54,2549,1.86904597803704,0.126827078949731,
LIFR,7383,1.32158463781564,0.126904400203346,
PTRHD1,10884,3.08041495872292,0.126952562736892,
EPHX1,4310,0.491007624011622,0.127109230290708,
DHH,3637,-2.11031664251044,0.127318328106779,
CCN2,2155,0.872508860402223,0.127400475503609,0.590337146625918
RUSC2,11788,0.902306977958168,0.127414384238116,
MMGT1,8182,0.686639796233685,0.12752389975722,
KCNE3,6878,-1.27591401797733,0.12752626443426,
NPC1,9078,-0.727433467630366,0.127675141123644,
ARL15,937,0.555836731922776,0.127772198565227,
FOXP1,5007,0.334454313748102,0.127786992579748,
IGLV9-49,6487,2.13856126556922,0.127918886168705,
HSDL2,6208,0.536451087752276,0.127994872723647,
OSGEP,9451,-0.589343482193687,0.128063617319448,
TSPO,14601,-0.388560387515565,0.128195017609454,
TNIP3,14206,-1.91623669389919,0.128324710633385,
EFCAB10,4062,2.67355587204353,0.128466344140175,
CGRRF1,2580,4.4387739400976,0.128548343627134,
PHACTR4,9936,0.697115647261761,0.128605318181563,
IGSF8,6495,-0.814465793140822,0.128619731703828,
CORO1C,3012,0.587924906599116,0.128621758556027,
ABI1,99,-0.232197604023491,0.128660227404838,0.590337146625918
ZNF66,15944,1.64118899811325,0.128720672416074,
NEURL1,8875,1.93383947068901,0.128821093404672,
DTNA,3920,0.957155905326564,0.128830738977938,
KANSL3,6839,0.586911220869494,0.128863461294935,
YTHDF3,15403,0.240305532788209,0.128933505556405,0.590337146625918
ZNF514,15842,0.317155486605506,0.128970682532044,
SLC12A6,12360,-0.550333944284228,0.129015673404969,
FOXK2,4998,0.606655724707409,0.129096914258659,
SLC25A39,12452,-0.458169434057202,0.129311091582474,0.590337146625918
VAMP7,15051,0.439749341093324,0.129406566893086,
CDKL3,2397,3.53402930489956,0.129443418624415,
ARC,836,-2.15720257226816,0.12968090772656,
GNPTG,5453,0.445759039228948,0.129748609412473,
ARL9,957,2.87111630221546,0.129788579121987,
PLEKHN1,10203,-0.494534007121102,0.129956413726513,
BBS10,1302,1.4931905311881,0.129961691993788,
RNASEH2C,11463,-0.435276948090146,0.129977177064909,
KRR1,7190,0.856986352243696,0.129990457396499,
ASPG,1044,1.99612575590207,0.130015341385101,
IKBKB,6500,0.966018732665655,0.130068155552831,
CD9,2299,-0.372228849558151,0.130090537719153,0.590337146625918
DEPP1,3601,0.813966440131306,0.130090744070277,
MAN1A1,7756,0.581417510205996,0.130126207707766,
UBE2L3,14802,0.834632374955857,0.13013109233934,
CADPS2,1845,0.747295260314654,0.13014395177773,
SLC9B1,12654,3.46896829307118,0.130187091220919,
FAAH2,4481,-0.743335873100895,0.130196247892522,
SCG2,11919,1.32373626426274,0.130244751147481,
HECTD3,5880,-0.418148986723734,0.130255117514292,
TSPYL5,14607,1.22361416349045,0.130372775945029,
AMY2B,592,-0.62777657769193,0.130455933874087,
NTMT1,9218,-0.66061504793905,0.130476331806221,
N4BP3,8626,-0.951615149416537,0.130499250935609,
ADAMTSL2,275,0.936382258536168,0.130584330154325,
TCF3,13602,-0.61023870062898,0.130774308439533,
STRN3,13256,-2.00282534966948,0.130917741189412,
PSD,10725,1.65016944649098,0.130955695810398,
SPTLC2,13054,0.461375478306375,0.130956522855646,
ALX1,562,4.41052135318965,0.131006710857461,
TRBV14,14397,2.06769889058591,0.131556705552933,
GUCY1B1,5745,1.12367261859767,0.13156619392076,
TWSG1,14725,0.993467873913689,0.131742558928183,
VAMP8,15052,-0.265815472781955,0.131813837435635,0.590337146625918
TIFAB,13795,2.29466427671422,0.131922406860828,
TMEM219,14024,-0.415270280694948,0.131967589049843,
SLAIN2,12344,0.591274452765012,0.13203300952004,
NCK1,8740,0.314693623124802,0.132322498817821,
CRH,3118,4.39240107222292,0.132538263696813,
C1ORF210,1653,-1.41595066488163,0.13262316780903,
VWCE,15181,2.38392747540043,0.132658965938682,
TAF9B,13454,0.931141742546948,0.132886947715046,
DCLK3,3480,3.27793864293678,0.132981904717351,
GRAMD1A,5618,-0.492978406271917,0.132984338491027,
RB1CC1,11160,-1.69558916887581,0.133024884662878,
GIPC1,5329,-0.369138261155095,0.133298906025161,0.590337146625918
PSME1,10775,-0.886101135397148,0.133404200440576,
KIAA1522,7007,-0.53469238358164,0.133668771868485,
KCNJ2,6897,-1.53594151368964,0.133752095495879,
ERCC6L,4343,-2.31386832044865,0.13386084393068,
DGCR8,3619,-0.479639506447863,0.133867921981776,
C8ORF88,1783,1.46104062526172,0.134104439543847,
KRTAP5-9,7221,-2.13347087840756,0.134113922798897,
PWP2,10907,-0.414898749428477,0.134249790179847,
VDAC3,15080,0.468418100344181,0.134324908254272,
OPA1,9381,1.20177407650358,0.134350791289994,
NAP1L4,8676,0.247358356886526,0.134451627983548,0.590337146625918
RNASEH2A,11461,-1.16571475930211,0.134558225377383,
UTP3,15035,-0.657916342973315,0.134597982752118,
GIT1,5333,-0.627280167567895,0.134835729588865,
PARP16,9606,1.39931001243106,0.134865872772955,
CMTM5,2841,-4.26402826025094,0.134954846355882,
LMNB2,7455,-0.497838377784474,0.134996842892114,
ICAM1,6285,-0.724602317407921,0.135138046685131,
CCDC36,2082,1.42023534387497,0.135167381653914,
RAB1A,10969,0.330226319427481,0.135174976937386,
ZFP82,15555,1.58887338019843,0.135185186561145,
HIST1H4H,6001,-0.554354030264608,0.135191876183276,
CCL5,2149,1.82761332161551,0.135210279219568,
SLAMF7,12347,-1.1125893559748,0.135237294608974,
NCOA4,8753,0.403317701213961,0.135325503356345,0.590337146625918
TNFRSF21,14186,-0.43165627120115,0.135389726050215,
G6PC2,5112,1.85692333000839,0.135415807182076,
LEPROT,7343,0.277883961274633,0.135566255813441,0.590337146625918
LUC7L2,7649,0.220348875943303,0.135663502013041,0.590337146625918
CPT1A,3081,-0.486890640444783,0.135878442213583,
XPA,15342,0.559351212009046,0.135880822845098,
ATF6,1074,0.681172594066904,0.135981803494371,
PACS2,9528,-0.827110938558133,0.136015180706663,
SAA2,11828,-1.30040994509536,0.13602204993383,
CAMK1,1863,1.96377774650871,0.136153505486369,
UBE2B,14785,-1.41683356040387,0.136190376376458,
TRIM41,14476,-0.602998473881452,0.136227001985298,
KMT2B,7160,-0.476516905024739,0.136337207055214,
VMO1,15108,-1.40503925261461,0.136466391930716,
TMEM88,14116,-1.2076876040547,0.136502795771933,
CHPT1,2643,0.461006654401684,0.136569639669336,
PPM1K,10448,0.662849123550857,0.136583956121447,
SDF2L1,11978,-0.778022140568745,0.136638740561562,
C9ORF64,1792,-1.63447412054099,0.136708223119202,
DAB2,3418,0.638237868529415,0.136798338454073,
NUP58,9288,0.879993934321152,0.136910425440368,
AKAP6,465,2.42274426866499,0.13692913758813,
LIMS3,7406,0.48733361634875,0.137066070401231,
MAP3K12,7791,0.91278112547064,0.137069574015942,
MAN2A1,7760,1.26878602536294,0.137102075298806,
PNLDC1,10276,-2.31415949941999,0.137122895851958,
DNAAF4,3746,3.31913773410546,0.137151721749861,
IMMT,6581,0.334076969059497,0.137177038993606,
RPH3AL,11586,-0.980238941459678,0.137228260262629,
IAPP,6278,2.47719226395965,0.137290740684031,
PIAS3,10001,0.372105674787234,0.137301302331151,
PTK6,10833,-0.652398177674881,0.13744073846143,
DHX57,3666,0.890420214933033,0.137568802415663,
SRCAP,13065,-0.221709985776038,0.137579051992145,0.590337146625918
CNGA4,2854,2.85457926287456,0.137644038934421,
HSPA4,6227,0.231560457823144,0.137788831928063,0.590337146625918
ANKRD13A,639,0.382023754211938,0.137808915002988,
NKX3-2,8978,1.25922554439642,0.137823597004741,
ACOT13,175,0.580762882146448,0.137945466368046,
GFM1,5283,0.608085734615641,0.137950985143692,
TMEM171,13982,-2.18262942678699,0.138073338768327,
AP3S1,750,0.43328590542015,0.138102005992164,
KIAA1109,6997,0.428536154303641,0.138125332010274,
FAP,4687,0.64699829023068,0.138134118857988,0.590337146625918
PTRH1,10882,-1.32387808878048,0.138255573909067,
RSKR,11731,-0.558508858487658,0.138287255263114,
PRSS12,10695,-1.00591437815699,0.138321104254177,
ZBTB16,15430,1.26799721599793,0.13842328171908,
RNF19B,11512,-0.415480760667375,0.138488849978891,
YTHDF1,15401,-1.64889304236351,0.138530084968257,
GRP,5664,1.37670937536329,0.138574249842468,
MAGED1,7724,0.395247839018378,0.138584181675657,
NR2C2,9136,1.4652852193429,0.138720900415502,
FGFBP1,4861,-1.47470174115929,0.138766918140788,
UFSP2,14875,0.460911828625949,0.138892686435566,
PKNOX2,10108,3.65329873830835,0.138913080640888,
NRP2,9173,0.515601726908235,0.138970310086706,0.590337146625918
TCF4,13603,1.14092614980739,0.138981777236622,
ARMH3,975,0.493315070333375,0.139064599484154,
CCL20,2138,-0.817823398993272,0.13921938976392,
ZFYVE21,15569,0.712898814054058,0.139249387391516,
FEZ1,4832,1.87472073168384,0.139357156874053,
IQSEC2,6680,-0.809819566929967,0.139384508702077,
SLC25A10,12423,0.459777130671293,0.139460166922442,
PLEKHG7,10195,-1.18745765586363,0.139462435023364,
KLHL4,7132,1.87257674115619,0.139508689089474,
LAMA5,7252,-0.524988663791332,0.139538077751298,
RASGRP4,11140,-1.1948593896316,0.139542962375098,
CITED4,2705,-1.99618368561083,0.13954806953979,
C6ORF141,1756,-3.36953600848759,0.139579861706586,
SERPING1,12124,0.54214976333588,0.13971732460054,0.590337146625918
HAP1,5803,-2.69250457981423,0.139749969321259,
PSME2,10776,-0.329607607138339,0.139832107962209,
MDM2,7942,0.364940838627794,0.139858104502647,0.590337146625918
SGSM1,12201,1.4548941492869,0.139875542645465,
POLG2,10329,-1.18761483181717,0.139916672384827,
SSB,13119,-0.328113777635295,0.139934396509178,
ARHGAP8,889,-0.427245850144255,0.139934619504329,
ALDH1B1,506,1.02770299479866,0.140177099379892,
PCGF3,9718,-0.449661524398577,0.14019331384102,
SPACA3,12925,-4.30512025963876,0.140196166216349,
SRA1,13062,-0.584890220582208,0.140270898417052,
APC,768,-1.11567460604475,0.140392833299954,
ACIN1,165,-0.506678208405811,0.140405648741246,
ZNF683,15962,3.52522598768922,0.14044210498325,
TSPAN7,14597,1.49436147195899,0.14052170665308,
HOXA1,6122,1.98824139871039,0.140536684392717,
SCUBE2,11961,1.28778905081269,0.140567564351648,
HAAO,5784,0.626553148104692,0.140600047986549,
TOR1AIP1,14261,0.74166323904193,0.14079573417155,
PRR26,10670,1.37929733427923,0.14098784001293,
GBP6,5224,2.33711426354211,0.141007037251356,
C1QTNF3,1673,1.36660539838225,0.141007154448141,
FGF7P6,4859,-1.04810479228577,0.141106086559785,
PRKG1,10608,1.16734386447498,0.14115550586903,
TFF2,13713,-3.26215217230397,0.141243115878726,
CLCF1,2725,-1.24017386997391,0.141358331721126,
GHITM,5309,0.804676060142701,0.141502029961834,
ZNF554,15868,2.06891891615175,0.142127507901144,
CD151,2219,-0.253960083920162,0.142251793785902,0.590337146625918
VAMP5,15050,-0.822694309847426,0.142305659575753,
MLH1,8161,1.31338008256199,0.142361919818245,
LRP1,7525,0.434218140898022,0.142459610004425,0.590337146625918
TXNDC5,14737,0.365019227101883,0.142525453754592,0.590337146625918
HIST1H2AK,5969,-0.723793570767422,0.142559524375836,
AMFR,571,0.53463859861143,0.142666454573392,
BICC1,1390,0.709255938699193,0.142679171732816,
NADK2,8654,0.834082337729541,0.142680638223329,
COL6A3,2953,0.587997380866719,0.14277507564435,0.590337146625918
RNASEH2B,11462,0.583809465270054,0.142880337890699,
APH1A,775,-0.241612689487976,0.142964563141298,0.590337146625918
ZNF76,16010,0.392973938845811,0.142977794535938,
SUPT20HL1,13323,1.95150795649658,0.143162534717624,
FZD10,5099,-3.47894516179534,0.143213701558242,
AC087379.2,127,4.27288916500621,0.143374085561645,
GGA1,5292,-0.409759209038297,0.143598769685734,
SMAD3,12697,-0.350377837910107,0.143611529625737,0.590337146625918
MYRF,8612,-0.659909821540303,0.143655371257387,
HIST1H3F,5989,-0.935138546292984,0.143779082648671,
DHCR7,3632,-0.373682765166462,0.143813923980434,
COQ4,3002,-0.479262499432214,0.143939984704552,
PRMT2,10617,0.468426598449349,0.144127073155143,
TTI1,14660,0.762402160663275,0.144174259646077,
FILIP1L,4895,0.851872364217497,0.144181995009043,
SCO2,11949,-0.516281405547167,0.144456037947432,
GABPA,5123,-0.604769461760844,0.14446454659828,
ZNF432,15791,1.10587062895683,0.144519879566391,
BEND2,1366,-4.25786329966799,0.144543284672123,
DNAJC9,3802,-1.08669013836546,0.144557094104549,
ACAA2,136,0.430214342815104,0.144626994932747,
KIAA0408,6988,1.74854647096319,0.144759281068002,
S100A9,11818,-0.803236283600997,0.144790055170218,
NFAT5,8885,0.364718090836262,0.144924531924569,
FOXQ1,5011,-0.661533042179895,0.145145661558094,
PAPLN,9576,-1.85901514476329,0.145174194712288,
ESS2,4391,-1.6862847426471,0.145196099333352,
GBE1,5216,0.735880640837859,0.145262181626506,
DBF4B,3446,-0.729137031174147,0.145407228461133,
ZC3H12D,15475,0.884302114816596,0.145424669200543,
DDX41,3547,-0.453493021611761,0.145448570430145,
UNC93B1,14925,-0.597010881745895,0.14551617747429,
MTMR6,8482,1.78439991841983,0.145557472128284,
CTSE,3258,-0.606316600804238,0.145587374421333,0.590337146625918
SDHAP2,11984,-0.298880207254953,0.145649100425185,0.590337146625918
PTPRH,10870,-0.54705068385441,0.145649260190316,
ZBTB14,15429,-0.616615034304885,0.145653601914739,
SEC23IP,12010,-0.302637039963561,0.145973364296309,
RFC1,11313,0.394996176813886,0.146093752050572,
TMEM179,13990,4.24529165928976,0.14612178884976,
PDGFA,9794,-1.08881748183644,0.146168224935179,
TJP3,13836,-1.43006975468724,0.146271406725409,
DACH2,3421,1.89491965161973,0.146302553071362,
UBB,14781,-0.257640733460486,0.146309962940504,0.590337146625918
ZC3H11B,15471,1.75635382266531,0.14635754602771,
CACNA1A,1821,1.8839410458101,0.146470566765772,
PDE9A,9792,1.34702880417622,0.146485875776038,
CRYBG1,3154,0.743903802047296,0.146543395060525,
MYL12A,8568,1.78898873716825,0.146603897065809,
TIMM44,13817,-1.30508703557329,0.146621812004459,
KCNE4,6879,1.09319889874463,0.146797284156527,
NPAS4,9076,3.42048851797486,0.146813006106912,
DYNC2H1,3970,-1.01583140947002,0.146855752425958,
SPRYD7,13041,0.707385070786951,0.146884097240955,
GRHL2,5636,-0.614949659223884,0.146927148315378,
FNDC3B,4963,-0.286628522196834,0.147086543175193,0.590337146625918
CD24,2240,1.44199473245734,0.147139118182267,
EIF4A1,4150,0.404170571349741,0.147140908785364,
C6ORF203,1759,0.869174442247716,0.147176643536567,
COL12A1,2924,0.657298274698273,0.147204435285693,0.590337146625918
FOXL2,5000,-3.99876655473654,0.147231788287798,
NPIPB6,9102,-0.710451790198157,0.147346385981462,
AKAP1,456,-0.770467138041345,0.147397894923768,
CHRM4,2651,3.03770959486621,0.147422330458928,
RPL11,11590,0.319231918584862,0.147454082656073,0.590337146625918
MRC1,8290,0.833744397413056,0.147489968708605,
C12ORF76,1585,-1.06924367594008,0.147745116982467,
TPST1,14314,0.683797859660338,0.147827833012487,
NUP50,9286,-0.949458402276205,0.148136892155101,
MSX2,8432,-1.02633845054706,0.148137146928086,
DUSP19,3947,1.3526347390438,0.148138843424636,
KCTD5,6945,-0.819198929989372,0.148371233761715,
TCEA1,13580,0.379131420374622,0.148394832898899,0.590337146625918
ASIC4,1037,-3.14122019926819,0.148448607801134,
IER5L,6315,-0.656875298855793,0.14848324452401,
CSAG1,3165,4.2198276423569,0.148526191306267,
ZNF280C,15707,0.888865935853659,0.148618097741545,
ATG4C,1091,0.868595385813234,0.148645132752779,
EDRF1,4042,-0.917042026687937,0.148761868771686,
DGKQ,3627,-0.976020504171559,0.148780717833564,
SLC5A1,12606,-0.564113969105052,0.148803205895144,
ATP5MPL,1146,2.54915577432986,0.148809789026683,
SHANK3,12242,-1.07194084602841,0.14882410944168,
FEZ2,4833,0.402784388202944,0.148832424879987,
ERCC3,4339,-0.30984371041221,0.149028698412805,
SIAE,12278,-0.840667757977726,0.149039073467401,
LILRA3,7388,-0.699482476562014,0.14914902266937,
STAM,13174,0.390515455237043,0.149152187689036,
TMEM249,14045,2.28758751152592,0.14918801795822,
SDC1,11969,0.320878310879413,0.149263113670199,0.590337146625918
CYBRD1,3348,0.582916097814427,0.149280023660398,0.590337146625918
PDCD11,9758,-0.924241332009731,0.149502106043366,
LENG9,7339,-0.988932980359842,0.149713873677129,
TRBV7-3,14418,2.01930622649043,0.14973096836235,
PCDHAC1,9674,-1.46696690940398,0.149930515755236,
SEMA5A,12059,0.718195748776629,0.149955885772321,
CHST11,2662,0.647560504257601,0.149965750298308,
CHUK,2677,-1.14906667744337,0.14997063124549,
ABITRAM,103,-0.597696834549733,0.150025689888729,
YTHDF2,15402,0.398496135502581,0.150049929315241,
SETBP1,12137,0.864357278868632,0.150172529731064,
TTC39C,14649,1.15646249921177,0.150214352204793,
ZNF33A,15742,-0.351785613583293,0.150227398883104,
ISG15,6713,-0.639433187131019,0.15026453569162,
TSHZ1,14571,1.07358034143635,0.150359320795428,
TNRC6C,14226,0.420565234472769,0.150470611518801,
ATXN7L3B,1201,-0.479634714333348,0.150544947971548,
LTF,7643,-1.93154351380968,0.150570442651221,
NEFH,8842,1.47409766845504,0.150655097959137,
SLC22A9,12414,2.21788710493786,0.150664766521856,
MAP3K21,7797,-0.843108180327146,0.150698482459734,
CSNK1G3,3187,0.665056406059063,0.150699307612055,
WASHC1,15193,-0.230328084073429,0.151051191262321,0.590337146625918
BMPR1B,1438,1.09478757369888,0.151053032598523,
SIGLEC1,12284,-1.3570473421804,0.151135107777534,
C19ORF73,1637,-1.51695479617407,0.151140407954667,
SBNO2,11889,-0.383968582113609,0.151145698392569,0.590337146625918
PCNP,9732,0.288060598998895,0.151312873104703,
ZNF417,15781,-0.712316303456715,0.151353517245749,
KCNH1,6884,-2.32826101817035,0.15146372020821,
PCDHGA3,9696,1.92707427650476,0.151569439247943,
DUSP28,3951,1.59561054683545,0.151792592817712,
SCAF8,11896,0.344320164158091,0.1518674934761,
ANXA6,719,0.790596866401129,0.151887337080759,
RAN,11089,-0.298687645630947,0.151957885046096,0.590337146625918
KLF9,7095,0.558373078000863,0.152084331456402,0.590337146625918
SLC35F2,12534,-1.53570583107947,0.152091225362162,
MINK1,8131,-0.473738922574539,0.152116637064811,
ABLIM1,106,0.511471887399378,0.152191478894383,
ISOC2,6723,-0.594156156291105,0.152404938157537,
FN3KRP,4955,-0.246336778343248,0.152413755970635,
CYBC1,3347,-0.718272720845422,0.152431291022484,
AGPS,410,0.498273925015236,0.152493783334316,
CCDC115,2017,-0.343971451479489,0.152497655327651,
PPP2R5A,10505,1.20887576440206,0.152526663023017,
API5,777,0.213319688938592,0.152536741451609,0.590337146625918
ATP6V1E2,1168,-2.19645163716442,0.152550818678554,
DHRS13,3643,-1.61504994586097,0.152587223893785,
SFRP4,12171,1.24238115792406,0.152591228313334,
RTN3,11763,-0.672628524823181,0.152649573184919,
EYA3,4460,1.73982039147339,0.152720216532533,
LUC7L3,7650,0.428359264789098,0.152845766795524,
HNRNPD,6099,-0.173974080221542,0.152887811207952,0.590337146625918
KCNS2,6926,3.00710755772111,0.152901225992823,
POLR1A,10336,1.13309932765738,0.1529026301754,
RHBDL1,11378,1.47351151970274,0.15290573007055,
FBXO32,4757,0.760926458403774,0.152952396289784,
CYP2B6,3367,-1.43259060138566,0.153049283668102,
CALCOCO2,1848,0.321566149606453,0.153086848566708,
ST3GAL5,13153,0.846807612421864,0.1531998952164,
SOCS5,12875,0.684262327918789,0.153202477869428,
ZCCHC14,15491,0.47698443082716,0.153228989193874,
PIGU,10028,-1.5147228079412,0.15328441039611,
UBA6,14769,-0.378807537622261,0.153310449700778,
PAQR4,9584,-0.867110696557212,0.153361399983625,
GPR146,5551,-1.08396312899251,0.153397942984461,
KNOP1,7169,-0.486629537393256,0.153521915353657,
FAM135A,4534,-0.599333849918562,0.153547103855548,
NAA40,8636,-0.299264734297882,0.153582060261188,
CLDN15,2738,-0.976330890677155,0.153609498684904,
ENOX1,4257,1.73615023141805,0.153624142831968,
PCDH7,9658,-0.616372528329688,0.153728592093019,
CACNA2D2,1830,1.41688385046336,0.153844937330086,
UBA2,14765,0.31643695403185,0.153847602092042,
BCL2L2-PABPN1,1340,1.69941243278946,0.153857122941405,
HIST1H4I,6002,-0.583544642293074,0.153971232712288,
PDCD2,9760,-0.522568223236436,0.154010066614959,
DEGS1,3576,0.536895819741272,0.154132727021449,
TPM1,14295,0.717348400374038,0.15416644679148,
PTDSS2,10806,-0.941008018931811,0.154323251651679,
POM121,10367,0.816164664236881,0.154365738251526,
MISP3,8143,-1.9678672892364,0.15442573141371,
KLF6,7092,0.31968181997724,0.154536843632361,
ZNF730,15999,2.96820191859622,0.154637693806207,
JAG1,6792,-1.17259476943753,0.154798443358663,
MTFP1,8457,-1.43429869118725,0.154799637188207,
LDLRAP1,7326,0.472980222937679,0.154867573309477,
GRASP,5626,0.901214328386103,0.155059586478292,
THRSP,13775,-2.7773078421724,0.155147091966375,
TNFRSF10B,14172,-0.248754253728523,0.155174752798606,0.596314407183214
MCM4,7912,-0.603569398903202,0.155250171810087,
ZNF705D,15980,2.06359027567709,0.155250476873274,
DHRS3,3645,-0.720146056211183,0.155378849164795,
RWDD2B,11793,0.860088372912005,0.155426109740315,
XG,15332,1.85805386691618,0.155447312544418,
CNN3,2864,0.739710256902441,0.155499950324289,
MAOB,7771,0.627195293074646,0.155728710162913,
HTT,6263,-0.563443115199864,0.155759147079333,
NMUR2,9019,-3.11738317892033,0.155836219178048,
MED15,7964,-0.722590974117692,0.155932188585043,
PDPR,9824,0.56089103175341,0.155970680834057,
SLC26A7,12472,2.29288370858181,0.156024586083323,
C19ORF25,1628,-0.595478876205727,0.156111136038054,
ACPP,190,-0.864552156001651,0.156488810528924,
PLK2,10215,-0.596090560587447,0.156696303956581,
KCNN3,6917,2.63047128618127,0.156761896583475,
CAMK2N1,1869,-0.51136864642916,0.156842476170989,
RACGAP1,11045,1.7996816264391,0.1568917660326,
NUAK2,9232,1.26729867367853,0.157012057741688,
TOP2A,14254,-1.09406851606466,0.157128304519741,
B4GALNT3,1245,-0.605323212610815,0.157133457983157,
ARMCX2,969,0.738610076455638,0.157179096505035,
ZFAND3,15532,0.503227480128514,0.157198232687096,
ZBTB7C,15461,-1.05962196034406,0.157232038489245,
TMEM205,14018,1.41123879899662,0.157359830218589,
HSPA6,6230,-0.398368310233254,0.157410631072139,0.602039712204817
ADAD2,240,-2.46732157736633,0.15746713695728,
PBX3,9637,1.0560819004709,0.15748368407414,
SIGLEC7,12293,-1.25875068604945,0.157729326435118,
POMP,10373,0.461694471973861,0.157791520813014,
PCSK4,9744,1.31896310775251,0.157807994759929,
ZMYND11,15606,0.598665264813823,0.157841968245203,
PDE4B,9779,-1.00932748867742,0.15793380998851,
H2AFV,5774,0.659097442684041,0.157970421208556,
STK40,13232,-0.61241364992059,0.158005391783068,
WDR49,15241,2.73522287040121,0.15815857810367,
PRR16,10667,0.859730711637795,0.158288141882925,
KIAA1324L,7005,1.22427853757827,0.158402188246291,
PLCL1,10161,2.44090685146015,0.158479812481012,
CCDC159,2048,0.573587546086587,0.158619721780096,
CAMK2N2,1870,3.17658265972253,0.15871004086895,
GPR18,5567,-2.46000855489286,0.158903154115448,
ABHD17C,91,-1.29490028915251,0.15899380407293,
RNF125,11478,-1.97569378225931,0.159078132547411,
TTC6,14652,-4.02041742380653,0.159112450238667,
ISM1,6720,1.18073994594511,0.159119581600648,
SNX16,12849,0.597782713699031,0.159148666204014,
PRR14L,10664,-0.294620153344461,0.15922628797405,
SH2D7,12216,2.59133340713914,0.159255670494464,
EHD1,4105,-0.538991899267109,0.159311060301051,
PARS2,9614,-1.39393051578404,0.159348306628753,
MYORG,8608,-0.59488504725186,0.159456481505993,
HELZ,5887,0.309883515730254,0.159540612932859,
TMEM236,14034,1.56698184995492,0.159708814867893,
CPED1,3055,1.26757656648384,0.159815128486702,
GIMAP8,5322,1.32636837077012,0.159822089729158,
CXXC5,3331,0.626630380328387,0.159983841357019,
LGALSL,7361,-1.2247046894077,0.160169567997333,
TOPORS,14259,-2.52850008267734,0.160241037794733,
ZNF408,15775,-1.81455547941155,0.160306736415126,
NLRP1,8991,-0.494815389696389,0.160317437736992,
BECN1,1364,-0.688460909325715,0.160355322474992,
LRRC58,7576,0.555573726383736,0.160479629994669,
EGLN3,4098,-0.513069588529139,0.160503218445199,0.610972157006019
FLVCR2,4938,1.11176982558289,0.160504787382796,
DR1,3888,0.483374371916339,0.160673586204719,
ITGA1,6730,0.676989977870765,0.160774024489725,
ARHGAP11A,859,-0.768145126432824,0.161114726569486,
TMEM119,13932,1.18369406132021,0.161223514254105,
ALG2,531,-0.435273794280062,0.161372063534739,
ABRAXAS1,112,1.08034679964618,0.161510065817368,
VPS13D,15121,0.361026646974639,0.161606954266955,
SMNDC1,12764,0.443967573821139,0.161663330630972,
C9ORF72,1793,1.21544938889871,0.161782225492998,
ELP4,4207,-0.594773076446454,0.161808385727219,
CETN2,2531,0.452521140665928,0.161985316860305,
GLO1,5377,0.70634313438029,0.162004984912748,
CTRB1,3250,-2.46430871829095,0.16209471088932,
CASP1,1936,-0.440701985351902,0.162176433338098,
SARAF,11867,0.397660197118538,0.162330074746407,
SOX5,12908,1.27857097073244,0.162798752135416,
RPL41,11629,-0.713338121084732,0.16301960241434,
PPM1H,10446,0.626838487844219,0.16306387626109,
PLCH2,10160,0.956413508737351,0.163082020023656,
ZKSCAN2,15586,-0.847669793358221,0.163107509591936,
TOP2B,14255,0.375180684373982,0.163462104903254,
DTHD1,3918,2.34399563254759,0.163594636076789,
CAV1,1964,0.964134411703039,0.163637532925926,
RBM18,11188,0.568620342924842,0.163701157134057,
USP33,14997,0.343734118776076,0.163788233817067,
RLF,11442,-1.08699540615311,0.163846032344443,
GATAD1,5206,0.262744751931597,0.163908921698997,
AARS,28,-0.592924704003365,0.164062820953466,
IRAK1BP1,6684,4.06471191694893,0.164086686817751,
G2E3,5108,-0.563037182710057,0.164163769026992,
VIP,15099,3.1841134778208,0.164166500249261,
CXORF40A,3323,0.697430133844732,0.164186777144851,
CBR3,1982,1.49194355524644,0.164244680649172,
NOL9,9040,0.631491831677731,0.164263662129188,
CCNL2,2183,-0.307565988538572,0.164398864337415,
TBL1XR1,13554,0.538210449720885,0.164425475073518,
DPH6,3866,-0.504687828423151,0.164488748805772,
MED12L,7959,4.06095053511564,0.164524423475634,
ABO,109,-0.815311106066251,0.164541132131847,
RPS26,11669,-1.4104157388451,0.164580134490563,
TMSB4X,14149,0.292368689290066,0.164714219793884,0.616732921426616
BSDC1,1502,-0.603051259627958,0.164865737214145,
POLM,10333,1.0269858618187,0.164883898732024,
CDC42EP1,2326,-0.740630595925856,0.165031401105095,
SCG3,11920,1.74272110967663,0.165126456108923,
BCL11A,1328,1.50645949662363,0.165139916094818,
SLC3A2,12569,-0.24704694338489,0.165226549127812,0.616732921426616
FGB,4839,-1.64676284651333,0.1654517657704,
SMIM13,12743,1.18885360306507,0.16545375414322,
PGAM5,9906,-0.605110513124676,0.165474985537941,
ARHGEF2,904,-0.320575099131706,0.165602582527926,
DYNC1LI2,3969,0.289046136021455,0.165792160167502,
CENPM,2470,-1.45320064188343,0.165806933360406,
REC8,11263,-2.01568831881872,0.165840428555588,
ZBTB20,15434,0.465324614165158,0.165844349114358,
INSC,6627,-1.28671175051941,0.16616447206098,
ASGR1,1031,3.62374760828316,0.166219088440384,
EDNRA,4040,0.788169428348508,0.16626226091055,
HOXB2,6132,1.04995954432135,0.166300071290313,
TAS2R43,13494,1.98272887830236,0.166351282808396,
ADH5,331,0.329697769375262,0.166383846021766,0.616732921426616
PIGW,10030,-0.810754186347128,0.16642662426012,
CEACAM20,2428,-2.04777236852524,0.16643165533655,
DENND6A,3594,0.685232879161329,0.16658837526839,
GJB6,5344,-2.46493024350555,0.16667306293534,
LYPD6B,7679,-1.06354880785376,0.166691807220014,
CARTPT,1928,2.70578377820483,0.166757092142457,
NCOA1,8750,0.398012204184479,0.16687127628574,
MAGOHB,7737,2.28891340942576,0.166883384764012,
MAOA,7770,0.96840908039422,0.166889668061614,
RAB27B,10979,-0.527177267492445,0.167026082195391,
MAFF,7721,-0.412629284001325,0.167026925249506,
ACSL3,197,-0.645985825993844,0.167133181706894,
MID2,8112,0.790280638316628,0.167234603371592,
FAM120A,4519,-0.541812388867344,0.167279050091237,
FAM136A,4536,-0.281441589619475,0.167366091884851,
EIF3H,4144,0.295084243251924,0.167606763656839,0.616732921426616
SF3B5,12162,-0.353563381979777,0.167792593905933,
SNF8,12806,0.671484343324867,0.167975690503816,
WWC2,15319,0.482558358883386,0.168042592565559,
KLF4,7090,-0.358131626885563,0.168044412609848,0.616732921426616
RPS5,11679,0.304070799464663,0.168066770552053,0.616732921426616
EPB41L1,4284,-0.400446969101127,0.168124699077932,
GNB4,5431,-1.17612304882402,0.168126817838321,
MUCL3,8524,0.912256485453908,0.168224297291384,0.616732921426616
EIF4ENIF1,4159,0.616162616218728,0.168239999405689,
UBR2,14841,-0.525385611084228,0.168345972594686,
WDR4,15232,-0.594740803871146,0.168409198466727,
SERPIND1,12119,2.54659562460085,0.16843279419509,
GCHFR,5235,-0.733308946256884,0.168458208875469,
LUC7L,7648,1.67252425990409,0.168478850294008,
ZNF428,15787,0.352404298184805,0.168480003417165,
THAP9,13753,-0.806653033853098,0.16854521718923,
IFT52,6353,0.532335294402536,0.168570002179097,
NACAD,8650,1.25415346861227,0.168677364030864,
SYN3,13370,3.53758377641684,0.168678870969187,
SLC25A38,12451,-0.515462996792944,0.168696599052836,
ASCC3,1027,-0.369991190204617,0.168832684076683,
PPP1CB,10454,0.213259506756844,0.168838684756554,0.616732921426616
ZFP36L2,15548,0.321725853048098,0.168894641431576,0.616732921426616
ATN1,1103,-0.428083983304234,0.169000220589309,
F2R,4471,1.5122205828141,0.169089115708121,
PIP,10062,-4.01212033977607,0.169274992155062,
CKAP2,2707,1.40909414834808,0.169290686872423,
KIDINS220,7018,0.596270830134248,0.169318721760598,
DSTN,3914,0.527471335814707,0.169441542888099,
AEBP1,366,0.773345767384458,0.169613031745768,
NAA35,8634,0.469891131796208,0.169657101346995,
KRBA2,7183,2.32950907624617,0.169678055167523,
CA4,1803,4.01115502596634,0.169735683288802,
UROS,14958,1.30703887933084,0.169750816830672,
KANK3,6834,-1.68701958782991,0.169754033084332,
CD84,2294,0.690714105551441,0.169765427941439,
NCOA5,8754,0.793195707411748,0.169789175121573,
CDC42BPG,2325,-0.437350534353424,0.169801278840046,
MOGAT1,8228,-1.17778872389518,0.16986048943611,
GLB1L3,5359,3.28442368156508,0.17004749772879,
CFAP47,2547,1.97026231009708,0.170170092608667,
PPIG,10431,0.606542844793282,0.170331861654949,
TLCD4,13844,3.25016210834862,0.17040670190752,
COL4A5,2946,1.22961770218437,0.170465974894817,
CD8A,2296,1.14436649602492,0.170719203525528,
STRN4,13257,-0.185805072591761,0.170766105987903,0.620757871766835
CA2,1801,-0.825134847440112,0.170820731013253,
TMA7,13888,0.511965925009492,0.170918776455978,
MICU1,8108,0.222916124274141,0.170965883853722,
ST20,13147,-0.533552506660791,0.170973327444975,
EID2,4115,0.821520097381692,0.171093003009936,
STX7,13277,0.424934477514963,0.171170028613942,
NCBP2,8731,-0.221901759414557,0.171281216638934,
AGR2,411,-0.642792791198514,0.17144334731542,
HMGA1,6062,-0.535013509347518,0.171539087517837,
ZNF860,16075,-1.02827045293337,0.171587482370441,
SERF1B,12092,0.89648191263579,0.171608680935082,
LMO7DN,7461,-1.21588739824265,0.171699880214508,
CXCL6,3312,-2.03126213481595,0.171727337015033,
NDUFS5,8819,-0.46636435433159,0.171757752841119,
PATJ,9619,-0.461869734362948,0.171804991637705,
IL17RD,6526,-1.19048950729378,0.171816774941568,
EDN1,4037,-0.589811503036521,0.171866869399835,
SERPINB9,12117,-0.49036605398466,0.171981630628183,
ENDOG,4244,-1.22024510210905,0.171992829313572,
CCDC190,2067,2.91696740198004,0.172038224397597,
CREB3,3103,0.690367194160702,0.17205876470935,
RSRC2,11743,0.555275789458566,0.172180483994814,
TMEM52,14089,1.93445952519071,0.172256786095825,
CXCL2,3309,-0.606220306717251,0.172260847200952,0.623383424624074
BLVRB,1421,0.439012247579356,0.172332968984497,
NEUROD1,8879,1.92901802808095,0.172345606493218,
ATG4D,1092,-0.490332820296576,0.172649276945599,
HLF,6051,1.39861027488516,0.172695236962645,
SERPINF1,12122,0.906817913496442,0.172722467244344,
COL22A1,2934,-1.6970391856276,0.172759523407891,
RRM2,11712,-0.777943612119732,0.172818633372784,
IPO13,6657,-1.81615217646354,0.172928229626402,
BBC3,1297,-0.429007408192464,0.172952672861216,
YAP1,15369,0.447765980443903,0.17302607297756,
MAP3K13,7792,-0.628531168162906,0.173040811145541,
PSMD7,10772,0.341749308688663,0.173295894713223,
CCNF,2173,-0.907541604817196,0.173416980268201,
CDADC1,2305,-2.02486529413954,0.173457147198021,
CPPED1,3071,-0.506658127908429,0.17355441199116,
TNS1,14227,0.577695345179358,0.173808390022197,
ABHD15,87,-1.72864895859337,0.173980171794116,
GLRX3,5385,-1.08189698471729,0.173998820644242,
GOLGA6D,5463,1.96056036768606,0.17403415450851,
C20ORF85,1688,3.96489183228363,0.174266847738199,
TMEM35B,14071,1.44634936333935,0.174293921214742,
SLC25A20,12434,0.851047565799457,0.174368130276834,
DOC2B,3829,-1.80271664459979,0.174419459382979,
PLEK2,10174,-0.482238717735185,0.174422872548976,
ENAH,4240,0.693102979920785,0.174424866650545,
USP2,14984,1.33451716410756,0.174455455394454,
TUBB1,14688,-1.66001610211339,0.174555091797049,
TERB1,13671,2.88085880191375,0.174593584379511,
HSD3B7,6206,-0.519473711876884,0.174677694506482,
CHSY1,2672,-0.48103994718406,0.174737971002782,
TTC24,14633,-2.09944660797813,0.174795930422702,
ITGB1,6748,0.361239744838145,0.174815637602632,0.629804551541626
ZNF266,15697,0.883427906230692,0.174878558215927,
TNFAIP8,14167,-0.368673526174656,0.174945056286347,
RENBP,11289,0.773767480191201,0.175009841385804,
ADAMTS3,267,1.4086118207871,0.17504898091856,
RORA,11566,0.507065286814753,0.175176232229989,
CELF5,2450,1.6004520853627,0.175322350733822,
MELK,8002,-1.56572827434437,0.17560780218349,
ABCA6,45,0.85751740818701,0.17563764562547,
UQCRHL,14949,-0.65386731982169,0.175660308217673,
SMIM5,12757,1.38772641296998,0.175682974360762,
EGLN2,4097,0.685596811881967,0.17588312475321,
DYRK2,3979,0.40852064150378,0.176038464870493,
ECH1,4012,1.1781355114098,0.176078503369202,
FER,4824,0.501901637748768,0.176121547932787,
DPP8,3874,0.284993686735734,0.176130869422746,
SLITRK5,12681,1.46207371626918,0.17621701493136,
RINL,11425,-1.07730239299775,0.176377466377317,
DCAF17,3463,0.468501574260278,0.176444640213184,
IGKV3D-15,6449,1.2437213286103,0.176454232954854,
HCN4,5845,-1.46284718227173,0.176599292204293,
TASP1,13500,1.04592265572932,0.176694492137539,
RPSA,11694,-0.455025973450783,0.176767720338475,
SYAP1,13355,0.548869452377031,0.176816167403916,
RBM23,11192,-0.75138757304366,0.176835332032933,
RGS10,11353,0.415007258268637,0.176906669037145,
YBEY,15372,3.94520556128192,0.176941662295801,
RAPGEF4,11111,1.23584340792244,0.177017296118582,
VPS29,15129,0.319918224602324,0.177088877938798,
PIMREG,10057,-2.9488491740217,0.177149402903815,
HPGD,6159,-0.822030642187374,0.177282769734839,
LRRC8B,7589,-0.87880774826276,0.177296317578279,
USO1,14967,-1.02911520434234,0.177455848772512,
MORN4,8244,-1.24292690926155,0.177456747468366,
RAB40AL,11005,-0.983343888672763,0.177485555954625,
INSM1,6630,2.69824609282773,0.17756334583769,
PIGN,10021,0.286400296262271,0.177779678374026,
SIRT5,12322,0.440439980075039,0.177839245461832,
ADGRL2,324,-1.35374859038483,0.177858653829453,
ADCY7,296,0.334957552046133,0.177957481014955,
MICAL2,8102,0.282013752542754,0.177974745956991,0.638336088832409
TM2D3,13873,-1.65691508573857,0.178030914639848,
TENT4B,13665,0.723035498753967,0.178081210877541,
PCYT1B,9753,-2.22182037073356,0.17813703392987,
CNPY3,2883,-0.318175186191625,0.178168779111534,
PXDC1,10912,0.377103342263449,0.178284981714297,
ONECUT3,9378,-1.14817022727128,0.178302045955509,
PRKD3,10606,0.973979881477036,0.178456168001572,
RAB7B,11023,1.58058567896084,0.178640886254226,
DNAI1,3760,3.92888530841336,0.17869584496925,
NCKAP5L,8745,0.835162673479742,0.178703137706136,
ZNF429,15788,0.604640187511352,0.178850735692029,
MUC1,8512,-0.542409306685307,0.178852152026282,0.638644631350484
TMC7,13895,-0.544020511312835,0.178893932389743,
LRRC17,7543,1.20878664557974,0.179083256304259,
CERS2,2521,0.510117586517336,0.17909879770785,
MUC4,8520,-1.33384972288057,0.179118471784841,
LRTOMT,7609,-0.907552384053532,0.179189846962345,
CPAMD8,3047,3.92476895202176,0.179204938428668,
ERN2,4367,-0.635941780748135,0.179243067044782,
TRAPPC2,14349,-0.574566004693575,0.179284648124012,
DSEL,3908,3.21281877436687,0.17930079165436,
MIEF2,8115,-2.03056480859124,0.179305232984223,
AASS,33,0.667668470665975,0.179559867534997,
ASCL2,1028,0.934810487171187,0.179611290841171,
ATP5MC3,1140,0.377121067081803,0.179783202616517,
PPP1R16B,10470,1.75855420582478,0.17990352336038,
MED25,7974,-0.480786501652547,0.179946334441408,
NET1,8871,-0.410224399744202,0.180049049724144,
DDX23,3538,-0.287653328315382,0.180091990770093,
DGKD,3622,0.463062103634411,0.180122573740603,
GZMB,5764,-1.14671181895588,0.180184306023907,
KLHL31,7126,2.3737638304358,0.180316661022926,
SH2D3A,12212,-0.618376650794515,0.180369629244527,
GRIA1,5639,3.9119468011281,0.180490315952768,
GALNT7,5170,-0.627259954899811,0.1805177130383,
RMDN3,11448,0.7744062857869,0.180524688675231,
UBE2S,14813,-1.77083629089376,0.180531827316045,
HOOK3,6120,0.579747960442885,0.180593154128434,
ACTN1,217,0.413272371749357,0.180719188736335,0.642468657754283
HEIH,5884,1.08536789067777,0.180725597207924,
TMEM273,14065,1.44412856659206,0.180805669912242,
BCL2L14,1337,-1.0264589878411,0.180894796201313,
SZRD1,13413,-0.373908392327438,0.180999662965229,
SLC52A3,12605,-1.14783880448888,0.181408564864019,
PEF1,9851,0.672838625848133,0.181585849752835,
FTX,5060,3.90333052759592,0.181602261798451,
LILRA5,7390,-1.13031092172298,0.181784567571363,
SPNS2,13007,-0.695280648348156,0.181862538006281,
ELP2,4205,0.392801411544132,0.18187099910025,
RAB11FIP2,10958,0.924668457669572,0.182178541717384,
TGOLN2,13739,0.303280018478331,0.182252210774214,
RGS13,11356,2.69837166877846,0.182404264082689,
RELA,11280,-0.249533232225258,0.182462635284326,0.645821695940575
THOC7,13770,0.698835442522945,0.182552132897637,
PPFIA2,10417,1.03797910953039,0.182618560184742,
CASKIN1,1934,-3.88898216952976,0.182857331390601,
SDCBP2,11974,-0.466378147117104,0.182936891613799,
IFIT3,6331,-0.653607231627906,0.182946197844826,
SHCBP1,12248,-0.906035874227336,0.182953650708113,
CFAP206,2538,-3.21197778799496,0.182985825339759,
RNF8,11543,1.07784274703727,0.182996044911424,
PPP1R12A,10458,1.02781931523475,0.183048269785048,
AOX1,729,1.0163135798979,0.183300331831083,
GRIPAP1,5653,-0.322084816157349,0.183319932429412,
DLD,3704,2.07257557713162,0.183326916553007,
TPP2,14301,-0.296483024949095,0.183442303177374,
ASPHD2,1047,-1.3093334221525,0.183460854026082,
CPXM2,3088,0.995450375897009,0.183694767735427,
SERF1A,12091,-0.640543724021012,0.183906856387009,
MBNL1,7884,0.49283899416684,0.183935777694395,
IDE,6300,1.13525666866319,0.183944787632522,
TSPAN31,14591,0.320142500635514,0.184040806642798,
RAD51,11054,-1.42622699246257,0.184125278183845,
PRR7,10678,1.40868839619697,0.18414466473564,
MIB1,8098,-0.417715197543097,0.184312473935621,
NT5E,9211,-1.12896450414786,0.184329785579325,
ZNF286A,15714,0.625335082573171,0.184461557512724,
RAB32,10986,0.613619508622143,0.184590553528419,
UBE2Z,14818,0.342279463265382,0.18464056642518,
TMPRSS4,14143,-0.484073322730856,0.184719385313105,0.648579081343463
G6PD,5114,-0.326503939309425,0.184750727873787,
CNTLN,2891,0.728935874100232,0.184762253315547,
MAFG,7722,-0.422068406434112,0.184783102417812,
SLC12A2,12358,-0.346251169344709,0.18484905664064,0.648579081343463
TGIF1,13734,-0.344309924528094,0.184857937041824,
AR,831,1.52487638664504,0.184887206041021,
GRIA3,5641,2.46295729345222,0.185076682018505,
HMGCS1,6071,-0.578388142864798,0.185157709201893,
C8A,1772,-3.86760937933648,0.185232989648172,
ITPRID1,6777,-2.41611931605149,0.185315973743825,
LRRC59,7577,1.83122901223807,0.185319376643247,
TRDC,14422,-1.7475022674003,0.185333371149516,
MPL,8265,1.25177645752433,0.185415742089539,
BEND3,1367,-2.52643952029013,0.185489246102507,
NCAPG2,8727,-2.08113809148806,0.185513049548302,
IL2,6540,2.41460985088396,0.185806006702161,
AMDHD1,568,3.86083718346237,0.185870303339358,
LPCAT3,7496,0.420748873795872,0.18592407528752,
FXYD7,5092,-3.09212771103524,0.186049650765718,
ARL6IP4,952,0.707179741823839,0.186053594805944,
HLA-G,6048,2.06417459823512,0.186127276302751,
CD79B,2289,-1.88035790077077,0.186171967478764,
ARHGAP30,876,-0.591260108092699,0.186209925601215,
PRR22,10669,1.29535864953204,0.186214852772605,
TCF25,13601,-0.40560556966112,0.186218917041656,
GNAI2,5420,0.461746648476733,0.186270032171853,
BRD2,1474,0.453240514910452,0.186417491148868,
UGT1A1,14881,-0.943782599485106,0.186513796980025,
SDK1,11988,-1.58293982884726,0.186721329858614,
GCG,5232,1.42793532750768,0.186808377749147,
BNIP3L,1448,-0.493572288057319,0.186875919777153,0.652852239221483
MRVI1,8389,0.683169669481669,0.187021840142913,
BPNT1,1465,0.627095625482828,0.187072437898025,
WNT5A,15303,0.845375463746651,0.187342967366003,
CALML6,1859,-2.42357846630738,0.187395895074732,
FBP2,4722,-2.13537116208703,0.187537168157962,
ODF2L,9343,-0.816396908625779,0.187580940216281,
TIMM10,13807,-0.324022041759065,0.187627350106062,
MTRNR2L8,8500,-0.711459986905685,0.187628519161149,
ABCB1,49,1.14952538540334,0.187691164954223,
SNRPE,12831,-0.458672656159151,0.187710109463181,
GSPT1,5684,0.489009755723009,0.187730430280309,
MOGAT3,8230,-3.36768226148556,0.187763344187765,
ATP5MGL,1145,-0.947719121603995,0.187784020582772,
CCDC117,2018,0.574477089861748,0.187801630989586,
AGPAT3,407,-0.575368321912229,0.187916905121228,
ARL6IP5,953,0.422825025404356,0.187934694030925,
NBPF1,8709,0.909139639336008,0.187986223756058,
NOP16,9049,-1.03663272469647,0.188007458531023,
TRAM1L1,14340,3.158053130361,0.188118826448111,
ZNF490,15825,-0.946929948951414,0.188189937262769,
NPTN,9117,-1.01726606135648,0.188256402803946,
DAAM2,3416,1.03531715432267,0.188277367126534,
SMYD3,12784,-0.65317935144265,0.188342630843933,
SOCS7,12877,0.529146103319356,0.18839644477301,
LARP4,7277,0.649027654079051,0.188447109942826,
DHRS1,3640,-0.440587552838408,0.188465307321431,
SIGLEC5,12291,-1.03309467691029,0.188532386648054,
SLC5A9,12611,-1.72454985376842,0.188581971707232,
NDEL1,8766,1.02649274915051,0.18860306251022,
RASSF7,11154,-0.92273532354236,0.188737708888677,
HSPA1B,6224,-0.397174855968922,0.188744349141226,
TMEM39B,14076,2.04171314412997,0.188766648261757,
WASHC2C,15195,-1.37937171417911,0.188957834233952,
FOXP2,5008,0.426394690608812,0.188969239844145,
GORASP2,5491,0.323514890381556,0.188981246250164,
FAM149B1,4541,-1.19864652768014,0.188989110421747,
CLPTM1L,2810,-0.467414582907789,0.188990274178829,
LOC100289333,7470,-0.376662620757552,0.189008530506842,
SEPTIN11,12080,0.827785174960414,0.189249973387621,
SIGMAR1,12296,0.346645342132791,0.189407871422518,
RAB6A,11018,0.565792318702404,0.189484372984152,
MAP2K1,7781,0.542762289254553,0.189792494476556,
TBC1D28,13527,3.83036941829541,0.189939648517345,
PPA1,10402,-0.27668760479299,0.189966259766847,
DMRT2,3734,-3.08479448252368,0.189969968842324,
SYNGR4,13382,2.88508846258797,0.190034958493493,
TSPOAP1,14603,1.15327830631495,0.190064046191789,
HOXD13,6147,-3.26857960208172,0.190134539822595,
ZFP1,15540,1.76258471111706,0.190204981503992,
ART4,1006,1.80330584714014,0.190234195277835,
PEX11B,9873,0.434078727029517,0.190331491982621,
CSNK2B,3191,0.700644431723342,0.190625897891113,
CCDC9B,2125,0.685060074791009,0.190650664864553,
DDX49,3552,-0.275271269176194,0.190721115000572,
NLRP14,8993,3.8229781257125,0.190799768342814,
FGA,4838,-1.81103365712279,0.19084407943528,
PHEX,9945,2.13097366791339,0.190872401956459,
GM2A,5400,1.21793137284102,0.190887893863726,
CTSL,3263,-0.498736480702247,0.191041601719349,
KRT7,7207,-0.388864635884729,0.191065097182985,0.654717561846251
CXCL3,3310,-1.16436293811998,0.19107546818487,
ALKBH2,539,-1.73042198931931,0.191099604761448,
SLC17A9,12387,-0.809207151624444,0.191257023622929,
PCDHGA11,9693,1.32073869450171,0.191285042224944,
SMARCD3,12717,0.947226513054947,0.191431068197282,
ESPNL,4384,-3.2772658228167,0.191436329091702,
SSTR3,13139,-2.29181614916823,0.191531226675273,
RPS16,11658,0.215651162480847,0.191552592559592,0.654717561846251
PPP2R5E,10509,1.12372141036734,0.191571889708184,
GOLGA8B,5471,-0.329123184966734,0.191691575176448,0.654717561846251
RBAK,11161,-0.471498187811223,0.19170469465961,
UBE2L6,14804,-0.441816247851531,0.191709741718441,
SLFNL1,12673,-1.36390870373411,0.191899204582372,
CNKSR1,2859,-0.589027738161058,0.191911447335172,
PLXDC2,10246,0.437879933930611,0.191983940676051,0.654717561846251
ABCC5,64,-0.433710551114025,0.192027377604579,
DDX3X,3545,0.296242657811665,0.192038453994555,
HMGN5,6077,1.19529740854171,0.192121561163309,
SYNGR1,13379,1.06481725869233,0.192155975346416,
FOXD4L1,4988,-1.41596472912604,0.192177166683384,
MMS22L,8207,1.16708595354985,0.192251139731297,
PWWP3B,10911,1.15109314136015,0.192316157180606,
PSMC5,10759,0.232859220470698,0.192342833745251,
PHLDA3,9974,0.849427030924257,0.192620960731207,
KLHL20,7115,0.653078117699638,0.192621577050938,
ZNF695,15970,-1.644069388178,0.192630471131348,
TPCN1,14285,0.487778442556225,0.192726983796334,
KIAA0355,6987,0.684181219584753,0.19275734625157,
EPS8L1,4324,-0.45776587708574,0.19285013218166,0.654717561846251
TUBB8,14694,-1.36332255036546,0.1929836387364,
PNMA8B,10284,3.14737042419323,0.19300937499082,
OGA,9348,0.290955980087552,0.193027582747881,0.654717561846251
BAZ1B,1294,0.702105941653673,0.193058919962571,
CHMP7,2635,0.72880462013242,0.193081351719459,
MMP14,8188,-0.352119893280006,0.193088946368535,0.654717561846251
MDFI,7935,-1.42826695354451,0.193219700845053,
GTPBP1,5732,-0.260914464380114,0.19349680451688,
HAUS2,5817,-0.759772506679649,0.193638395598389,
UNC119,14913,0.392089999175699,0.193657607615892,
ZNF711,15988,1.39548262689208,0.193914125042212,
SWAP70,13351,0.3570342544431,0.194005805847727,
SPATA2L,12951,-0.902405315946905,0.194012581883542,
OSBP,9436,0.747649216062877,0.194014457003405,
RTEL1-TNFRSF6B,11750,-1.52675806380291,0.194031699599394,
NFS1,8910,-1.00212395870001,0.194079746960386,
FAM81B,4654,1.96482011176474,0.194183754507928,
SPEF1,12978,1.96448223785003,0.194184991136128,
DUS1L,3935,-0.597991674374692,0.194204892038639,
CFH,2561,0.546362060760681,0.194257922422765,
MSANTD2,8400,-1.27759053909067,0.194331148195213,
ALG8,535,-1.37360336171745,0.194589108068591,
INHBA,6602,0.732213388542398,0.194600540360679,
POLD1,10318,-0.847836427855505,0.194734112452921,
FIGNL2,4893,-1.52480191017094,0.194768362123611,
KCNG3,6883,3.78862105789701,0.194777330168235,
COL9A2,2959,-0.618795010310304,0.194797258500878,
NHLRC3,8927,-0.51399948314705,0.194851274122148,
SGCB,12185,1.07516533752117,0.194894206180451,
MED19,7968,-0.495222631812767,0.19505767356285,
C2CD6,1703,1.48833346467291,0.195167512460954,
ATP10D,1109,0.68337930593519,0.195221119262687,
KLF18,7087,1.16120232535998,0.195239321516923,
SCIN,11927,-0.482508173327777,0.195378366307139,
BSN,1504,3.78388449062351,0.195396871166923,
NSUN3,9197,-0.740381923631645,0.195420769837955,
FAM180A,4576,1.28928265385741,0.195540894793273,
SRGN,13081,-0.58436457280295,0.195633852305169,
LRRC25,7549,-0.819036257724113,0.195639896220344,
RBL1,11177,1.39460787056718,0.19566764174587,
LGR5,7367,1.05559985051505,0.195677524247765,
ESCO2,4378,-2.05370458333925,0.19576516156987,
ANAPC5,604,0.219330497358697,0.195777801679181,0.661057263410455
CGNL1,2578,0.735966356037229,0.195813657660206,
ZCCHC18,15493,-2.06755928521709,0.195902180569197,
UBE2M,14805,-1.07429406926105,0.195958315787557,
TMEM176A,13985,0.9535956808187,0.196078905987502,
FSIP1,5047,2.69707925992379,0.19608082915661,
LRP5,7532,-0.440406916198818,0.19631839423902,
SATB1,11880,-0.999982044367062,0.196485100445574,
PRKCD,10596,0.473249016055548,0.196597826834549,
EFNA5,4082,1.08586511915906,0.196617347857805,
ABCF2,74,-0.393615042340089,0.196649066066651,
ZMYM1,15599,-0.708748633055274,0.196682455102189,
ASIC3,1036,1.98997929359478,0.196682655444728,
PSIP1,10735,0.517578257423806,0.196718183526539,
ZFR,15562,0.311151127454609,0.196859136959991,
TAGLN,13460,0.81647996813027,0.197064584835315,0.662629666508748
TLR9,13869,-1.64729657144124,0.197087714415669,
WEE1,15277,0.37509166880277,0.197091084090507,
RPS11,11652,0.569331548751106,0.197102605184698,
RGS9BP,11371,-2.92902655799668,0.197118305585482,
NAT2,8691,-2.12941682948572,0.197160294452505,
LRIT3,7523,-1.34388853947711,0.197210057504066,
NKAPL,8965,1.57397605483158,0.197362952156868,
CAD,1839,-1.2686307205141,0.197384958505704,
PIM3,10056,-0.411154435105635,0.197413325595072,
MIGA1,8122,0.973167950865418,0.197491942372609,
RAG1,11070,2.20940991865093,0.197493192093896,
KARS,6840,-0.910065743608451,0.197504955763908,
KIF21B,7036,-0.661581086313174,0.197553579363072,
PRXL2C,10720,1.54838282152839,0.197627449756682,
DIRAS2,3687,2.43141095515723,0.197734889320217,
YPEL1,15393,-1.66046390172592,0.19779134124769,
MMP1,8183,-0.850525929637892,0.197831501367594,
LTC4S,7642,1.12505369352237,0.197964016340317,
ARSK,1005,0.663438311245055,0.197982682323634,
ZNF292,15717,0.404728655130883,0.198146335811191,
FAM178B,4575,2.95342413535855,0.198430011785337,
IGHV3,6406,-1.42730761185759,0.198435230719511,
PYCARD,10920,-0.375932862392327,0.198507642062629,
C1ORF226,1655,-1.38589108445281,0.198544784247716,
ARHGEF5,915,-0.743502137613405,0.19861313381371,
EFCAB11,4063,-1.0543712692169,0.1988732432535,
SLC6A6,12627,0.369363901285484,0.198954428008504,
SRP54,13087,0.262773593386924,0.199065528983089,
SPARCL1,12939,0.843948801150067,0.199163373177303,
SKA1,12331,3.74894802337599,0.199313184124285,
PGRMC1,9931,0.277647048091683,0.199508929845392,
FAM118B,4518,-0.507418715605537,0.199549857077334,
SSR1,13131,0.681902836856591,0.19955452668011,
DXO,3963,1.47443286565142,0.199573237152946,
ADGRV1,327,2.03241371135368,0.199612092912698,
NLE1,8981,-0.713743262464506,0.199642608121143,
CDKN2AIP,2402,-0.567883445609102,0.199749283235083,
APBB1,764,0.958120224138114,0.200283279782122,
MAFK,7723,-0.241351332811943,0.200409113534871,0.668444593879981
CD1C,2230,1.23175674604403,0.200516101363039,
WDR73,15257,0.789477565077857,0.200538015501118,
CHORDC1,2638,-0.219036572125065,0.20057311707981,
CD274,2245,-1.07482580472016,0.200705369232057,
C9ORF40,1791,0.758441122907138,0.200753786961245,
ZC3H12A,15472,-0.596931527014111,0.200844728839665,
MPHOSPH9,8262,0.794875147940666,0.200875651703378,
TMEM44,14082,-1.0364877920231,0.200898052282335,
POP7,10383,-0.550094670827183,0.200957390982068,
TTLL5,14671,-0.599403254173154,0.200962304484258,
MYO1C,8588,0.214064241066922,0.201030323605067,0.668444593879981
GPX8,5617,1.30029411281519,0.201078196712507,
TMEM106C,13923,-0.537160677348497,0.201109668617411,
TSPAN11,14582,-1.82419550436275,0.201220717828521,
PGS1,9933,-0.622725967105369,0.201253705865061,
COL5A1,2948,0.607693295384594,0.20127885540624,0.668444593879981
SIGLEC11,12286,2.05052325065905,0.201331853550078,
HLA-DQB2,6040,1.0173876701776,0.201342253755461,
ADAMTS20,266,3.7277072196376,0.201352748133783,
ATP1B2,1122,3.73412626981227,0.201365023282499,
SLC25A19,12432,-0.784982742637852,0.201418663080752,
AHR,427,-0.524072457906056,0.201469672757657,
SHROOM2,12273,-0.987611388014758,0.201496468113652,
ADPRH,351,1.07481945354307,0.201548237356986,
NCOA3,8752,0.409612343855775,0.201639946948683,
EHD4,4108,-0.39306941173938,0.201652272168431,
KMT2E,7163,0.373658345782518,0.201662803801434,
SLCO2B1,12661,0.544755098082635,0.201786184577135,
ELP1,4204,0.333377339798809,0.201912541991992,
RHOBTB3,11390,0.919940744352929,0.201928362887952,
TMTC4,14154,-1.02504065437782,0.201953126532136,
CSNK1D,3183,0.305325123385351,0.201957698238091,
PLAAT1,10131,1.69682601690255,0.202023494394285,
TAF5L,13447,1.11150184438919,0.202053851851071,
KCNJ8,6900,1.40803574219213,0.20213330609773,
PIM2,10055,-0.588356041361435,0.202185910513772,
PNRC2,10298,0.253712253442829,0.20225093437441,
LFNG,7349,-0.419183923459806,0.202330581073631,
IL4I1,6561,-0.872892314886829,0.20233083339205,
MOB3C,8222,1.45956129614001,0.202389447652631,
TFR2,13720,3.7008680425462,0.202395474264813,
JMY,6816,1.32759122175031,0.202922379309451,
ABCC2,61,1.46122317961685,0.202942733833521,
SCLY,11929,-0.995766303005818,0.202960392123596,
MPHOSPH10,8259,0.54783217738713,0.203021594324395,
SMAD5,12699,0.26641983065582,0.20308816358297,
SDHB,11985,0.202508500263194,0.203093219462442,
CCDC93,2122,-0.273733055438411,0.203102950815036,
CDK10,2367,-0.241055417101772,0.203160375472272,
VCAM1,15070,0.942063601484941,0.203306098009183,
ETFBKMT,4399,2.14108025873755,0.203462754053266,
MRPL12,8312,-0.442194097130475,0.203501824628837,
ZMIZ1,15596,0.536120410433187,0.203571703574184,
ARHGAP10,858,0.978689236707729,0.203739387576247,
ARFGAP3,847,-0.704270101853818,0.20385925560982,
TP53INP1,14277,0.707145063360019,0.20390356852886,
BBS5,1306,0.7049906066137,0.203906683432595,
NSA2,9180,0.404636238366337,0.203968894246744,
OSGEPL1,9452,1.12619303068789,0.203998592823257,
SORCS1,12887,2.75031759214133,0.2040254073718,
MAP3K3,7798,-0.360633108349793,0.204050190488034,
SMYD4,12785,1.31991413849779,0.204253391848643,
SHKBP1,12262,-0.464703484990039,0.204325413020537,
CARD14,1911,-1.20700068321336,0.204330402704533,
SEC11C,11996,0.699519096788351,0.204448060641518,
RNF180,11505,0.945572277207472,0.20449811245254,
C2CD5,1702,0.380512547233597,0.204518999369841,
ABI3BP,102,0.999523675830658,0.20466944621468,
DEK,3578,0.395410580331936,0.204690065956662,
KRTAP5-5,7218,3.70203485305769,0.204724990232849,
ERH,4353,-0.680837358725899,0.204728021102286,
CEP112,2483,1.00182686358423,0.204828022515838,
AQP5,825,-1.05316918313821,0.204906792331744,
IFIT2,6330,-0.702179835615996,0.204956383250461,
EEF1AKMT2,4048,0.445546069947144,0.204991175175727,
GCH1,5234,0.979274501421728,0.205046189159097,
TMEM14C,13961,0.415870777831088,0.205059012664408,
SPINK4,12999,1.79788598835625,0.205064663340416,
ARHGEF1,894,-0.262664634300002,0.205075433104032,0.673438787820419
DMAC2L,3725,1.02963260863544,0.205114435024285,
RCOR2,11251,-1.31216150918144,0.205144389127629,
OCIAD2,9335,-0.309770577497442,0.205149886762951,0.673438787820419
WDR35,15229,0.595390691508245,0.205267841161153,
DLAT,3702,0.466473529566234,0.205312074790197,
ZBTB48,15456,-0.695542781224395,0.205364019957009,
OCA2,9332,1.93289157934924,0.205367116102127,
LINC00621,7415,2.85921032980352,0.205375460994782,
PARD3B,9591,0.86861447939821,0.205391582099123,
KMT5C,7166,-0.534621076032069,0.205516320858672,
BRD3,1475,0.419155931183771,0.205616847181982,
ZFAND2A,15530,0.527053069147326,0.205710801428553,
CLCNKA,2732,2.30543244249078,0.205731550378181,
FBXO48,4770,1.02553019204532,0.206146056275126,
NEMP2,8866,1.0782866723778,0.206175160494542,
CHRNB4,2658,2.09736612957209,0.206182394097921,
TEX45,13694,-2.10245797379338,0.206275683553257,
DNER,3813,2.24018044231401,0.206593836328247,
WDR63,15252,1.5035661069463,0.206617267377968,
CITED2,2704,0.634730544797928,0.206726177347381,
VGLL3,15092,0.7742141773414,0.206747304758426,
LMF1,7450,-0.345237180876111,0.206790836824751,
DGCR2,3616,-0.28630103804195,0.20684536295525,
VAV1,15065,-0.643525956540192,0.206863128922782,
SSTR5,13140,-2.36576888863286,0.206945935396444,
SCARA5,11907,-1.69038660963432,0.206975999124949,
C19ORF48,1633,-0.470786746934187,0.206989486272773,
RPS6,11680,0.240759586051777,0.207009492312474,0.673438787820419
RPL36AL,11622,0.46165736603145,0.207093042636399,
COMT,2977,-0.46567084538909,0.20712345426724,
SMIM3,12752,1.00751968232726,0.207268293375066,
WDFY2,15208,0.625306519778147,0.207290649065507,
MSRB3,8424,1.10210298699821,0.207381364394001,
ZNF526,15851,-1.02723218213972,0.207424152448503,
VPS26A,15125,0.94232251676658,0.207502603279557,
LRRTM3,7607,2.08443785537342,0.207648892073991,
ALDOA,519,-0.270079150707059,0.207674313551194,0.673438787820419
UCN2,14865,-2.03695792460265,0.207677270712711,
PLAAT4,10134,0.46580800207926,0.207684922587958,
GAK,5145,-0.422708204080774,0.207777371445098,
WDR62,15251,-1.14578200828035,0.20777787036887,
MYH14,8565,-0.384284394362499,0.2080221248032,0.673438787820419
LSAMP,7611,0.876441100790014,0.208034072372105,
KIAA1755,7013,2.69630583413204,0.208105739351287,
MRPL30,8328,0.92184149026255,0.208232915980751,
NDUFV3,8825,0.339159976156645,0.208339249900348,
C1QTNF5,1674,-0.863422939021794,0.208388658906528,
PLA2G4F,10125,1.31909873249679,0.208452761081145,
MANBA,7765,0.469809042280228,0.208599097976117,
FNDC1,4959,0.909513862538904,0.208600296788769,
ABCC3,62,-0.45678449849068,0.20863338170452,0.673438787820419
LY6G5B,7661,0.514084309530773,0.208650797608377,
PLEKHD1,10185,2.92023214959517,0.208669643519799,
MAT2B,7864,0.311156877959527,0.208670959992635,
GCAT,5227,-0.751735523222955,0.208705906419786,
NOL12,9033,-0.523049245174885,0.208715573909702,
MPP3,8271,-1.50244579714041,0.208730673116918,
ME2,7947,0.610514960653517,0.208734862457871,
C1ORF52,1659,-0.565373587793904,0.208780927286677,
GLIDR,5369,-0.660483031777604,0.208804956283392,
MCTS1,7929,0.481604753542038,0.208893684074173,
FPGS,5015,-0.278579404351942,0.20889938012518,
MRPL14,8314,-0.501949044104864,0.208961810600481,
RDH10,11255,-0.587282801084846,0.209057884537457,
AGFG1,394,-0.389295346563717,0.209115740878626,
TMEM45A,14083,0.979278610204118,0.209151432298657,
CADPS,1844,1.64347789992301,0.209266505421571,
PI15,9991,-1.42716704140599,0.209316997554203,
MBLAC2,7883,0.968564102208117,0.209323293299287,
PLAC8,10137,-0.560125478810141,0.209580139841073,
DGAT1,3614,0.422820775507211,0.209704430544054,
MTCH2,8447,1.24312177520599,0.209814410107768,
MRI1,8299,-0.495561306426178,0.209865384066507,
VIM,15098,0.461595488382946,0.209927890294262,0.673438787820419
FAM83H,4661,-0.635562680588529,0.20993713540663,
BOC,1449,0.751310649459405,0.209995665187578,0.673438787820419
SMIM11B,12741,1.06415242453821,0.210002583283736,
LIF,7382,-0.935593289189515,0.210038221598014,
WWC3,15320,0.33808998926499,0.210059788252907,
MPRIP,8278,-0.781236285038377,0.21008123694268,
TMEM135,13952,0.67973030337599,0.210194926759966,
AHNAK2,426,0.609476207442992,0.210265435354668,
FN1,4953,0.573049528848075,0.210293153074034,0.673438787820419
TMSB15A,14148,2.20363969189532,0.210403565366116,
PARD3,9590,0.273488725039368,0.210407862456863,
PARG,9595,-0.760648174059235,0.210542511413506,
SAPCD2,11864,-1.90086605891988,0.210637218807769,
AMIGO2,574,0.634166047929785,0.210709443581742,
SNHG8,12810,0.412283770673134,0.210775747239527,
LRRC19,7544,-1.54265900089498,0.210902239947912,
VEZT,15089,0.296476388217609,0.211168088560975,
TARS2,13482,0.70127614967632,0.211236881880276,
NECTIN1,8832,-0.928274009823161,0.211300530985637,
TMEM251,14048,-0.818154068023387,0.211369977162058,
ROCK2,11559,0.276240258636646,0.211728964284023,0.674580079278783
SEPTIN3,12082,1.74506346153017,0.211815084884929,
NMD3,8999,0.378564835148219,0.211900321543003,
PARD6G,9594,1.55395199344601,0.211943811074972,
MKKS,8148,-0.511303515404697,0.211962045424177,
MRPL52,8350,-0.475758350648255,0.212313760443888,
ZNF267,15698,-0.327378514911713,0.212321363242641,0.674580079278783
DHRS12,3642,0.694391788202794,0.21234660054162,
CDHR5,2363,-0.505306402174866,0.21237781990471,
MEGF9,7994,-0.800852239347529,0.212399518648347,
HCAR3,5836,-1.36343425306872,0.21253259346535,
NR6A1,9148,-0.798340802501237,0.212947374979666,
DDIT4L,3520,1.94425869003772,0.212948626969014,
B3GNT2,1234,-2.17532178244594,0.213082582032601,
SPARC,12938,0.560679842251498,0.213253555702228,0.674884782163522
IRF2BP2,6692,0.234497386045879,0.213287869160659,
RPL6,11630,0.438334165767658,0.213377212260795,
MPP5,8273,0.530260264409264,0.213457687348506,
SLC46A3,12586,0.536173922408504,0.213725355605406,
FAM78A,4651,0.488859687093476,0.213769927223454,
HK1,6025,0.439842610153475,0.213799283845859,
BAIAP2,1275,0.431308344602225,0.21395442071083,
AOC2,726,-1.38734444492696,0.213960383693627,
MED16,7965,-0.397882439749713,0.214029350945895,
NPAT,9077,0.580201166282523,0.214033356292357,
ANKRD44,672,0.571965150930959,0.214114598418554,
PCDHGA8,9701,-2.66183595873774,0.214252096618307,
OOEP,9379,-2.62640641580354,0.214256149456451,
OMP,9375,-0.881995941177145,0.214267784380901,
TRBV3-1,14406,1.85626180468757,0.214296780262176,
LINC00623,7416,0.948265080306868,0.214323328838179,
KIF18A,7027,3.06231608646268,0.214358298600159,
MCM10,7908,-1.04696806085677,0.214450992597946,
BCDIN3D,1322,-1.71306023461023,0.214466287488119,
MGAT2,8081,-0.54786753089564,0.214468145635502,
PIK3C2A,10036,0.424457736717316,0.214649632015832,
BLOC1S2,1415,0.788201648819738,0.214673992289501,
ATP4B,1131,0.96656260519783,0.214686865263725,
BICDL2,1394,-1.27741387218784,0.214923967120823,
RHOU,11400,0.46108733465847,0.214993712833416,
HOXC6,6143,-1.78966580428023,0.215061334061441,
DKK4,3701,1.51042965752976,0.21507813929099,
ATP6V1C1,1164,-0.347352470971032,0.215168829846305,
LIMS1,7404,0.460086133089783,0.215181906996398,
C12ORF45,1577,0.649360027039977,0.215312079586878,
EFR3A,4086,0.458324871396692,0.215385732446568,
ZNF385A,15764,-1.03894138459783,0.215388728926015,
ZFP14,15541,-0.83813065418823,0.215493517505884,
PDXK,9832,-0.276917637355788,0.215641765612523,0.677336250303917
WWP2,15323,-0.205080078919245,0.215706835598645,0.677336250303917
REXO1,11309,-0.608339015968768,0.215741119498917,
GATA2,5203,-1.08771610769761,0.215811358725582,
INKA2,6607,-0.852823536039413,0.215985399927507,
NSF,9185,0.515514673173802,0.215998889335045,
CARMIL3,1923,-1.26642125771362,0.216049855536344,
GPATCH8,5515,0.993498246920193,0.216116675128775,
JMJD7-PLA2G4B,6814,0.269594479693509,0.21614896540775,
MYCT1,8558,1.05989963119678,0.216200147687411,
CDK5RAP2,2388,0.446308116285384,0.216409345995731,
VPS13C,15120,0.266963794610451,0.216744444531027,
ATP11C,1112,1.08706759258149,0.216787678255631,
RSPO3,11740,1.3523727846974,0.216801672927853,
CHAC1,2582,-1.05068292426884,0.216947297723461,
REEP5,11272,-0.397066636886255,0.216966111864325,
AAGAB,21,0.417907690814656,0.216991301787365,
USP18,14982,-0.933854821424984,0.217033382195142,
HP,6152,-1.39377413943822,0.217051447543801,
EVI5L,4421,0.836747379430538,0.217074272119388,
KLHL23,7118,-0.480661617600359,0.217104256956969,
ZNF275,15702,0.409706982819068,0.217291613618191,
EXO5,4429,-1.36844651173501,0.217378736283315,
PPARD,10406,-0.454453025869864,0.217404472759879,
PKD2L1,10094,-1.77760231380784,0.217457865034729,
SLC7A4,12633,-1.92196697833183,0.217519444298272,
PCBP2,9644,0.379000396497004,0.217565577328209,
SFT2D1,12174,0.21542120330004,0.217589717818332,
LONRF2,7480,1.05052446532857,0.217604199793112,
CALHM5,1853,1.40131053479027,0.217758593818332,
HYAL4,6272,3.60253012462207,0.217788535028679,
USP31,14994,-0.683101206693887,0.217806117397798,
GALR3,5176,3.60096987710283,0.217857239331065,
DCAF12L1,3459,-3.59534379175927,0.217899232453559,
ZNRF1,16093,-0.408656825512196,0.21802292544642,
WBP2,15203,0.577942922765169,0.218062836470805,
YDJC,15375,-0.382391935489588,0.218126282876286,
SLC38A5,12552,0.539563031752895,0.218128843093808,
GREM2,5634,2.02042261552661,0.21822117279109,
TMEM241,14039,-2.08834653364406,0.21833691445898,
NAPB,8679,-0.708337813083074,0.21837677717006,
TRGV2,14436,3.59785068295346,0.218389797990278,
CRLF1,3130,-1.21382789327903,0.218619545793305,
LARGE1,7273,0.971131174454516,0.218766310210136,
WDFY3,15209,0.300083641979608,0.218780281833913,
MARS2,7852,-1.4296298940231,0.21886553595567,
EIF4G3,4162,0.296507989041776,0.21889746465295,
AP1B1,732,-0.332629891631036,0.218905985813964,
NID1,8937,0.922670425254574,0.21895209759056,
ADARB1,282,0.580262471441077,0.219156178580605,
ENG,4247,0.636104646419092,0.219247209160688,
BCAP29,1311,0.588141025393954,0.219250090119938,
PPP5C,10519,-0.274089120302941,0.219283360809199,
TBX1,13562,2.45263164389062,0.219344736446335,
HTR1B,6250,-3.58755193020882,0.219351359664218,
ETV7,4412,-0.711647710747764,0.219473586027263,
PDE3B,9777,0.646193008711648,0.219505519200097,
MPHOSPH8,8261,0.246131466228146,0.21962694189019,
CYHR1,3354,0.546665440824844,0.219757887830696,
LIMK2,7403,-0.406102482111428,0.219816611908379,
HIST3H3,6019,-1.59590224912437,0.219823322418903,
IGLV2-23,6469,1.29821316864416,0.219894013693626,
SLC13A2,12364,1.51528348821109,0.219935465009517,
MXD4,8539,0.334489272092848,0.219955390616102,
VPS41,15140,0.78857034368139,0.219988273145199,
ERP44,4372,0.392331835770171,0.220142236080329,
CAT,1958,0.438204307991247,0.220289408634041,
CABIN1,1812,-0.275691292212427,0.220302695351499,
KNL1,7168,-0.862248382159188,0.22030996011763,
PODN,10303,0.791375735658132,0.22036188734554,0.6869063256326
SKI,12335,0.242966009361618,0.22045692483128,0.6869063256326
CYP7A1,3398,-3.57939890855589,0.220479558599782,
CEACAM5,2432,1.53687818689784,0.22050915559434,
CEPT1,2517,-0.961837401212968,0.22059897403315,
FTCDNL1,5054,1.75541923628594,0.220659426644,
MRAS,8289,1.22900413713369,0.220676788798109,
DUSP12,3942,0.552546180874972,0.220697235729484,
STEAP2,13203,0.693496129484741,0.220717256419286,
MMP24OS,8197,-1.40788667389354,0.220829505797072,
SLC38A4,12551,2.52454402618448,0.220869080621781,
AKIP1,470,0.411446980645641,0.22090569315287,
HDAC5,5853,0.228404471220055,0.220922484996053,
RNF146,11492,0.589572306700657,0.220980927031749,
BNIP2,1446,0.371964048242378,0.2211790627942,
SCAMP4,11901,-0.503994732458246,0.221243429604257,
PIK3AP1,10035,-0.380754496794846,0.221248613341829,
RAB27A,10978,-0.444577942262054,0.221272366106162,
NBN,8708,0.296417152539025,0.221350542909016,
MYO7A,8599,0.667999501417703,0.221369903937089,
VRK1,15152,0.656416533998676,0.221401907074468,
DYNC1LI1,3968,0.712856603921562,0.221543730465378,
AC093323.1,130,-0.577010418672127,0.221603172077949,
SBSPON,11891,-1.76377150431395,0.221659194888421,
PTPN18,10850,-0.447960834074504,0.221694706743823,
NDUFB9,8811,0.24796045952896,0.221863824360977,
SRFBP1,13075,0.58097567052569,0.222006693301266,
SPATA13,12943,0.692808477094854,0.222063498831391,
NSMCE2,9191,0.591774963544877,0.22210502515906,
UBE2C,14786,-1.22813084978474,0.222167876824586,
PIAS4,10002,-0.42935740484003,0.222185199132478,
C10ORF105,1550,-1.74129205196935,0.222267724275195,
DBNDD1,3449,-1.34006343756213,0.222365857224252,
MAP1B,7775,1.04053443239875,0.222400781198896,
SERPINB1,12110,-0.663454525777458,0.222461361042359,
PNISR,10273,0.206897083120768,0.222528090246057,0.690692957032954
SAT2,11879,0.320842727518391,0.222670693676116,
HIPK3,5954,0.399212133760183,0.222785802362463,
HAO2,5802,3.06364674723062,0.222801766418776,
TBX3,13569,1.36075817088447,0.222881441621927,
ZNF211,15662,0.439342497078923,0.223045066759365,
TMEM59L,14093,1.56341655811931,0.223066354868419,
TCF12,13596,0.340930304714359,0.223074707302164,
C11ORF91,1570,-1.14116038875513,0.223144259691498,
UGT1A7,14887,-1.41056178962799,0.223223141630161,
NRROS,9174,0.769861099372826,0.223263105256436,
PLAA,10130,0.212176644093425,0.223276937060039,
KRT75,7209,3.36466679552893,0.223292622735306,
BORCS8,1462,-0.487170470508548,0.22331870763309,
TTYH2,14679,1.2856027202112,0.223367948527428,
LIMCH1,7398,0.676090432699561,0.223457262138358,
USP44,15008,1.85799339162895,0.223464667690385,
DESI1,3608,-0.594105482215096,0.223621926753381,
TICRR,13793,-1.36371068765229,0.223681728133115,
FYB2,5094,-2.20481739319307,0.223730032894727,
ABCB6,54,1.09458284397455,0.22378029481479,
FHL5,4883,1.58273250111257,0.223829971291147,
TES,13675,0.467891614585381,0.223975328341311,
TMEM213,14020,-3.55239818168692,0.224001382126331,
ZNF611,15916,-0.803891713823199,0.22404067418097,
ZNF253,15690,-1.75271759352993,0.224091821141524,
PACRGL,9526,-1.52377415531885,0.224099300965233,
KLB,7074,2.34421223113089,0.224144285374968,
AVPR1A,1214,-2.11541538445023,0.224186983958007,
ZDHHC11,15505,-0.657286004005573,0.224246604038967,
CLIC3,2781,0.719355094780359,0.224312023182321,
CHIC2,2617,0.702508364736742,0.224353916487296,
TENT5B,13667,2.60978010081381,0.224473673214018,
GTSE1,5739,-1.37980446712567,0.224545995596533,
ATRAID,1186,0.428463659778639,0.224557021035899,
CPA2,3043,-1.41749388255592,0.22459912264548,
SNCAIP,12802,-1.37435519180056,0.224644756346649,
USH1C,14964,-0.474235710380471,0.224850148276454,
ZEB2,15527,0.482381411253081,0.224882024215172,
GMPS,5414,-1.58168269470197,0.22494480089709,
ITGA8,6740,1.31626424537157,0.225004238717461,
PRKAB2,10585,0.664642371088604,0.225008248126696,
LOC286191,7474,-1.52577680389056,0.225050090228954,
GUCD1,5742,0.563067373332241,0.225143515802436,
BEX2,1377,1.28977673124164,0.22523035554265,
CTAGE4,3217,-0.547978678587977,0.225256537147934,
FAM72C,4648,-0.661768853824038,0.22549703703928,
EDIL3,4036,0.620717150407153,0.225542391803736,
TMC2,13891,2.87034944251385,0.22582239185182,
CAV2,1965,1.02011659783965,0.225829132282187,
GNB3,5430,-2.34974416864316,0.225870591670609,
ICA1,6283,-0.485728434092936,0.225944658711932,
DVL3,3962,0.358130798505589,0.226058945865911,
ALOX5AP,552,-0.391173299299902,0.226075418932946,
PLXNA2,10248,-0.379227669964461,0.226102086242694,
IGHV3-13,6407,1.17761290315355,0.226281056247238,
CEBPD,2437,0.557036048275621,0.226332794518288,
NDUFB1,8801,0.397700262943911,0.22643411692159,
USP12,14971,0.435635852912203,0.226436284144688,
TCFL5,13607,0.972075145826417,0.226512464747286,
NFE2L2,8893,0.296686197968673,0.226680365538191,
GSTCD,5692,0.923817845455546,0.226748845632486,
WRAP53,15308,-0.459341394715588,0.22684515334086,
CYP1A2,3358,-3.52564527600079,0.226934467912873,
ADGRG7,322,1.6656219492398,0.226981599687434,
LILRB2,7393,-1.87949712008704,0.227071176981351,
GOLGA8H,5472,-1.44525686013891,0.227266986406239,
UBAP1,14775,0.929460864282761,0.227306126073571,
ZNF729,15998,-1.68816371477494,0.227538048160548,
OSR2,9458,0.862739088862872,0.227634560923621,
MAN1B1,7758,0.527968454885169,0.227639293295459,
MMP2,8193,0.581566368109342,0.22770206192782,0.704044306420501
NEDD1,8836,0.74203799809555,0.227885462565901,
CD3E,2264,0.546937020794287,0.228101613082995,
SLC12A9,12363,-0.794511578636681,0.228159108429923,
SNX30,12862,0.924303795499476,0.228328379070657,
CHAC2,2583,-1.05815874530026,0.228337287519084,
GMPR,5412,0.613650536202536,0.228532803714576,
C20ORF202,1685,2.42442412657982,0.228591902355546,
GK,5348,-0.373324137234427,0.228620472293636,
ZC3H3,15480,0.49804938306222,0.228695141824743,
IGFBP3,6371,0.723025524542414,0.228788656340644,
LCE3E,7299,-2.70819463754466,0.228887206124133,
MED30,7979,-0.723033407541883,0.228905933434135,
ADIRF,338,0.487263037780281,0.228921623172444,
RAB38,10993,1.61460209306616,0.229067645913258,
GDNF,5261,1.33617628605401,0.229070756505983,
NRDE2,9156,0.553718677769658,0.229177254384177,
NEK2,8851,-0.984806737064053,0.229247509179854,
CGN,2577,-0.444965801285331,0.229293651027925,
CCNC,2166,-1.0486446204275,0.229314014740047,
KCNJ15,6896,-0.6413778770525,0.22936498413397,
PNPT1,10296,-0.983729511142846,0.229366192328957,
TBX20,13567,3.51334642815416,0.229451246384371,
MYCN,8557,-1.83181298290951,0.22958916049516,
CDK12,2370,0.797633777003421,0.229606741872968,
DDRGK1,3526,-0.303113169788202,0.229681640403732,0.707454518342792
FHL3,4882,0.715148813305903,0.229691773872978,
SEC24B,12012,0.618149903797328,0.229752131681161,
BLZF1,1422,0.498510697593345,0.229771355903081,
GNG11,5434,-1.2221342477794,0.229801261943594,
BNC1,1443,3.51050187400998,0.229830251241446,
PDZRN3,9841,0.735323028856417,0.229847755719076,
KIF23,7038,-0.774207920062872,0.229925712686761,
RBM34,11200,0.47410515499406,0.229940366749092,
S100A14,11810,-0.459983878706377,0.229991140394126,
LRRC36,7557,-1.42528369373378,0.230035487663724,
WDR31,15226,1.62157984332513,0.230101583322746,
MED1,7955,0.443190916412213,0.230184968340508,
OTULINL,9475,0.516893197624638,0.230227700535782,
ARG1,854,2.23370601744256,0.230270744407469,
SNPH,12814,1.00267335604372,0.230460409826507,
UQCC3,14942,-0.588489147264131,0.230552667229344,
TBXA2R,13572,1.19609998762371,0.230671256378255,
DMRTC1B,3737,3.50407494196799,0.230688208834938,
ANGPTL1,612,1.00439152011556,0.230734777648773,
PNLIPRP1,10278,-1.87312572885216,0.230804892416134,
SLC25A40,12454,-0.535215484407753,0.23088241400457,
LRRC23,7547,1.05568659724638,0.230886907169169,
IQSEC3,6681,2.03585234677107,0.230898874131744,
POT1,10388,1.00213632824249,0.231104595652079,
BEND5,1369,1.72965150191715,0.231157387184292,
NOL10,9031,0.791811871678966,0.231159738096619,
TREM1,14426,-0.624381245137364,0.231184072227925,
TMEM198,14010,-0.860731771042777,0.231308447504271,
SP1,12913,-0.559861937227969,0.231376593596668,
FGD6,4845,0.908986441680118,0.231656140385323,
RAB10,10954,0.42613407729592,0.231843563575425,
CAMLG,1874,0.801748712719315,0.231861326521239,
GEM,5268,1.0297054020702,0.231871503493942,
TMEM35A,14070,-1.54760802449228,0.231874515053823,
GRM8,5662,2.51513001795554,0.231886122484181,
BANK1,1282,-1.16903358825953,0.231889291200642,
CDHR4,2362,1.88489698886698,0.232124219979479,
LLGL1,7439,-0.892376711865504,0.232178533323056,
DISP3,3695,2.17755435262373,0.232287906558999,
FCGR2C,4794,0.405313874559874,0.232417346840999,
FOXF2,4992,1.0108044227461,0.232436764145677,
MRPL35,8332,0.573085493282216,0.232456957235564,
HSPA4L,6228,-1.10138467411525,0.232461437424637,
FAM133A,4532,3.48724037198458,0.232490685514839,
DAGLA,3427,0.772219714367246,0.232633733966639,
ZBTB10,15426,0.682771261258799,0.232778712934057,
EIF3K,4147,-1.27299597673686,0.233020548987524,
TMEM139,13954,1.26492660983256,0.233043363256893,
CLPS,2806,-1.19641725213443,0.23305789649224,
ZNF528,15853,1.60635394231539,0.233099569959479,
SLC41A3,12573,0.714584370094424,0.233133748080079,
DNAJC18,3784,0.843968255404835,0.233165032637661,
ZNF569,15881,-1.24976392536616,0.233303778765905,
CXCR3,3317,1.77306784247972,0.233459680361503,
MRTO4,8388,-1.05394568219957,0.233493336932214,
ZFYVE19,15568,-0.433020439683367,0.233583745023594,
ZNF862,16076,1.08832776662315,0.233631603250337,
PROM1,10633,-0.746165433232315,0.233645174845342,
IGHD,6384,-3.47259077359424,0.233834845558463,
RBMS2,11217,0.513069506749989,0.233939100605498,
ACTBP9,212,-1.40616979060545,0.233943332548847,
NXPE4,9310,3.4728273526899,0.233948243671328,
CDC34,2318,0.766306333768567,0.233966905255068,
VPS50,15144,-1.16756285053113,0.234106054977238,
KCNJ3,6898,-1.25772529700946,0.234146690943931,
FMNL2,4944,-0.354712501798799,0.23418600713458,
DAAM1,3415,0.556389094169993,0.234187441346219,
TBC1D7,13538,0.560845230635026,0.234413574889685,
NFE2L1,8892,0.344342431556682,0.23448748809834,
TNFRSF11A,14175,-0.980303219551488,0.234533195242891,
AGTR1,417,1.23832830546184,0.234544441483017,
LRCH2,7510,1.1418428101112,0.234550456455907,
TRMO,14512,-0.572370331393438,0.234634511187838,
RNF149,11494,-0.344793814721388,0.23469252566725,0.718591201378154
CRYBB3,3153,-1.23274099395269,0.234695632149578,
RPL27A,11609,0.620395064376449,0.234780660402808,
USP43,15007,-2.14697368138374,0.234824311822925,
H2AFY,5776,-0.276353993134278,0.23507816253263,0.718591201378154
RASSF10,11148,-1.58790254311728,0.235153533752135,
IGF1R,6362,0.657127519750748,0.235252994656411,
SEPSECS,12077,-0.864549720101366,0.235411971396195,
TMEM59,14092,0.33689568290966,0.235525753621266,
TRMT1,14513,-0.465794143855609,0.235551355920601,
ETNK2,4404,2.06455086018816,0.235570653978688,
C2,1682,0.553163797707721,0.235617087476151,
ABHD14B,86,0.259922668563587,0.235648720156577,
ALCAM,500,0.348889858220908,0.235763371380229,
HOXD8,6150,1.21927492983108,0.235783082084602,
DDT,3527,-0.452960092282649,0.23613355022677,
PLCD4,10155,-1.77576878024016,0.236187739541698,
FOXD2,4985,-1.39624735356619,0.236204612316421,
SMS,12776,-0.278378343685752,0.236241407118961,
CENPE,2463,-1.17136618130815,0.236258520826797,
TNFSF13B,14196,-0.415708874534151,0.236303155662005,
CPNE4,3064,1.71984021730672,0.236329810911295,
DSTYK,3915,1.60504086283048,0.23638261931136,
CLEC2D,2764,0.602204320959266,0.236483855747552,
VN1R4,15111,-1.5202583727442,0.236487656474154,
LSM1,7613,-0.424558122188661,0.236500519948696,
PRORP,10635,0.614097176775936,0.236537505592679,
MRPS22,8369,-0.709400550934746,0.236615667133348,
TOR1B,14263,-0.711391946752014,0.236628458571153,
DSC2,3903,-0.463224866456335,0.23670201094346,
PGAP3,9909,0.574755368782126,0.2367286191406,
VGLL4,15093,0.356508288906212,0.236848750955338,
ABHD10,81,1.72957468330849,0.237111693576065,
9-Mar,10,-0.690716081206844,0.237115966024746,
IQGAP2,6677,0.357683838178377,0.237143364946957,
SMPD1,12769,0.575667407053678,0.237165735917958,
WBP1L,15202,0.326655976243177,0.23719642544919,
ASXL1,1057,0.517904274921079,0.237238678271535,
RIN1,11421,-0.698731466893083,0.237251340209121,
DMKN,3732,0.623922778582138,0.2372714089382,
SMAD6,12700,-0.952960249976685,0.237289239641562,
EEA1,4043,0.672428027278813,0.237427664510138,
JPT2,6822,-0.56183238921233,0.237503931656057,
NPIPA2,9092,-0.209814393410379,0.237505339625065,0.718976863154841
CHRNA3,2654,1.24306684767065,0.237517563021555,
MBTPS2,7893,0.805088129531839,0.237518170289493,
LAMB2,7254,0.271461087322737,0.237525480046831,0.718976863154841
RPS8,11692,0.22930302641907,0.237593564988484,
TARBP2,13479,-0.445870243574528,0.2376249285457,
HIST1H3E,5988,-0.925489094740212,0.237758118471614,
IDNK,6307,-1.42178213921336,0.237785714353592,
CTSZ,3268,0.217542510060023,0.237937640645294,0.718976863154841
RIC8B,11409,0.814493600528206,0.237979884791345,
SLC22A20P,12407,-1.39513178511465,0.237999118890558,
SGTA,12204,-0.658076095887791,0.238082886228615,
TULP4,14707,0.694561586042094,0.238328769945429,
CDS1,2416,1.53103932043776,0.238350467900153,
CAPN6,1896,3.44389851539009,0.238360862521891,
PRRG3,10685,1.36612379408157,0.238374858075681,
AUTS2,1209,1.05608731603268,0.238385663948716,
TEPSIN,13670,-0.398638365201642,0.238489087020643,
IGHV2-5,6402,1.44436701482976,0.238548406406217,
POLE3,10326,0.482570266693798,0.238645650002752,
PRDX6,10560,0.53336651893928,0.238669394442852,
ADORA1,346,-0.762777309961498,0.238752327695149,
PREP,10566,-0.302697083204789,0.239140916262563,
TEAD3,13641,0.252617436142535,0.239194027998994,
TSSK6,14614,2.92787285633672,0.2392224216577,
DUT,3958,-0.340241392216518,0.239250903717706,
ZNF582,15893,1.49709797732801,0.239314506679737,
USP28,14991,0.60286641005394,0.23933392561779,
MYBPC3,8549,2.8482883133622,0.239367647941605,
FAM157B,4549,-0.742113852222857,0.239370905969239,
PMPCB,10268,0.646869752242163,0.239491788929469,
AKR1C3,478,-0.448666346344807,0.239503819181328,
MGC70870,8086,-2.15820971239961,0.239510634291167,
ADA2,239,0.785072080464747,0.239516489115189,
CTNND1,3244,-0.38153110224687,0.239586617251991,0.718976863154841
VAC14,15045,-0.18282847015521,0.239658954384947,0.718976863154841
UCHL3,14859,0.476547383287463,0.239686583794407,
GLI3,5367,0.967783225327178,0.239802757795593,
ARHGEF19,903,-1.68754713924504,0.23980488096254,
THOC3,13767,-0.286938368616619,0.239817000215278,
COL15A1,2927,0.690847581713538,0.239877440902658,
ZC3H13,15476,0.44072453939478,0.239878473940744,
PLCD3,10154,-1.40011921639869,0.239956476372994,
KLC1,7075,0.284435526851005,0.239974216858638,
HIGD2A,5942,0.206401190770152,0.239979274907244,
CLIP4,2789,0.356865125372897,0.240123491004213,
FAM162A,4556,0.36525484672657,0.240143180620062,
LPAR3,7491,-1.78050886825062,0.240148652822227,
ZBED8,15422,2.05787329901649,0.24034181470245,
RASAL2,11130,0.276960282797656,0.240377294696071,
MTX1,8509,-0.586233232622587,0.240410610048679,
PEAK3,9845,0.853675200207083,0.240448204376393,
CFAP126,2534,2.5344736187379,0.240464330061537,
ATXN10,1192,0.327105933762677,0.240544342341945,
ANGPT4,611,-2.5310444211474,0.240544970728313,
NME9,9008,3.43076202952414,0.240568458076766,
NWD2,9303,-2.72397002644326,0.240759431436209,
GALNT3,5166,-0.379069578198317,0.240765028165379,0.719619917516522
IGHV3-72,6422,2.33992093012916,0.240779321118511,
GRN,5663,-0.504927148174623,0.240848763026372,
TP63,14281,1.58276849814218,0.240903514010109,
ETS1,4405,0.368467871096104,0.240903622122735,
NIBAN1,8933,0.694586162820911,0.240929852407306,
TCF21,13600,1.00846167332466,0.240976481988888,
ZMAT5,15595,0.759579276827149,0.241011345037817,
KCNA10,6863,3.4244641237695,0.241028534365067,
CBS,1984,0.996019279846763,0.241176648993779,
OSBPL9,9447,1.12528155971368,0.241188209559458,
RGS9,11370,1.53460894712323,0.241307657230138,
CCT6A,2210,-2.29260619700351,0.241311307483172,
NUDT22,9258,-0.249635113137992,0.241342110499618,
ZCCHC2,15494,-0.434974022449066,0.241367500752936,
GABRD,5131,-1.38387107859846,0.241433707768332,
HECW1,5882,1.17557332392666,0.241588273517109,
EXOC3L1,4433,-1.26755662351433,0.241692568483642,
HEYL,5916,0.87137885942958,0.241719407365209,
FAM98C,4674,1.44863282547087,0.241799213676222,
TAF11L2,13434,-1.59231671228255,0.241854000124995,
FASTK,4698,-0.242626837171306,0.24212592287358,
RNF214,11520,-0.588643058701365,0.242167535676426,
DNAL4,3804,-0.833920496073839,0.242175184319866,
TMEM150B,13963,-0.794090369785732,0.242355039803734,
RAP1A,11100,0.916118385393887,0.242371453108556,
BIVM,1407,0.560588899131096,0.242387434754734,
HOMER3,6116,0.471458145148713,0.242485958906015,
SOX10,12899,-1.29995344186312,0.242511159803912,
DICER1,3674,0.282002160548997,0.242557308499741,
HEBP1,5875,0.571863778029796,0.242653068055811,
EPB41L5,4290,0.567393689611011,0.242745273413023,
SNX24,12857,-1.15081718188976,0.242763132900525,
HADHB,5795,0.504139466773998,0.242837634669459,
PSTPIP2,10791,-1.0615342832349,0.242995737667168,
ADAMTS14,259,-0.706260085992607,0.243071617278696,
DOT1L,3853,-0.320337225902124,0.243116942161687,
RPL22,11601,0.184629830868503,0.243185249237172,0.724171572451653
AC021218.1,123,-2.42045878644703,0.243237753624619,
SVIP,13348,-0.375961272784743,0.243290594956092,
PROSER3,10639,-0.60050731030258,0.243395082763446,
ZDHHC11B,15506,-0.69117125007096,0.243395347113804,
SBF1,11885,-0.488165516414879,0.243506815194911,
CXORF49,3325,-2.32962439479239,0.243604519367149,
SNRPB,12825,-1.13247346252441,0.243658867033289,
SP140,12916,-0.751465203661425,0.24371328930573,
SLFN12,12669,1.27997115664136,0.243726431808668,
TRPV3,14551,-0.923361025306568,0.243762312409088,
NPNT,9110,-0.394943220011128,0.243797101693145,
SCYGR10,11964,-1.84033473021603,0.243814783089765,
GAB1,5116,0.531060696716372,0.244018182823528,
CCDC167,2052,-0.533065633065984,0.244104921343725,
RBPMS,11229,0.618863725882931,0.244186689694422,
CRMP1,3133,1.23832178604917,0.244453267811616,
IGHG3,6388,-1.35485530163882,0.244555349905925,
PCDH19,9656,1.92249016022799,0.244564443336096,
STMP1,13237,-0.674420466800828,0.244936586143879,
ZNF561,15873,0.673354695718742,0.244957886617335,
MSC,8403,0.814626379975301,0.244994837849338,
CRISPLD2,3127,0.538599335752313,0.2451757274363,0.724448063912426
KLF16,7086,-0.419409252930644,0.245185388940777,
PLCD1,10153,-0.887850705001035,0.245207634037388,
NEDD9,8841,0.391641449435858,0.245214769178944,
HCK,5841,-0.614416840467347,0.245276518256935,
SCN4A,11937,-2.68430189010667,0.245293820562468,
IGHV3-64D,6420,1.37308461026021,0.245344932931532,
MNT,8214,-0.920075989655315,0.2454236266668,
ZNF812P,16050,3.38964273092608,0.245450838804204,
TRBV9,14421,1.99044917933018,0.24545874806909,
PMEPA1,10259,0.51544177314477,0.245468199964986,
AGMO,400,-0.710223829765567,0.24566588625644,
PDZD4,9836,1.20015750911328,0.245703483041195,
PRCC,10540,0.799138440481189,0.245760612035027,
SLC43A3,12576,-0.7686030988877,0.245788502680852,
ZNF426,15786,0.490938045264101,0.245985780733916,
BCL2L10,1333,-1.59071108295224,0.24600979890378,
BRAT1,1469,-0.526724207665542,0.246051052670137,
FAM183A,4577,2.42252176286012,0.24619731562692,
ATF4,1072,-0.31434251221401,0.246235633061776,
YTHDC2,15400,0.534424853988966,0.246519177235312,
MEX3B,8045,0.956684601059857,0.246657902483956,
DENND4C,3591,1.1755211021551,0.246669204740604,
CDH1,2345,-0.868269807492354,0.246681983695027,
RGS14,11357,-0.713196355176282,0.24680109792887,
ZNF354C,15754,1.14758455046018,0.246836037688275,
SPAAR,12924,-1.64279106271409,0.246907338567054,
LAT2,7286,-1.02987211477747,0.246914784834066,
MPPED2,8277,1.6086788147204,0.247091157779582,
FSCN2,5044,-1.17866498855345,0.247135226415509,
KCNQ2,6920,3.38025514750003,0.247208663374715,
LGI3,7363,2.19159657105596,0.247223917695892,
ZFPL1,15559,-0.525112291688192,0.247234040610166,
SDHA,11980,-0.272403100440203,0.247242438476704,
HSD17B4,6200,0.172186606649809,0.2472790002926,
KIF1C,7032,0.565788679850305,0.247351069711847,
MCM3AP,7911,-0.319807608906928,0.247378977017908,
PDPN,9823,0.75490207731766,0.247438341017463,
TLR5,13865,-0.704744982422267,0.247456987802508,
SLF1,12666,1.12556361078357,0.247641595225446,
COQ3,3001,1.18863368896336,0.247675906140786,
RAPGEF3,11110,-0.627116196420218,0.247905941836367,
PRR12,10661,-0.266752869644409,0.247962503501708,
GADD45GIP1,5141,-0.285897911341197,0.24796381115576,
NPHP3,9088,2.0911700620565,0.247992493205924,
RNF220,11523,0.348978810840376,0.248125680268942,
SLC38A11,12548,1.70573951174732,0.248240628676321,
CCDC39,2083,3.37202298877872,0.248284740447127,
MUC5B,8522,-0.667836011030834,0.248326007920062,0.724448063912426
LIMA1,7397,0.665194119745474,0.248396751874485,
ZC3H12C,15474,0.697806720044388,0.248412213617343,
COLEC12,2962,0.931149757355471,0.248465865117094,
TAGLN2,13461,-0.257939101252288,0.24848105576132,0.724448063912426
CD200R1,2235,2.45303623807578,0.248494321102075,
CNPY1,2881,3.13976418667681,0.248600486551499,
LRRC8E,7592,-0.84014142001154,0.248665790365472,
LPAR5,7492,-0.518179879443755,0.24872510148258,
MILR1,8125,0.909241530967677,0.248748834646694,
DNA2,3743,-1.44342701325978,0.248761259793506,
GSDME,5677,1.23927269948924,0.248826497757337,
FBXO45,4768,-0.584175226931426,0.248867598847631,
RBX1,11232,1.60608727487951,0.248910409811927,
XIRP1,15334,1.78556677264474,0.24901630352667,
ALDH9A1,518,1.19137544486094,0.249031965913095,
RAD54B,11061,-0.927568308739322,0.249133254950958,
UBE2E2,14792,0.617478164085594,0.24915408236258,
FSTL1,5050,0.697606190910956,0.249162854844213,
THRAP3,13773,0.2493075734441,0.249311737454033,
TRIM4,14474,0.399433735212152,0.249341819236632,
HAND2,5801,1.28806121677581,0.249423637437332,
TCTN1,13622,-0.538930771245082,0.249531089846935,
TENT5A,13666,0.306392936065356,0.24972287361257,
SPACA6,12927,0.994367474001947,0.249805851926009,
MRPL45,8343,0.511711293317108,0.249941939207262,
TCN1,13613,-0.603494169302614,0.249970404903503,0.724448063912426
ANKRD1,635,-1.31982366280328,0.250075916225867,
CANT1,1881,-0.534959129359525,0.250124218703446,
FEM1A,4820,0.331147220236456,0.250140131395998,
CSF2RA,3172,0.434250004264143,0.250210221143335,
TBC1D10A,13509,-1.1358706821455,0.250292239393713,
FKBPL,4916,-0.887102239909409,0.250300339055517,
TGFA,13724,-1.0250492904898,0.250528765882759,
TMEM268,14062,0.588005593720974,0.250597493911362,
DTWD2,3924,0.5025186302846,0.250759069220247,
DRC1,3893,2.54813518946097,0.250810727043686,
NUDT17,9253,-0.984435013912443,0.25094206608524,
OGN,9357,0.937535041259872,0.250952871618202,
FER1L5,4825,2.07540944889173,0.25097482106091,
NOL4L,9036,-0.324295644815911,0.251037684447811,
GPR87,5592,-1.03092057605734,0.251052782635337,
HNRNPH1,6102,-0.144086752561109,0.251052946964824,0.724448063912426
FPR1,5018,-0.524796249390005,0.251167929831521,0.724448063912426
TNFRSF10C,14173,-1.13220239632191,0.251183997753824,
WNT9A,15307,1.39118256468325,0.25123163641341,
KIF2A,7044,0.327465120966236,0.251271331749775,
FUNDC2,5066,0.466900442418198,0.251273952954096,
GOLGA6L7,5466,-3.33700307651596,0.251309812772705,
TMED10,13905,0.204354657667257,0.251312359853794,
SLC18A2,12388,0.973842517973995,0.251328702192,
USP17L1,14976,3.35369722796263,0.251416298203649,
AP1AR,731,-0.233201518154824,0.251760373522871,
FXYD1,5085,1.26575511046899,0.2517682545856,
LINC01279,7421,0.782869455642347,0.251792970614563,
ANGPT1,609,0.802921475421167,0.25180212641372,
PSMB2,10746,0.393972474228647,0.251906956641944,
RFTN2,11326,1.20030127153883,0.251953919369733,
CCN6,2159,1.36440055928371,0.252035890531976,
TSEN54,14566,-0.80150037619584,0.252050193229151,
CTNNA2,3238,3.34763125855362,0.252278891929586,
IL23A,6546,-1.14213593845746,0.252289151348238,
IDI1,6306,-0.344592466940154,0.252390731816702,
RANBP9,11097,0.475922012282903,0.252396946726545,
PPP4R3B,10518,0.256829752755537,0.252437790328048,
SNAI3,12789,1.09314237141855,0.252445661865989,
CLIC5,2783,-0.512306399289412,0.252453728270651,
TRIM29,14463,0.518520223622206,0.252468359014741,
PPP1R14D,10466,-1.31192451493047,0.25253212679847,
NUSAP1,9297,-0.52868463815393,0.252640389435079,
COA4,2903,-0.396761512151505,0.252668417263461,
LRIG3,7522,0.435361611153985,0.252695588084883,
ZPR1,16098,-0.833259866295573,0.252698046476833,
NIT1,8958,-0.406963831092725,0.252794397494213,
KLF15,7085,1.06638612145094,0.252815826178888,
GLI1,5365,1.12110447697225,0.252879464420985,
ETS2,4406,0.318579734455379,0.253012011676809,0.724448063912426
ARAP2,834,-0.50442680520683,0.253139654478581,
TMSB4Y,14150,-1.84175769924952,0.253205147721662,
BTG1,1525,0.969846608712689,0.253275928482276,
PRKCI,10600,0.372990308051515,0.253459904816312,
CKMT1B,2714,-0.505202439062734,0.253479781440424,
MFAP2,8049,0.770715744431537,0.253490062598584,
IP6K1,6652,0.439108315397126,0.253500544596729,
ACAT1,152,0.575236347582588,0.253518838092626,
CLINT1,2785,-0.211867071825581,0.25362188327983,0.724448063912426
C14ORF119,1588,-0.304200069418106,0.253649584519588,
C8ORF89,1784,-3.33157907401285,0.253688799297355,
CDO1,2409,0.993828788846214,0.25370154018559,
IGSF3,6492,-0.959948614549932,0.253792462479128,
RAB8A,11024,-0.291328494882006,0.253834326318777,
MFSD1,8060,0.573617073404372,0.253850165760689,
ZDHHC21,15516,-0.936531781293951,0.253851687174684,
KREMEN1,7187,0.622968516792519,0.253902758050264,
CYP24A1,3362,-1.70160031573037,0.253917655326752,
IQGAP3,6678,-0.780432396167717,0.254209988955801,
SPATA2,12946,-1.14378355782201,0.25424234954087,
SLC52A2,12604,-0.5562017023648,0.254330523009273,
TEAD1,13639,0.269576976974338,0.254356951908267,0.724448063912426
SMCHD1,12725,-0.482157595900678,0.254377966359967,
CAPN5,1895,-0.319762316140186,0.254523882825542,0.724448063912426
FOXJ1,4994,1.38085715819708,0.254576768389253,
BMF,1424,-0.512847126309797,0.254638629635532,
THBS3,13757,0.925825103145828,0.25475503823584,
FAM157A,4548,-1.64512572298404,0.254801483756662,
FLACC1,4919,-1.06573410967192,0.254804228175885,
IGLV5-52,6482,-0.741463572681951,0.254819549092724,
ZNF620,15923,-1.0978341576895,0.254892320374245,
SPTLC3,13055,-0.546573501092975,0.254908650691678,
FLOT2,4929,-0.423439756697753,0.254930915022821,
IRF3,6694,-0.23249565771752,0.255003497050289,
RASSF1,11147,0.365017815569234,0.255032230737129,
SNRNP70,12822,-0.346887680647857,0.255055743522278,0.724448063912426
TBCB,13544,0.990667950559269,0.255100527642178,
TREML1,14428,2.32142693037195,0.255149150100789,
CHIT1,2619,1.16722951720912,0.255159229000989,
TLK2,13855,-0.45670119095488,0.255186033141256,
CABP1,1815,-3.31186332830849,0.255273201325662,
SUSD1,13334,-0.469878128424297,0.255275997347982,
EXOSC9,4452,0.543921488685027,0.255287788518941,
MPP6,8274,0.810460651267035,0.255313669709296,
MTX2,8510,1.07729111766129,0.255424005265468,
N4BP2L1,8624,-0.567542797082427,0.25545022972558,
MOB1A,8217,0.268494612307154,0.255485788925363,
FKBP4,4911,-0.20777980715273,0.255602195189235,0.724448063912426
RPL30,11613,-0.824454335820032,0.255614026845623,
MS4A10,8391,-3.32148537541725,0.255772567754351,
BAZ2B,1296,0.663024954656991,0.255821636498305,
RABEP1,11029,0.37354207639973,0.255846674068479,
FOXF1,4991,1.02734045020458,0.255858586033478,
MRPL4,8337,0.201590637641276,0.255868954598262,
FCGR2A,4792,-0.590722793121955,0.255973307569529,
HVCN1,6268,0.655415722889093,0.256001141351973,
NDNF,8769,0.92664869932012,0.256043686392596,
HIST1H2AM,5971,-0.658101930636824,0.25606545010573,
XK,15336,0.62507897881783,0.256119558821963,
SNAPIN,12800,0.57915192304244,0.256157166078493,
TPI1,14293,-0.945828169879312,0.25619009939691,
HNRNPA3,6094,0.386370920603695,0.256201767588687,
MANEA,7767,0.557668648659076,0.256205589481529,
MCRIP1,7924,-0.493591389115771,0.256205985238622,
BST2,1507,0.331714725283884,0.256232783037419,0.724448063912426
DKK3,3700,0.461132384077682,0.25624707560426,0.724448063912426
PLBD2,10148,0.435478823374105,0.256255153973418,
KRT15,7194,0.824177568262456,0.256315493970081,
SLC47A2,12588,-2.29807652800203,0.256335350592575,
TSPAN33,14593,0.975961313039304,0.256374517368874,
COMMD6,2972,0.226955109367686,0.256376149784832,
KIAA1549,7008,-0.626198168953589,0.256468877745791,
CPA6,3046,-1.50479262888876,0.256547948491051,
MACO1,7706,0.802988241390056,0.25654994367512,
SYNC,13371,0.957654186577855,0.256753160624578,
CD40LG,2269,-2.13046983153125,0.25677254828081,
TFPT,13719,-0.436830251986443,0.256849193038566,
SENP2,12068,0.395319209558889,0.256937537249158,
A1BG,11,-1.11249334922795,0.25694481712007,
ACYP2,237,-0.734074359459051,0.256960726849251,
DSG3,3910,-1.01955530824786,0.256970237274306,
ARHGEF25,905,0.902167963298583,0.256998390650396,
AC011043.1,121,-0.46076435398698,0.257140224183658,
EGFR,4095,-0.429332289634503,0.257351686394771,
SYT8,13406,-0.609364254947333,0.257356840966313,
ARL11,933,-1.31133773993419,0.25744261556328,
FKBP14,4904,1.68259818962671,0.257444684484505,
CRPPA,3139,2.01305081902201,0.257613146467873,
USP21,14986,-0.481039375512759,0.257663920759099,
ZNF573,15885,0.535077103768568,0.257679038837118,
MXRA5,8541,0.452047871590171,0.257690171976645,0.724448063912426
NMRAL1,9013,-0.483581895417296,0.257765687872195,
GADD45B,5139,0.420275223845103,0.257784140747134,0.724448063912426
ZC3H7B,15484,-0.238591133734724,0.257886983887172,
HCFC1R1,5839,0.62106216399678,0.257913035114472,
RING1,11424,0.269727528562784,0.25795325689728,
TMEM185A,13999,0.616752737666657,0.257986518077939,
SRP19,13086,-1.99585870813081,0.258001950364576,
EGR1,4099,0.79593905422735,0.258017337456079,
FGFR4,4869,-0.502721492902873,0.258027593095291,
SOCS3,12873,-0.507513205072507,0.258095840440238,
IKZF4,6506,-1.15228742854781,0.258109632159752,
RSPO1,11739,1.40682893899799,0.258130161886566,
ORC5,9428,1.09985262172202,0.258135872811731,
WWP1,15322,0.754899370882427,0.258198060093845,
SPIN3,12994,1.14272238858422,0.258231188448135,
ZNF680,15959,0.539661783824188,0.258300237430874,
CHML,2624,-0.72513090434192,0.258364884802987,
TMEM200A,14012,0.879425465286741,0.258441109830653,
SEMA3C,12048,0.73680241787583,0.258565382429943,
NECAP2,8831,0.263909219244953,0.25865664154193,
GABRP,5134,-0.892298068516222,0.258862883492188,
SLC35C1,12524,-0.426790426179075,0.258951587104065,
ROS1,11568,-1.83712392000935,0.258971330672071,
POM121C,10368,0.424223477890428,0.259048713421471,
KCNK4,6908,3.29275035365779,0.259066617717805,
SLC9B2,12655,-0.658652553833887,0.259218462828387,
TMPRSS5,14144,-1.288928950735,0.259297599491063,
SARM1,11869,0.810009020434981,0.259312634281662,
TTC21A,14629,0.802200495754395,0.259405622373266,
ZNF454,15807,-1.69568951588985,0.259450347061737,
CLPX,2811,0.335866903046734,0.259474650874506,
RBM5,11212,-0.222301285618129,0.259517082920581,
CDK15,2373,1.52823574339343,0.259546722475065,
ARHGEF35,909,-0.503513099223281,0.259579263891995,
SIM1,12303,2.49730341253186,0.259585311858101,
C9ORF78,1794,0.207998424459634,0.259913600426714,0.724448063912426
HTR6,6257,-3.29053787720302,0.259924395588448,
PDCD6,9764,-0.241423926811256,0.260053456192443,
RAB42,11008,-1.03421313726897,0.260083671703708,
UNC13D,14917,-0.62207925230746,0.260115381403007,
FTCD,5053,1.43062952685743,0.260171607078325,
HIST1H2BJ,5979,-0.517039247386478,0.26021643391524,
APOBR,796,-0.439436112509594,0.260301485221502,
EPS15,4321,0.315658254054829,0.260355147627206,
SPON1,13013,0.557455592314514,0.260412675518232,0.724448063912426
EFL1,4078,0.504152871181423,0.260441728250777,
ZNF512B,15840,0.417203501211334,0.260506331874223,
PIGQ,10024,-0.816958349874574,0.260559837314097,
DHPS,3639,-0.223231261659551,0.26057487067911,
AREG,838,0.762199308716619,0.26070730380805,
IFT122,6345,0.319820545104107,0.260804788392646,
DHFR2,3636,-1.57276747047978,0.260822070518055,
ZNF114,15617,-1.68384214523713,0.260895334619586,
TEX30,13693,2.41969929423761,0.260999785707938,
ADGRG6,321,-0.780291848387541,0.261005848451635,
RSL1D1,11732,-1.3039544216437,0.261105345431993,
ANXA10,711,-0.872932297591864,0.261184853718688,
ZHX3,15582,1.27529903791685,0.261358534846799,
SLC2A5,12495,-1.30023510698139,0.261550299373696,
COLEC11,2961,1.28406142773285,0.26157815088111,
ZBTB43,15451,-0.825392856896151,0.261719889306329,
BACE2,1262,-0.730677140336959,0.261890006837253,
RGPD6,11349,0.319864117995165,0.261967348900587,
DNAH17,3754,-3.09770250498159,0.262035117899946,
PTCD3,10798,-0.417216533559128,0.262222831765191,
OR8D4,9421,3.27822527671908,0.262295696517098,
PLCB4,10152,0.724980240340626,0.262375666738041,
PLA1A,10113,1.06169639084405,0.262440559170175,
PGM3,9925,0.363943919263574,0.262570780432623,
ZCCHC8,15498,0.395709485864157,0.262701557836646,
NAB1,8644,-0.492582377569027,0.262727073566699,
SPINK5,13000,-1.01885157369977,0.262737287874523,
PLEKHA6,10180,-0.446390156068973,0.262765929019025,
GCNT2,5243,0.9632167376977,0.262773670577818,
IQUB,6682,3.26604718423865,0.262800459803516,
MED22,7971,0.407385678679753,0.262825825527841,
VTN,15172,-1.2024894534897,0.262853797213761,
RPL36A-HNRNPH2,11621,-0.708842782933139,0.262881351213785,
SERP1,12102,-0.27439471601369,0.262978663869751,
TRAV3,14378,3.2719336677633,0.26299679055457,
BFSP1,1381,-1.15479571472065,0.263024914828238,
POSTN,10387,0.712399598340734,0.263028700739089,
ZNF626,15929,0.466108286898067,0.26303638504593,
GXYLT1,5754,0.704778333514254,0.263157128379455,
DPM1,3868,0.245481322220256,0.26333772499782,
PHYH,9986,0.513277764661721,0.26337698510443,
CD47,2272,0.859982157733166,0.263426039044247,
YIPF2,15382,-0.2341332229879,0.263427532024644,
CA14,1800,-1.42180331250565,0.26352814485154,
FAM168A,4563,0.61571672859636,0.263659040329055,
SOWAHD,12898,-1.05534159384692,0.263698871126347,
PPIP5K2,10439,0.914424678244655,0.263777844877632,
HDAC10,5848,-0.356869221421827,0.263827590880872,
TECTA,13647,1.53316281698998,0.263876188789271,
ICAM3,6287,-1.06353565357721,0.263960632519423,
HIST1H3C,5986,-0.710713712737211,0.264004292835517,
COQ8B,3007,-0.358527386785264,0.264048693379,
DEAF1,3565,-0.262486955244358,0.264118550172259,
PCSK1N,9743,0.672383877656468,0.264188122718644,
HTR1D,6251,-1.20674187916757,0.264254136757006,
PAH,9544,1.97499736266038,0.264270238523021,
ILDR1,6571,-0.489739134257059,0.26430190795071,
EXOSC4,4447,-1.03294207856947,0.264400517462842,
FHAD1,4877,1.34740699010812,0.264475176401624,
CA12,1798,-0.722750632394649,0.264489517820393,
KLHL25,7120,0.563022147536087,0.264496196172137,
CHD4,2601,0.284817687352563,0.264498509812055,
TBL3,13557,-0.327518306347868,0.264523856743468,
ID3,6298,0.67259255387689,0.264688015304381,
CPT2,3084,-0.445810656833577,0.264927512375341,
FGFR1OP2,4866,0.815322026366032,0.264930736852199,
ILVBL,6578,-0.452265503012691,0.264969040578378,
ZNF837,16063,1.28078872577736,0.264994180844591,
SLC25A35,12448,-1.52517347224923,0.265078653180103,
KJ904049,7072,-1.64125017845503,0.265133897154178,
CA11,1797,1.14266440595912,0.265137534735407,
SPRR2D,13030,-1.9788316285784,0.265229769367083,
TMEM255B,14052,-1.13567771697247,0.265350305967413,
CST9,3207,-0.730585227039093,0.26542017114805,
EIF2S3,4134,0.222680070475888,0.265501557391546,
XRCC6,15359,-0.380103124164046,0.265547162227753,
UGT2B7,14896,-1.27512027441198,0.265598513236255,
ZC3H18,15479,-0.221366318753873,0.265630050943015,0.724448063912426
SNAP91,12794,1.87081593107804,0.265632284753677,
BRMS1,1492,-0.299142681590227,0.265732696694088,
SLC39A7,12565,0.199623350612245,0.265778679524081,
GNPTAB,5452,0.226887491726949,0.265809850372323,
ADAMTSL1,274,1.00342937157977,0.265817013349197,
GJD2,5347,1.50670037106284,0.265847903731613,
COL9A1,2958,-1.27598989486274,0.265913556954289,
RNF10,11469,0.440210702768837,0.26594529998591,
NOLC1,9041,0.661359918576702,0.265987675338359,
LMNA,7453,0.254800145746711,0.266018732099964,0.724448063912426
INAVA,6592,-0.523617801254361,0.26604335303942,
KRT20,7199,-1.59661629560718,0.266080796177815,
ARL5A,948,0.779962760480449,0.266129576752874,
COG4,2915,-0.361979891421927,0.266180619816924,
RAB12,10962,0.536561645428942,0.266304355617064,
DNM2,3818,-0.205090271713482,0.26635807835486,0.724448063912426
ZSCAN20,16108,-1.32428863902968,0.266423220635109,
CPNE9,3068,3.24156512737781,0.266492098838757,
SLC29A2,12483,-0.81020646023727,0.266548304235539,
WDR7,15254,0.981933959380894,0.266574958175211,
OTOGL,9465,-1.45366049551989,0.266581815474798,
PTGES3,10818,0.372411779822664,0.266606145624366,
DHX34,3660,-0.480558147202788,0.266666755086597,
MIOX,8134,-1.5116594736507,0.266678081116499,
COL1A2,2932,0.550713347863957,0.266688175937869,0.724448063912426
UBE3B,14820,0.25145684249164,0.266725331488445,
COBL,2909,-0.454163445590619,0.266816664912442,
ZDHHC9,15525,-0.482311620427933,0.266968605907209,
CHD7,2604,-0.235135326179528,0.267008398488782,
NPR3,9113,0.755817815495349,0.267029740250037,
CLOCK,2802,-0.774267437382149,0.267072429042148,
TTLL12,14667,-0.428162466736273,0.26711381191996,
PCDH8,9659,1.84522079308865,0.267136856341595,
TAF9,13453,-0.415269140826584,0.267199315063325,
ZNF410,15777,-0.186954222474972,0.267222455785197,0.724448063912426
AKAIN1,455,2.60300140732684,0.267264147193492,
HNRNPM,6108,-0.214670686569123,0.267352073845986,0.724448063912426
RNF175,11504,2.14856147323661,0.267360630567335,
HECTD4,5881,0.244614209910643,0.267569435505627,0.724448063912426
HSBP1,6187,0.637296290648535,0.267709928330634,
TMEM117,13931,1.14746280539044,0.267805607535304,
USP16,14975,1.08886736294162,0.267848761975137,
C2ORF76,1716,-1.22310815713895,0.267869390641275,
NUBP2,9235,-0.372483355427264,0.26793351706206,
TSPAN14,14585,-0.341697243810809,0.267936060745667,
RIPPLY3,11439,-2.97471163121019,0.267991650042956,
SERPINB6,12114,-0.331917093008022,0.26801642677362,
HPD,6156,-3.0460009842303,0.268136227681643,
LMLN,7452,0.83773540271638,0.268147788804426,
TIMM17A,13810,-0.423589178759497,0.268252622753994,
PCDHGCT,9713,0.637063024728104,0.26826025565617,
SPSB4,13045,-1.57026204276695,0.268264686436058,
EML1,4229,1.27248019279399,0.268307343059978,
MDN1,7944,0.760910060036719,0.268569620258055,
OOSP3,9380,-2.94239497613421,0.268654936653595,
RANBP10,11091,0.800760078893929,0.26866452583979,
ZNF540,15858,1.44710840865853,0.26868475304803,
FOXO1,5003,0.742867583900708,0.268701703753918,
ANXA7,720,0.330147251301672,0.268731861029971,
ATP5F1E,1136,0.248871651638778,0.268811560232371,
RAB39B,10995,0.992453729127767,0.268923194120199,
RAB24,10975,-0.970217354985374,0.269166295424138,
VTI1A,15170,0.276789852945607,0.269354485122807,
CASP14,1939,-3.21613503885495,0.269486494042748,
SDC4,11972,-0.292525141851462,0.26949538880878,0.724448063912426
CXORF38,3322,1.13405857891768,0.269545209683596,
CHST3,2667,0.705682464209403,0.269726647356427,
NUB1,9233,0.491260009540998,0.270032354940838,
PTGDR,10809,1.34356881009862,0.270055891450631,
MLEC,8158,0.407550164629795,0.270109785468568,
DUOX2,3932,-0.598214229431428,0.270386885726096,0.724448063912426
SWSAP1,13353,1.08094271995766,0.270502306316759,
GOT2,5495,-0.377222258747892,0.270576892477825,
TRIM37,14471,-0.683343553945472,0.270583063978019,
ROGDI,11560,-0.71168494082915,0.270646639530301,
DRD4,3897,-0.392804920470678,0.270738029054852,
MSRB1,8422,-0.886452191717149,0.270899816254173,
SGCD,12186,0.825590947764348,0.270901084755993,
CTDSPL,3230,0.294613061286371,0.271067353451847,
CLEC18B,2759,-1.19537147292071,0.271171705989014,
PPP1R35,10481,-0.700144523981941,0.271179882073559,
PTCRA,10804,-1.57327216803361,0.271201847284056,
DENND2A,3585,0.944452458499034,0.271273246762227,
HS3ST2,6181,-0.971138559190328,0.271375629057446,
UBTD2,14847,0.187595499779701,0.271425520924499,
PIGB,10012,1.61911330714806,0.271434732896448,
NAV3,8699,0.911601944341713,0.271446954846307,
ZNF667,15949,1.35481136008318,0.27148477266692,
LYPLA1,7680,-0.399866839624694,0.27149435602776,
HEATR9,5874,3.20983243067661,0.271504179958256,
MFHAS1,8056,0.417241462632222,0.271520193199332,
PEX14,9877,-2.52075466598782,0.271599433232972,
ZNF215,15666,-0.834820595941674,0.271647339055785,
IL17RA,6523,-0.46492243139355,0.271700338305171,
RGPD5,11348,0.445976113417756,0.271710733836236,
ZSCAN9,16119,-1.33241486121485,0.271740240227877,
INTU,6650,1.51477567650854,0.271749800057782,
NOTUM,9064,1.28735463664663,0.271781592465824,
ETV5,4410,0.451131235530573,0.2718586016938,
PRPF8,10653,0.170577094869586,0.271891716789211,0.724448063912426
C5ORF47,1748,-2.62943369003139,0.27214886130517,
AVEN,1210,-1.52231008922909,0.272167453420563,
DCAF4,3464,0.317646301773114,0.272245683140972,
LTBP4,7640,0.519410754823275,0.272413835321868,
STX4,13274,-0.250171378561324,0.272479560006681,
DLL1,3717,0.613591142834536,0.272571412875848,
ATG12,1081,-0.929549529039202,0.272725989467507,
RCAN3,11237,0.300971173790598,0.272758809098427,
ESYT3,4394,-1.12199957822599,0.272799524596964,
ANTXR1,708,0.517844204196612,0.273023318952247,
RIMKLB,11419,0.856033881450526,0.273026338172291,
ATAD2B,1062,0.443225628832361,0.273068715185316,
NME6,9005,0.598610469573275,0.273155036930766,
SUGP1,13298,-0.233058427008274,0.273240191004515,
CAMTA1,1878,0.408771252117013,0.273361420672282,
ELF5,4179,1.92085023880385,0.273456025271983,
TRIM73,14497,1.12968194791709,0.273528956935608,
OR2W3,9403,-2.50922978271831,0.27356857060615,
RPS6KA1,11681,-0.988105253920288,0.273629256788293,
PCDHGB1,9703,-1.02183715198642,0.273849574238173,
XPNPEP3,15346,0.445446621149135,0.273881226565871,
CDC42EP2,2327,-0.429067677946701,0.273919735802168,
NUDT4,9260,0.456013411099521,0.274016048742768,
NKX1-2,8974,3.19894366979348,0.274070257856098,
TMOD1,14132,0.600771013157474,0.27409458249069,
MFN2,8058,0.348724300507588,0.274109660372017,
LRP10,7526,-0.308950027913586,0.274119880469218,0.724448063912426
KCNMB1,6913,1.24575993133629,0.274137110836897,
GEMIN7,5273,0.942194703124942,0.274229656582973,
HSPB2,6235,1.07668190372717,0.274281944253405,
MYO1F,8591,-0.553521543611288,0.274370159354469,
RAPH1,11115,-0.331310554136621,0.274545755448123,
DAPL1,3436,0.961367722243021,0.274553229491181,
VAPA,15055,-1.54212905807928,0.274601285809843,
UBE2Q2L,14810,0.70620208010105,0.274855596054943,
VNN3,15114,-1.26734522599301,0.274900689951163,
ATP5IF1,1137,-0.278769867070197,0.274939355080738,
HIST1H2AL,5970,-0.421120247533397,0.274963071439461,
RUNX2,11784,0.530389818975374,0.274965568588259,
ERAP1,4330,0.41369369146522,0.275070300993294,
AKT1S1,487,-1.00221522311381,0.275141378811684,
TPH1,14292,1.23883447215097,0.275188393560006,
UTP4,15036,-0.569886564443281,0.275194739088433,
TMEM143,13957,2.71836453886452,0.275203552551823,
TBC1D22A,13521,1.16622192490925,0.275260145493895,
PSMC4,10758,0.482940476127747,0.275316758827495,
LDHA,7317,0.453676786291264,0.275369948909175,
CFAP97,2554,0.454973645637093,0.27544886188847,
CYP39A1,3381,1.41647141062731,0.275483106898956,
MRPL21,8321,-0.654307805603181,0.275510981684996,
SLC15A2,12369,1.08916236681828,0.275570646535967,
PEX2,9880,-1.51460216108605,0.275585088794229,
SMIM10,12738,3.18414980343714,0.275592209712575,
LGALS8,7358,0.740479346248604,0.275619435188137,
SHTN1,12276,-0.405808505334639,0.275661383811312,
ZNF761,16011,0.525988306466776,0.27573986856095,
ZDHHC20,15515,-0.475032316508863,0.275757588636119,
PACSIN3,9531,1.45816894788517,0.276042270737722,
ZNF483,15819,0.997905555665413,0.276114249117342,
REXO4,11311,0.368964314582338,0.276125506674978,
CALHM3,1852,-1.42710253125143,0.276164959683544,
PDE8A,9790,-0.73432287717605,0.276173530639448,
TTN,14675,2.20831106202758,0.27621818348601,
SARS,11871,-0.294228922430707,0.276234706269175,
CD1B,2229,3.02523313389391,0.276262748849165,
MUC21,8518,1.52184977213295,0.276265888567172,
GUSB,5751,0.271094920991973,0.276343229311811,
PHF5A,9960,-0.306922250162214,0.276431923183336,
RAD54L,11062,-1.42083114539973,0.276523868172684,
SLC25A3,12443,0.241180517410958,0.276605696821062,
GDF1,5254,1.45183871892387,0.276649495807171,
QTRT2,10948,0.619357723081221,0.276670890183461,
MTRNR2L12,8497,-0.293573356371662,0.276689714381513,0.724448063912426
ATP6V0B,1155,-1.03848274953148,0.276755498601072,
AMBRA1,566,-0.4024224751459,0.276768683579071,
CENPA,2459,3.07272826087203,0.276816823774009,
HSBP1L1,6188,-1.07259080621966,0.276922748453197,
MYO10,8580,-0.92419221341406,0.277084369923542,
SPDYE5,12975,-1.37842187924952,0.277141688132848,
TYK2,14746,-0.376708934457097,0.277183991717147,
GNB2,5429,-0.315258103388941,0.27722748995903,
RAP1GAP2,11103,-0.487530924883289,0.277334274886213,
STPG2,13246,1.80196936627431,0.277473174472941,
PDGFRB,9799,0.493645954134709,0.277509699853456,
SPI1,12988,-0.464119554754546,0.277519787291836,
ACRV1,192,-1.96746324946978,0.277529751289058,
PEBP4,9848,3.17008230350859,0.277612200867306,
CPEB4,3054,0.262422787120808,0.277620396952392,
CYP4Z1,3396,3.17173291120498,0.277681431041787,
ITFG1,6728,-0.260651821250989,0.277715069093165,
SALL4,11839,0.708179421483113,0.277982722933593,
MICAL1,8101,-0.317308670308151,0.278183621753317,0.724448063912426
MAGOH,7736,-0.27379401228001,0.278374855918528,
UHRF1BP1L,14901,0.538829008124481,0.278428683113959,
GLOD4,5378,0.926736432043736,0.278444204893135,
GAS7,5198,0.462038359345592,0.278456684851537,
RAB23,10974,0.945223647368545,0.27847072801544,
NUP188,9278,-0.47178360461351,0.278537421074362,
P4HA1,9511,0.538904145977873,0.278572985309787,
GPRIN2,5603,0.954581978940815,0.278574439305478,
PTPN9,10861,0.479793940146105,0.278614255931587,
RC3H2,11234,0.238361972309148,0.278698902661703,
AIDA,432,0.2077452534926,0.27870937452083,0.724448063912426
CHMP2A,2627,0.25453998135657,0.278777184352646,
SLC35D2,12527,0.706329810977489,0.278778317204546,
SNX6,12866,-0.310852559543408,0.278811055501924,
DDHD2,3515,0.357035760231892,0.278839457213403,
ZNF69,15967,-0.327626045169668,0.27886939157483,
DEF8,3571,-0.413590199413837,0.279006729138335,
SLC2A11,12488,-1.43256622937308,0.279017458017595,
AADAT,20,-1.37996412021547,0.279074045303919,
SLC44A2,12578,-0.383138774726707,0.279111246960429,
POLR2M,10355,-0.260648530969233,0.279337706630538,
TYMS,14748,-0.432522788419033,0.279430308209415,
PGA5,9902,1.76159480185052,0.279469834475975,
HBG1,5830,1.14407892834653,0.27972093310411,0.724448063912426
FAM234A,4617,-0.299265292924871,0.279862811595483,
PPAN,10404,-0.827854090186083,0.279989590619687,
GLRA1,5382,3.14097734065051,0.27998991132877,
RPL26L1,11607,-1.29874567799513,0.280046088180216,
PCDHB12,9678,1.3222275493933,0.280104268471451,
JCAD,6805,0.658939814349619,0.280205052062485,
LTBR,7641,0.225160824669545,0.280248985043787,0.724448063912426
GKN3P,5354,3.0996424944417,0.28028225054392,
MMP11,8185,0.541462393227963,0.280386268871229,
CLNS1A,2801,0.661511338386839,0.28056546338576,
KLF3,7089,0.274020017676806,0.280578200185176,
IDH2,6302,0.622068013100592,0.280597651544217,
LPIN1,7499,1.23998795926871,0.280608557322347,
CLYBL,2826,0.544691671316375,0.280634900780931,
ADAR,281,0.871817250950983,0.280658441230328,
DLL4,3718,1.42825364086346,0.280801703442673,
NUP214,9281,0.508404362560043,0.280839669631665,
FZD8,5105,0.799826826348014,0.280910505103864,
SIK1,12297,0.356555925117697,0.280937963208226,0.724448063912426
RUSC1,11786,-0.309408199607216,0.280984363280936,
TRAF2,14326,-1.32517234161498,0.281006342269955,
ITGA2,6733,-0.711976675814586,0.281016774145097,
KAZN,6853,-0.64794217170789,0.281032849687647,
MIS12,8139,-0.367907871718556,0.281051733065304,
TRGV3,14437,-1.45693576079545,0.281139306196872,
TRAV16,14366,1.80791671549032,0.281205380840194,
ZBTB9,15465,-0.960523321035738,0.281361762571019,
SC5D,11892,0.387498195028877,0.281420646156096,
NSUN2,9196,0.605275537053991,0.281684944511657,
WWC1,15318,0.502447244476826,0.281686976462051,
MFSD9,8076,-0.553241576097989,0.281699932554829,
RXRA,11796,-0.435652511778634,0.281702065272289,
ISOC1,6722,-0.924422747379767,0.281854165958875,
ARHGAP26,872,-0.346957633087091,0.281864280414433,
RAB31,10985,0.628663126632986,0.281976592142602,
PRDM14,10547,3.13925145213511,0.282055478410378,
CYTH1,3406,-1.1367149569024,0.282075300183481,
EIF3E,4141,-0.182677095095695,0.282077401371732,0.724448063912426
PFAS,9887,-0.332315250410982,0.282106135333217,
CTRB2,3251,-1.19145256581746,0.282261737732504,
SH3GL2,12229,3.14507378228974,0.282274046878832,
MINDY2,8128,0.347496794238073,0.28237880310448,
TYMSOS,14749,-1.33129655177199,0.282471244569888,
EIF2B3,4128,0.699069947834662,0.282522651886873,
SAP18,11858,0.23485094695527,0.282528861357492,
RPS15,11656,0.213682234266834,0.28258205594043,0.724448063912426
SMU1,12779,0.688707291105033,0.282622132190221,
FAN1,4676,-0.707529900089349,0.282674639130825,
KLRC4,7154,-1.73170793223932,0.28272719493399,
INPP5E,6621,-0.839899391726036,0.282935955301767,
COL4A3,2944,-0.971816119397543,0.28297730412658,
CA5B,1805,1.1284165027932,0.283099154005799,
GPR161,5561,0.609981896062002,0.283102532203365,
NXT2,9314,0.621678140115487,0.283334924951197,
GPBP1,5517,1.15962682250193,0.283515273821832,
IL37,6559,3.12411625296241,0.283694211478388,
TRBV6-5,14416,-1.39384810031239,0.283768690564251,
POLE,10324,-0.701555892587747,0.283809549088874,
MSMO1,8418,-0.404716655791185,0.28381392463291,
CHMP4A,2630,0.182289566688337,0.283871811428127,
IDH1,6301,0.820967475155352,0.283896468833767,
DCP1A,3485,0.615742140545486,0.283934210579426,
WDR78,15262,0.790598516138993,0.284034633014854,
NR0B1,9127,1.58949217403284,0.284262238032634,
IGFL1,6377,-2.7517377799764,0.284322757268728,
KRIT1,7189,0.385375339333139,0.28433369389188,
CNTN5,2896,3.12406773091088,0.284403515318051,
TM9SF1,13884,-0.276839674038407,0.28443054055388,
DZIP1,3984,0.811741719257925,0.284444950514027,
TMTC1,14151,0.819557719874813,0.284584779734788,
IQCH,6671,0.842663439340562,0.284596679901681,
ASPA,1043,0.840257381079128,0.28463007827392,
URGCP-MRPS24,14954,-0.418404920982847,0.284641669999057,
KDM2B,6956,1.27552084812289,0.284649000852457,
DNMT1,3821,-1.00879199575595,0.284657943402083,
NINL,8944,-1.03507912304952,0.28478849175112,
LCNL1,7307,1.67092247005754,0.284877287538006,
P2RX6,9496,3.12703080501209,0.284972658388669,
NUDT12,9247,3.12311826449023,0.285029115970007,
PPP2R1B,10497,0.381342242149471,0.28512413079149,
ACOXL,185,-1.39111368580214,0.28513351293652,
IRAK2,6685,-0.629331165187521,0.285146280838041,
GPR39,5579,-0.634908957715233,0.285149203231026,
WDR83OS,15266,-0.341656646727991,0.285252022456464,
RPP30,11645,0.384002325661699,0.285362746700097,
NOS3,9056,-0.897955753530934,0.285408587017515,
MATN3,7867,0.988554212454706,0.285435066471581,
ZNF524,15849,-0.675549582632146,0.285448343374139,
PPP2R5B,10506,-0.444310715668265,0.285472498092082,
SHB,12244,-0.218526134568145,0.285584698137332,0.724448063912426
6-Mar,7,-0.349567310713553,0.285617869720989,
TMEM267,14061,-1.13743054206002,0.28565783562044,
BNIP3,1447,0.628768420435584,0.285682397486314,
CCDC71L,2100,-1.34330816243205,0.285863240275998,
PFN1,9900,-0.16602383437401,0.285885986296018,0.724448063912426
LY6G5C,7662,-1.21728944451728,0.285914607488708,
SP140L,12917,-0.360690989371634,0.285982304409777,
PGM2,9923,-0.588880887288284,0.286035235908722,
WDR20,15220,0.417053144562384,0.286111801463401,
GK3P,5349,-1.35523644148626,0.286195786244555,
GSTP1,5701,-0.204627597109934,0.286203378762778,0.724448063912426
TOX,14267,-1.59913104505421,0.286203715591493,
BBIP1,1298,0.829191171000864,0.286229742197317,
TPBGL,14284,1.82511318068464,0.286275508819081,
RAMAC,11085,0.386033627147737,0.286306544433153,
COPS6,2991,0.251236906574088,0.286334977546975,
TXNL4A,14741,-0.36226458471645,0.286361268034701,
PRRC2C,10682,0.245545199018101,0.286419394891542,0.724448063912426
MFN1,8057,-0.641791103385493,0.286474078398945,
SLC10A4,12352,1.74728682925191,0.286517328581235,
FCGR1B,4790,-0.851345239305007,0.286563077675331,
SRSF8,13113,-0.202799079326876,0.28657101592149,
C1QC,1667,0.739613927279894,0.286588919777163,
KYAT1,7229,0.845078462462633,0.286613995997628,
TRAF3,14327,-0.842429104788668,0.286634199884212,
BAALC,1256,-2.15257275045234,0.286660719964133,
TLDC2,13847,-1.47491456839444,0.286698478587221,
VAMP3,15048,0.197567782835756,0.286865101067171,
RNF168,11501,0.928013434020833,0.286969897475638,
CAPN7,1897,-1.01482023554533,0.28697262570233,
SPHK2,12987,-0.855450172700226,0.287047925605278,
CHM,2623,0.425855198620183,0.287059570315569,
DOK3,3844,-0.681154753536742,0.287072034207034,
EI24,4113,1.18558483486413,0.287123723515341,
GEMIN5,5271,0.510084017068486,0.287153939977364,
ATP5F1C,1134,0.289227094397671,0.287201749406767,0.724448063912426
CTIF,3235,0.853011560439249,0.287249230958373,
B4GALT1,1247,-0.548904947985445,0.287364617667672,
RGL2,11339,-0.277960124364033,0.28737402382069,
RAPGEF1,11108,-0.229318364321974,0.287450758421146,0.724448063912426
BAG1,1266,0.767678170034254,0.287483089444436,
CHD1,2597,0.304337630878486,0.287609552228612,
CEP41,2500,-0.932663795177368,0.287614423870061,
SPEN,12981,0.458934281901919,0.287665405338044,
ATP1A4,1120,1.58965944031229,0.287669658040185,
SNX9,12869,0.46384077349571,0.287955109745254,
EAF1,3995,-0.670134451463989,0.288008863377551,
ANKRD39,668,-0.497236332219098,0.288025061939953,
JUND,6829,-0.235307649690833,0.288169012839394,0.724448063912426
DUSP14,3943,0.76293204215249,0.288266773443895,
PID1,10006,0.775589585753742,0.288319920603746,
IRS2,6704,0.423173269108502,0.28835001011462,
CRACR2B,3094,-0.539824175024721,0.288515622844511,
ELK3,4183,0.224644594411182,0.288563216128748,
VSIG1,15156,-0.862207754149565,0.288787749268525,
CAMK2B,1866,1.37837621606714,0.288854428226824,
SRL,13083,-3.09716961503707,0.288903931334444,
TYSND1,14753,-0.461091322232765,0.288966984659027,
CC2D2A,2003,0.45792975260711,0.289015076813341,
XKR9,15340,-1.5101943820385,0.28905616427286,
MTREX,8492,0.382853091576567,0.289134752143241,
ARL10,932,-0.82825183333626,0.289141539224538,
HMGXB3,6078,-0.591156434161819,0.289180467960518,
VPS18,15123,-0.328612715076356,0.289202453764553,
PHLPP1,9978,0.774888006004894,0.289275028044541,
VSIG10L,15158,-1.46182795673476,0.2894792150598,
GJC2,5346,1.18339973937406,0.289488467436123,
PCDHB5,9686,0.774691308850418,0.289519407254675,
FAAP20,4482,-0.32632346736138,0.289544176463537,
ANAPC10,597,-3.08690550299416,0.289562007681685,
ITK,6765,0.80576294395989,0.289625605348882,
LINC01619,7422,1.98339362504888,0.289643519244488,
VAMP2,15047,0.470069551627118,0.289646909039552,
MRPS16,8362,-0.503749274078849,0.289745102263214,
BCR,1355,-0.294735389732943,0.28979418213609,
TNRC6B,14225,-0.178627939786422,0.289814774254338,
MAP3K8,7804,0.458355576280039,0.289830057252267,
SYNPO2,13388,0.853083752461994,0.28983059401528,
TERF2IP,13674,0.40371379940013,0.289836205088952,
FA2H,4479,-1.20056899925027,0.28984892232316,
TRAPPC13,14348,0.474132823888293,0.289854975547916,
EIF4E3,4156,-0.655239338825272,0.289924711373114,
CD8B,2297,0.904396201937643,0.289961302408636,
CCDC6,2091,0.22774837480826,0.290047595819992,
CD302,2256,0.597284490820958,0.290114263567661,
C8ORF37,1777,1.53574410597947,0.290186611160021,
LXN,7658,-1.03652069984345,0.290232322982467,
PCYOX1,9750,0.516285510296467,0.290287722113092,
CTSA,3254,0.380611875569802,0.290343858108481,
NCL,8747,-0.170263685205807,0.290386887885339,0.724448063912426
HLA-DRB3,6043,1.33970076095029,0.290470592219591,
MAL,7742,-0.722100001710484,0.290495364475747,
RASA1,11124,0.751514091753751,0.290549723973582,
HLA-DRB5,6045,0.420402895544631,0.290563843670386,0.724448063912426
TMCO3,13901,-0.980393075741829,0.290564324562837,
CCDC80,2106,0.639525709448214,0.290565779419895,0.724448063912426
KCNK3,6907,1.16867089013965,0.290645737100856,
UBE2G1,14795,0.448362428576015,0.290669907260192,
SEPTIN5,12084,2.32088235132082,0.290677938818618,
SYDE2,13364,0.898481554782252,0.290777643641819,
XBP1,15327,-0.317491368538019,0.290907957550866,
EMP1,4235,0.414387344355176,0.291134410612106,
CYCS,3350,1.12005396566009,0.291257222255363,
JMJD4,6811,1.18613416823548,0.291336425570788,
ADGRA2,302,0.561322854444903,0.291344420326722,
AANAT,25,3.08605362613734,0.291363027683512,
NAGK,8659,-0.153426924328196,0.291375404286009,
DERL2,3605,-0.901563100612586,0.291415584298842,
USP4,15004,0.361930787978252,0.291438229247456,
NIBAN3,8935,-1.27603218466772,0.291514299547886,
TIMM50,13818,-0.484027258411119,0.291591870885422,
CCDC77,2103,-0.571045714082848,0.291671001867315,
PPP2R5C,10507,-0.4513666556508,0.291690750403432,
ECPAS,4021,0.486849502461833,0.291701854064286,
FAM83B,4656,-0.546644366856292,0.291827936382242,
CLUH,2825,-0.700138732076879,0.291915273964069,
IGLV5-37,6481,-3.07550514687924,0.291936025819479,
SHISA9,12258,2.54141757671113,0.291944574398043,
SLC25A32,12445,0.554798097209717,0.291984665116033,
FGR,4875,-0.497668954890522,0.292050608036836,
CCNQ,2185,-0.9882829554515,0.292094499892743,
TENT2,13663,0.514117776104594,0.292122998809399,
RARRES2,11121,0.437987970709661,0.292207924084349,0.724448063912426
DNAJB5,3772,0.902700810063626,0.292217663124083,
FOLH1,4971,0.783621828870362,0.29223511035253,
PHETA2,9944,-0.662113470174172,0.292452356499563,
ABCC8,66,1.17669634455025,0.292485510129042,
ACTA2,209,0.627864356498253,0.292505591091199,
TAF1B,13439,-0.275467950235018,0.292568486451934,
STMND1,13236,2.1375922844713,0.292616925771261,
EIF4A3,4152,-0.439201147026183,0.292714004822282,
ELOVL1,4200,-0.438364323147414,0.292774434483296,
FDXR,4818,0.973957155178804,0.29296580642876,
CCDC59,2090,-0.758320861996543,0.292995863459357,
RTL10,11756,1.30944485814205,0.293188557321413,
ARAP3,835,-0.734987636279336,0.293493659624566,
RBM10,11179,0.702042494474342,0.293695692034504,
CXCL16,3307,-0.580735323104056,0.293731293748296,
UBC,14782,0.18088695254946,0.293899703902437,0.724448063912426
TNFRSF1A,14184,-0.467746527197039,0.293912989489813,
SLC49A4,12591,0.753720369495128,0.294029711137577,
PDGFD,9797,0.641444527249829,0.294218271958152,
CWC22,3292,0.968740590787946,0.294229129976264,
STRBP,13252,0.396380607507089,0.294266085429366,
SPRY4,13038,-0.279816042391794,0.29427753691101,
UBE2V2,14816,1.1677081966612,0.294350374047137,
TFF1,13712,-0.613716238954151,0.294357584966748,0.724448063912426
ZNF12,15619,1.05171499903041,0.294377519760069,
RRAGA,11702,0.400028775391516,0.294500444073617,
RAI2,11073,-0.366403833650235,0.294550442023963,
SLC44A1,12577,-1.63075176793785,0.294591699168631,
BSPRY,1505,-0.364280484211163,0.294597172812882,
EMB,4210,0.77511799446853,0.294770345345423,
COMMD5,2971,-0.854057999610161,0.294779367482035,
KCNK1,6901,-0.420841479450865,0.294797376422667,
SAFB,11836,0.246617971443865,0.294803042899472,
MOGS,8231,-0.257536950594062,0.294805503547336,
CLIC4,2782,0.401636260241638,0.294893470746059,0.724448063912426
RASGEF1A,11134,-1.70755277742281,0.294927776846304,
GTF2IRD2B,5724,-0.455897325391028,0.294976729898038,
ZKSCAN8,15591,0.337280684643369,0.294993006971243,
GALR1,5174,3.06302658869704,0.294996067658963,
COL8A2,2957,0.920658901987339,0.295224987041998,
CISD2,2699,0.318958775027092,0.295283162983775,
SFTPA1,12178,2.16187830758223,0.295284053526792,
MADD,7714,0.699686039067808,0.295523643428745,
ACTG1,213,-0.166495378643562,0.295566131579468,0.724448063912426
FAM98B,4673,0.595877193433013,0.29559396577385,
HNRNPL,6106,0.656319462884588,0.295637743558336,
SERPINH1,12125,-0.308975362745868,0.295695914777707,0.724448063912426
ADAM17,244,0.260147103328578,0.295767208909188,
PHYKPL,9990,0.594512933473228,0.295788049182409,
MAGEE1,7728,1.32852394827227,0.295895593211229,
UPRT,14939,1.47794747460541,0.295971077909578,
ZFP57,15551,-1.72790099053086,0.296030422026991,
ANGEL2,608,0.955219358180639,0.296100663858878,
ALDH1A1,503,0.722503634058565,0.296181046841665,
COL4A2,2943,0.438831784928273,0.296208699390114,0.724448063912426
NIFK,8940,0.417890630077376,0.296264360784764,
MROH2A,8305,2.78414432353978,0.296402438881887,
UROD,14957,-1.09051327780823,0.296441212913579,
SH3RF2,12235,-0.588325567920079,0.296479530235654,
LNPEP,7466,0.86997861305577,0.296539942059469,
SNRPC,12827,-0.359878427159599,0.296572304023852,
SERPINA6,12109,-2.28043918569417,0.296580454332131,
TRAV9-2,14392,1.2920977170801,0.296707171385726,
C3ORF35,1725,-0.741126757736621,0.296723100027515,
FOLR2,4973,0.790168766239949,0.296755465435888,
FBXO44,4767,0.494630321602432,0.296823086980961,
NREP,9157,0.95867651515652,0.296835231712846,
OSER1,9450,0.583278249340879,0.296892018140323,
SIRPD,12316,3.0513256760982,0.296944600541412,
THOC5,13768,0.449963802306516,0.296980524339191,
ZNF264,15696,0.346378392929131,0.296988041437638,
STARD3,13183,-0.720403865559394,0.296990732308597,
USP30,14993,0.530396798134925,0.297001424439794,
E2F7,3992,-1.53626559355814,0.297250670911437,
PECAM1,9849,0.504325778372458,0.297264491535199,
RABGGTB,11036,0.200632201787217,0.297366748031898,
C4A,1731,0.680458552853069,0.297575917541473,
COL6A1,2951,0.381659579834789,0.297707655598207,0.724448063912426
SGIP1,12189,0.803945251194366,0.297977880425425,
BCORL1,1354,-1.76886667274825,0.298030586208682,
ZBTB39,15446,-0.615688456431073,0.298125608806319,
B2M,1223,0.235998338835413,0.298137572282921,0.724448063912426
FAM118A,4517,0.722278441820682,0.298156411872055,
HIVEP2,6022,-0.441308400283372,0.298290004571781,
DNTTIP1,3826,-0.276237036584997,0.298310022487569,0.724448063912426
BAIAP2L1,1276,-0.593581453420472,0.298327943650089,
RABL2A,11038,0.507698069006437,0.298369918093593,
KANK2,6833,0.371801388146622,0.298417810689017,
MATN2,7866,0.604733345272812,0.29844135411947,
YEATS4,15377,0.532317003672963,0.29848092218735,
WWTR1,15324,0.292232137286977,0.298563562320991,0.724448063912426
CBLN3,1979,1.91134654044731,0.298613254363511,
IGF2BP1,6364,3.03456641296405,0.29871069100815,
C8ORF31,1774,-1.32534267113577,0.298719358023368,
PI16,9992,-1.35391057700067,0.298728422981299,
OSBP2,9437,-0.966942530138047,0.298755866910884,
AKAP13,460,0.212015735656177,0.298803567399867,0.724448063912426
TDRD10,13631,-1.16680920439341,0.298826256818167,
CD8B2,2298,1.64086397897472,0.298951171356425,
CXCL9,3314,0.878389416422456,0.299000627698347,
UBA1,14764,0.35851770838663,0.299027553680451,
GOLGA7B,5469,-0.760479903478305,0.299169998323379,
QRFP,10940,-3.03154430889993,0.299206292854776,
CEP85L,2513,0.864541637897984,0.299295688600652,
NRP1,9172,0.469752000348783,0.29933459280179,
PSMA3,10739,0.474686715031432,0.299481133452193,
ST6GALNAC1,13157,-0.493375484795895,0.299615060890312,
AQR,830,0.650923039881096,0.29961562474291,
LY6D,7659,-1.77857116311541,0.299908616050291,
GOLM1,5481,-0.311746974906338,0.299913258898813,0.724448063912426
ARFIP2,852,0.863977431757057,0.299942354020472,
MRPL51,8349,-0.292477787029081,0.300128761966606,
DCTPP1,3500,-0.356226348925705,0.300257941283619,
HLX,6053,0.443029479817262,0.300281241517317,
CREBBP,3109,-0.360323924221301,0.300297652728033,
H6PD,5783,0.779598702182256,0.300299510162927,
ADA,238,-0.897240003031087,0.300306188588873,
SLC26A6,12471,-0.360704046765848,0.30038982388962,
ZNF570,15883,0.710818793558069,0.30040737406273,
IFNAR2,6338,-0.328685212490224,0.30041199144441,
SIN3B,12307,-0.618227283730113,0.300490065496001,
DNAJB4,3771,0.814695213149148,0.300494436540633,
TMEM199,14011,2.12725547554547,0.300494935794004,
MEF2D,7989,0.162957620220793,0.300534535512126,0.724448063912426
FAM120AOS,4520,-1.30761537035964,0.300565959880157,
COX7A2,3035,-0.285248682742518,0.300751613591972,
MAP1LC3B,7777,-0.24054692846646,0.300848921408233,0.724448063912426
MED14,7962,0.304612175089747,0.30090275192735,
FASLG,4696,-2.01529568875869,0.300916435141834,
SACM1L,11833,0.541752104600098,0.300930092084759,
SPC25,12964,-1.07229726892516,0.300930777125937,
SORBS3,12886,0.240711027957453,0.30095076725608,0.724448063912426
ATP13A2,1114,-0.94375764719489,0.300966160410905,
BDH2,1358,0.341299259080395,0.300998941948784,
TRAPPC6A,14355,-0.313000742040274,0.301031956658193,
NACA2,8649,0.238912121863064,0.301121761743997,0.724448063912426
EIF3J,4146,0.789172116088074,0.301148948100924,
MRPS10,8357,0.185496627354938,0.301169243293534,
ANKRD37,667,-0.661231943131838,0.301178512017801,
FOLR1,4972,-1.18601727394367,0.301209433787717,
PORCN,10386,-1.27705235815849,0.301308399680147,
MAP3K6,7801,0.591537387758325,0.301327585104305,
MED6,7982,0.376677917794805,0.301404251588441,
MTURN,8506,-0.62100999480036,0.301428862119163,
ABHD18,92,0.467728670879113,0.301532677128737,
HIST1H2BO,5983,-0.278040678465364,0.301565684356102,
LIN7C,7413,0.155416072813887,0.301704260732314,
FBLN2,4716,0.754582945310852,0.301726679990184,
ZNF148,15635,0.304467507943512,0.301770174035205,
CCR8,2199,0.963943168432781,0.301795770754676,
PLAT,10143,-0.387667805928806,0.301820187015401,0.724448063912426
POLDIP2,10322,-0.807417827557459,0.301832354835641,
NXPH4,9312,-1.38598310753165,0.301837401515573,
METTL25,8031,2.51093125860514,0.301917953671344,
MAPK8IP3,7832,-0.361470745756302,0.302048140574394,
SREBF2,13071,-0.246295838330454,0.302158432380639,
SMCO2,12726,-1.09385579501744,0.30246175709537,
DAP3,3432,0.238407793664192,0.302500938328774,
BVES,1546,2.04082083139688,0.302811803626154,
C1ORF21,1652,0.368015332003692,0.30282890188892,
SLC4A11,12593,-0.642823830399688,0.303007323774784,
SPRTN,13034,0.648773513327114,0.303024627178202,
GINS3,5327,-0.796871919175637,0.303071575291315,
GLG1,5364,-0.20566992497359,0.30343687276657,0.724448063912426
PCCA,9647,-1.19368062663192,0.303558849751214,
TUT1,14712,0.569049465453249,0.303689136416404,
RIN2,11422,0.736239683844463,0.303783963136753,
NAP1L2,8674,1.34927651325917,0.303810605288131,
RPL31,11614,0.412703947372262,0.303895361191045,
LILRB3,7394,1.30883926407009,0.304181303114728,
SERINC3,12099,0.672998089594911,0.304233011014953,
FSTL4,5052,2.9943310423121,0.304260368584372,
NDUFAF5,8797,0.4331777262208,0.304350743640862,
MAPKAP1,7834,0.328357144700977,0.304452201293393,
CABLES1,1813,-0.441071190382639,0.304540887825056,
PMVK,10271,0.623710408604623,0.304547902416362,
TMEM132A,13946,-1.0487508450537,0.304582565836148,
KCTD13,6934,-0.562237123716007,0.3046725923053,
CCBE1,2007,2.9940396667093,0.304825615488423,
GDPD3,5265,-0.738159699290009,0.304854748397576,
TNNC2,14214,2.89824922701576,0.304881040095021,
DUSP5,3954,0.537677923464595,0.304893013808359,
CZIB,3413,0.705716087670413,0.305119553203478,
HPF1,6158,0.573083115109815,0.305177265627542,
C4ORF3,1736,0.241121997464373,0.305293204262864,
GHRL,5311,-1.26498194089286,0.305318558431632,
IFI30,6322,-0.304831023738658,0.305409213081307,0.724448063912426
RBFOX2,11173,0.236702386240995,0.305470442368369,
ENDOD1,4243,0.908924544925468,0.30566977898238,
TXNRD2,14744,-0.615052666204552,0.305766156608397,
PDF,9793,-1.5328548333295,0.305773861382007,
SUMO2,13315,-0.3233124963555,0.305822534729751,
CUTC,3287,0.827780808215383,0.305916136960913,
SENP3,12069,2.49498530598914,0.305920129359743,
CEP95,2515,0.582084547574871,0.306058178229617,
UVRAG,15041,0.646797413693384,0.306067176892719,
F13A1,4469,0.700571033887583,0.306072996625317,
MAP4K3,7809,0.292877831782799,0.306160867476089,
GALNT2,5165,-0.391821504778991,0.306221242675699,
ALK,537,2.9892648710765,0.306268651023296,
PGR,9930,1.41100056743762,0.306367996340912,
TEC,13643,-1.00809117024474,0.306371622183731,
IER5,6314,-0.289140843961763,0.306427549744318,
ZNF747,16006,-0.567265706294119,0.306451223287127,
MYBPHL,8551,2.98286776422253,0.306481905398399,
SEMA6C,12063,-1.87540122293726,0.306523192423221,
GYG2,5757,0.695049666823915,0.306606608394027,
ZCRB1,15500,0.606213544561,0.306613816275782,
RPS27L,11672,0.420485370465887,0.306641761278232,
DHX8,3668,0.166764742544559,0.306669534937097,
ERAP2,4331,0.703102881218624,0.306671328347727,
ADPRHL2,352,-0.421401076296873,0.306695500041798,
SNX20,12854,-0.927075511283015,0.306715813137792,
SEC61B,12019,-0.513248972704245,0.30690752252471,
CAPZB,1908,0.197917454332637,0.306960300865828,0.724448063912426
KRT6C,7206,2.98649363313657,0.307042761661992,
ARPP19,990,-0.303178223546741,0.307054262380412,
EME2,4223,-0.471499582631109,0.307063380404441,
SCAF1,11893,0.158840197413224,0.307159950563136,0.724448063912426
CFI,2566,-0.275451658589293,0.307315853350721,0.724448063912426
ZNF563,15875,0.618733564621979,0.30740986724663,
CTHRC1,3234,0.676998730044379,0.307433001750416,
LDHAL6B,7319,-1.02582237506434,0.307568661680691,
ACSL5,199,-0.283391615407358,0.307578825258736,0.724448063912426
ZMYM5,15603,-0.3225070674355,0.307581393853002,
IL13RA1,6516,0.388526554569299,0.307600272733299,
KITLG,7070,0.435803810847238,0.307683094800618,
JUP,6830,-0.295995265019916,0.307912869791774,0.724448063912426
OSGIN1,9453,0.828839772074458,0.307992632401157,
ACADSB,146,1.3233985649945,0.308106228890308,
SEC11A,11995,0.182231367994868,0.308110012788778,
PRSS51,10710,-0.896585787748981,0.30828607771423,
CDC27,2317,0.214249597643826,0.308408685456319,
TAF1,13429,0.460585577514136,0.308423651409117,
ABCA7,46,-0.342344551968294,0.308489322550455,
NOL6,9037,-0.711004595958838,0.308491659968608,
SLC30A2,12501,1.54862010679782,0.308500542709535,
ZNF607,15912,0.516428626833407,0.308535063190635,
PABPC1,9518,0.19267990379747,0.308608487987898,
YOD1,15392,-1.06645401364367,0.308802458856188,
ZNF57,15882,0.712786229282787,0.308809277449515,
NUMA1,9270,-0.591529055228037,0.308859940607802,
ATP2A2,1124,0.190003468400608,0.308983150048917,
C16ORF89,1607,1.35724091566295,0.308994631758673,
MXD1,8537,-0.489516073940812,0.309050502257857,
GLI4,5368,-0.574347534287907,0.30934371953854,
AKAP17A,461,-0.490506223724356,0.309423264165141,
CRTC3,3145,0.760434194508082,0.30950001960129,
MAPKAPK5,7837,1.05884881452714,0.309564247563208,
DERL1,3604,1.08104681442203,0.309657973804841,
SFRP1,12169,-1.03414581257556,0.30968632941934,
DNAJC25,3790,-0.825094812810586,0.309717406051987,
CPEB1,3051,1.36251346989351,0.309818019630969,
BUD23,1544,-0.220976630877515,0.309828104588838,
KIAA2013,7016,-0.853552899865587,0.309845134657818,
MINPP1,8132,0.557659838133667,0.310054244483441,
C19ORF24,1627,-1.00649969988994,0.310055162884726,
TREM2,14427,1.12845928729636,0.310089310112164,
MAD2L2,7712,0.89457280699828,0.310134118445388,
CHRM3,2650,1.29594155403965,0.310135744592717,
HLA-C,6031,-0.211679729988011,0.310189637107832,0.727683247517502
CNDP2,2849,-1.36200469952466,0.310334788564649,
SLC35A1,12515,-0.419951937387709,0.310395246437809,
FCGR3B,4796,-0.537574617044347,0.310450162751125,
SLIT1,12675,2.95749611198044,0.310683002035881,
GLYATL1,5397,-2.14932200506539,0.31068481172541,
AMHR2,572,2.84898363246866,0.310701446523264,
HGF,5920,0.855800216116512,0.310768321814473,
DEFA3,3572,-2.09381325908847,0.31078057981715,
CIAO1,2679,0.291631002706045,0.310872578097859,
NOL8,9039,-0.42294858781982,0.310899785752698,
TRIM6-TRIM34,14489,0.708603569074851,0.310939834249979,
CX3CR1,3299,0.937185303932574,0.311033790046624,
DHX30,3657,-0.312884013713775,0.311058750474653,
TLCD5,13846,-0.352714283754485,0.31107222021849,
NRGN,9163,-1.12606864666192,0.311107768520173,
PKN2,10105,0.623725472210877,0.311140242285868,
FAM216A,4602,0.9621684145212,0.3112011419594,
RCN3,11249,-0.328639947732686,0.311262860685689,0.727745209289562
ASB9,1024,1.42328271919928,0.311278682254641,
SCMH1,11930,0.477513867941537,0.311341684124851,
DPF3,3861,0.801684359991876,0.311371215416038,
ITGAX,6747,-0.316534558903339,0.311406980865807,
ZNF358,15755,0.831124386148173,0.311509268495243,
DCTN6,3499,0.515725159329792,0.311580624317816,
LENEP,7336,1.97865179637299,0.311621446556284,
FRAT2,5023,-0.562323812780822,0.31162548474804,
ESR1,4385,0.830172002846558,0.311644255726327,
BOLA2B,1455,-2.95587703280988,0.311646477954363,
CHEK2,2609,-0.688750789634869,0.311658214008337,
TIE1,13794,-0.871814875470861,0.311700181424503,
IRAK4,6687,-1.00520614176727,0.311708395170217,
NHS,8930,2.15732968392963,0.311743672130414,
SEPTIN8,12087,0.396676226512786,0.311791720713595,
STX11,13264,-0.537547969325965,0.311863649750139,
TCTN3,13624,0.627840412147884,0.311928840964269,
ITGA3,6735,-0.269891339148756,0.312019631244348,0.727745209289562
SSNA1,13128,-1.5206539889568,0.312138988357173,
WDR91,15270,0.772106286756523,0.312293937137002,
IGLV7-46,6485,-1.45551381663975,0.312312340496742,
UXS1,15043,0.315681965533371,0.312440505894731,
CKAP2L,2708,-0.999413056789673,0.312741507674716,
ERMN,4364,1.21710885625717,0.312819874650738,
ZBTB11,15427,0.724255979309795,0.312870652586699,
FAM210B,4599,0.603691241090899,0.312932194170468,
ZNF326,15734,0.969581228380808,0.312952585381227,
RBM20,11190,2.94497248726538,0.313115752151138,
CDRT1,2414,0.773462091060062,0.313154728209565,
EIF4EBP2,4157,-0.685860817055264,0.313159606249854,
ATP5ME,1142,0.297830202782657,0.313207650218625,
BBX,1309,0.349274368951151,0.313233091150244,
NDUFS3,8817,0.332909373245905,0.313305054917246,
HPCAL1,6155,-0.212081894976074,0.313324552912729,
NDUFB8,8810,-0.288783853139339,0.313479971742563,
ACSM2A,202,2.3952599290558,0.313498092221634,
LAX1,7289,1.25747900484556,0.313662255832914,
ZNF451,15806,-1.44969444573805,0.31373346410753,
MAP1LC3C,7778,1.79677659400188,0.313744662607951,
SMAP2,12705,0.634370298990267,0.313836035640308,
SENP6,12072,0.35287953283992,0.313992961520174,
SPOCK1,13010,0.803347114457763,0.313996461774067,
XPO6,15350,-0.246576340088171,0.314100844430987,
EFNB3,4085,1.3976481661749,0.31413197319165,
TMEM192,14008,0.7186160388746,0.314177350775061,
COLQ,2965,-0.842640463161207,0.314201186547162,
NEBL,8827,1.07365214541191,0.314305507170306,
SCRIB,11954,1.33272686849023,0.314325230332794,
FEN1,4823,-0.992470833372929,0.314403249082601,
HDGF,5861,-0.173410707241438,0.314421408355355,0.731233649979169
LYSMD1,7687,0.484261156755434,0.314477552638299,
NMNAT2,9011,-0.704467910998321,0.314513930089583,
CCDC198,2070,-0.540780685067248,0.314519272901047,
ABCB5,53,-1.77087148494958,0.314550230122184,
LMO2,7457,1.00898675690672,0.314556606504374,
ZPLD1,16097,1.39633691875038,0.314658232407603,
SPAG17,12931,1.12245449232637,0.314801742438376,
POR,10385,-0.25655258988861,0.315059182533361,
KIN,7059,0.641293744514117,0.31507215812085,
RPTN,11695,2.93057978102,0.315128097457981,
PDE4C,9780,-1.19851318884839,0.315140561718519,
ADAMTS2,265,0.4900943770892,0.315157359623934,
CST7,3206,0.952134012387943,0.315182704442762,
POLRMT,10366,-0.251294398015595,0.315229457299007,
USB1,14959,-0.297541602688292,0.315318243454437,
AC008397.1,118,-1.44642348326895,0.31559410117702,
RUBCN,11773,-0.735626351723054,0.315606933242913,
TBX18,13564,2.18953155206907,0.316013512284358,
RICTOR,11410,-0.237653567662919,0.316017869716708,
KLF1,7079,-1.87174839678889,0.316029983493181,
RAB40C,11007,-0.704426211522941,0.316049174187652,
ABHD17A,89,-0.300790752358244,0.316109068351697,
KIAA1586,7010,0.925885317533778,0.316122697359545,
UBN1,14832,-0.246354975357628,0.316145407798655,
TPRG1,14306,-0.758087107314935,0.316210126718933,
AFDN,372,-0.201749533865952,0.316407635540604,0.731697445018266
RPL13A,11593,0.451100710165837,0.316430834772774,
TPM2,14296,0.400961681553928,0.316434211042596,0.731697445018266
TOMM40,14245,-1.07751024987823,0.316463086335041,
FCMR,4802,0.574199616445689,0.316515709670508,
SLC9A5,12649,-0.848098403643554,0.316542825704715,
WDPCP,15212,-0.509296039459963,0.316592422079531,
WASF3,15192,1.42495365914664,0.316661949558414,
GRIN2C,5648,2.92072300533218,0.31667836459227,
REM2,11288,0.719966086214474,0.316703574679044,
SLC27A3,12477,0.632359158515033,0.316809387035067,
IL12RB1,6514,-0.738969137868753,0.316822812718972,
MALRD1,7746,0.949949373155209,0.316920169885148,
COL23A1,2935,2.91978388725732,0.317150967300608,
C8ORF58,1780,-1.596166659688,0.317151769869471,
TYMP,14747,-0.239074719345167,0.317254163169461,
MRPL57,8354,-0.40794303095879,0.317258188774908,
PWWP2A,10908,0.829304379232145,0.317264929199093,
OR6N1,9418,2.90217064839865,0.317321230081411,
PMF1-BGLAP,10261,0.328152121157927,0.317358004743912,
THAP10,13744,-0.951276588637869,0.317413731019436,
CCS,2202,-0.204509355588926,0.317490031088779,
CNTNAP1,2897,0.731877015942466,0.317496716475859,
YJU2,15388,-0.346129159997838,0.317498708268824,
SULT1A1,13303,-0.286800143997635,0.317547853007448,
CSNK1G2,3186,-0.261656205935554,0.317644694745868,
ADH1A,328,0.790604560512065,0.317777793948347,
IGHV5-10-1,6433,-1.67854047546236,0.317792370754344,
MLF1,8159,2.80942172353823,0.317796653223464,
UGT2B17,14894,-2.9192369555211,0.317798376995654,
MS4A4A,8394,0.99519805672691,0.317872128758138,
ANKS4B,688,-0.901714761022983,0.317882375179512,
CSH2,3178,-2.91562796235505,0.317986964440185,
TACO1,13423,-0.872100766475653,0.318022194992201,
HCLS1,5842,0.346849132477247,0.318079229392828,0.732299680994664
GORASP1,5490,0.357325231869545,0.318148539558118,
DPEP2,3857,0.710078416952135,0.318229732869606,
GALR2,5175,2.67206692204601,0.318269519407727,
ABCD1,68,-0.6457679018745,0.318334676713037,
FBLN1,4715,0.608409057536657,0.318359486543376,
RAD17,11048,0.8865410480301,0.318410501185355,
PCLO,9726,-1.00329786049987,0.318496403246061,
RUNX1,11782,0.252300764605369,0.318509526677977,0.732299680994664
KLHL9,7139,-2.90365894994721,0.318617434557849,
MAPK1,7818,0.373857250040167,0.319048924809875,
MMP23B,8195,0.596527226592179,0.319066409232454,
EPN1,4315,-0.259552958218198,0.319083147176936,
ANXA13,713,0.860688239950446,0.319186639446784,
MTR,8491,0.784938475307937,0.319244131040885,
CERT1,2525,-0.238352219567892,0.319298418078729,
WARS2,15188,0.324449941238217,0.31930673366198,
APCS,770,-1.21123983645767,0.319410337811299,
EED,4044,-0.935285744103844,0.319605055217786,
FGGY,4872,0.440651146695379,0.319605393119288,
PRSS53,10711,-1.184069774355,0.319714260647667,
RYR3,11804,2.54238060220195,0.319721244023275,
APH1B,776,0.626396092982507,0.319843529517069,
PSMF1,10779,-0.178363704909922,0.319879035570089,
NBEA,8704,-2.02387732197917,0.319887505870237,
AFG3L2,378,-0.38514396020202,0.320040579355058,
TLCD1,13841,-0.580458266731267,0.320090158285284,
RGS19,11361,-0.562029090724606,0.320124653455294,
MOSPD2,8249,1.03080218694749,0.320158000218497,
SPESP1,12982,-1.51309874005909,0.320197970909334,
B3GNTL1,1242,-1.037342338844,0.320270546540251,
RANBP3,11094,0.563782644119669,0.320399286474138,
STON1,13242,0.753717272255616,0.320464209220332,
HSD17B3,6199,-1.06724092759406,0.320586424533441,
IGHV1-24,6394,1.23740748101055,0.320599614664518,
SIKE1,12301,-0.501945683667907,0.320669298868552,
UCK2,14862,-0.328051957415312,0.320670138788735,
MRPL42,8340,1.11221838984219,0.320693055336954,
CSF2RB,3173,-0.523144778031866,0.320709152224282,
PCMT1,9728,0.35959686971419,0.320761443397739,
HUS1B,6266,0.682384573052854,0.320770721731897,
SCAMP1,11898,0.199807763634358,0.320774617349594,
RASEF,11133,-0.550380731911014,0.320863305124754,
LMF2,7451,0.442771537075965,0.320993459400391,
MCM9,7917,2.8959525401385,0.321206541674477,
YAE1,15367,-0.365146687935776,0.321333985889262,
CD300LF,2254,-0.430153587289881,0.321462994415578,
METTL21A,8027,-0.540946480907982,0.321467879658993,
FGG,4871,-1.12860147773239,0.321484806963059,
CHST2,2666,-0.402296637820796,0.321551644573219,
USP14,14973,0.33339699384596,0.321591229401358,
TRIP10,14503,-0.161414835758086,0.321660289138335,0.73690045166597
SOX13,12901,-0.28736252704153,0.321912582910944,
LRRTM1,7605,1.89200751621819,0.321925222993257,
MUSK,8527,1.54031332381268,0.321998617464706,
VPS28,15128,0.340907651854037,0.322035532115195,
GPR88,5593,1.57739167347518,0.322037866723167,
TALDO1,13464,0.322417616060945,0.322091245249493,
LARS2,7282,0.257581894376439,0.322157246552707,
NOL7,9038,0.329493788325516,0.322173912273676,
CEACAM3,2430,-0.533492370119063,0.322199272538642,
TMEM254,14050,-0.899368029283009,0.322292156827233,
MAP2K7,7787,-0.339255349427258,0.322297717681055,
RPL23A,11604,0.257492222243698,0.322319009977768,
CPNE3,3063,0.283391382491648,0.322360268344237,
DECR1,3566,0.274745565123677,0.322590480425925,
GABBR1,5122,0.549532781116611,0.322619657403122,
RETN,11301,-2.69187487050337,0.322658452985666,
RRP1B,11719,0.964787631315057,0.322691429516962,
TERF2,13673,-0.623608502731495,0.322803097965438,
GLT1D1,5389,-1.6970212207046,0.322971160068751,
ZCWPW1,15501,1.02052024111805,0.323154799197036,
F2RL2,4473,0.981397645266121,0.323282490983808,
HHLA2,5930,0.564023101275078,0.323443549068446,
TBC1D16,13516,0.497327476326395,0.323507006868088,
SMTNL2,12778,-2.88294456218299,0.323526898420696,
STN1,13238,0.396807793495651,0.323686891476679,
ADGRF4,315,-0.859156605834348,0.323693172377003,
S100A12,11808,-0.953877068015273,0.323732806768114,
GCKR,5237,0.673785600702122,0.32378498047125,
PBXIP1,9639,0.280221402620195,0.323796988895033,
PFKFB1,9893,-2.88591595813963,0.323924727657393,
CUBN,3275,0.916847597146437,0.323937845577887,
EPB41L4A-AS1,4288,0.347724225726771,0.323959537114064,
GPC4,5522,0.476934903440798,0.324139607590939,
HLCS,6050,-0.702775601636572,0.324164152894202,
TMEM67,14102,0.912792961100713,0.324195620031813,
GIMAP5,5319,0.436577414368209,0.324212312948317,
PKIG,10101,0.51333543884879,0.324266568923639,
GAGE2A,5144,2.87920840535033,0.32427303698903,
ISG20L2,6715,-0.175942794567343,0.324322328081355,
APOA1,784,1.0381389230873,0.324328250129374,
SUN2,13319,0.364081807963378,0.324427325058124,
HIST2H2AA3,6005,-0.40002583524346,0.324570169615513,
FAM126A,4528,0.734735592400336,0.324679746801859,
KHSRP,6982,0.323278576885767,0.324703120042673,
CCNT2,2187,0.288489778038387,0.324726928945051,
KNTC1,7171,-0.827900230439905,0.324750573885028,
GNG12,5435,0.315411594221489,0.32477078347575,
SF3B3,12160,-0.188746709426448,0.3247818834896,
PRICKLE4,10577,-0.521265202698591,0.324786900108265,
JKAMP,6809,0.604987138945216,0.32479911666537,
APOA4,786,-1.3926725370869,0.32481466874139,
FKRP,4917,0.699112577683004,0.324945345775687,
RBPJL,11228,-2.0009632552346,0.324971542339905,
MRPL2,8320,0.793667230957949,0.325124399282277,
AHCYL2,422,-0.517599817356887,0.325168581331618,
ATRNL1,1189,1.7215150754354,0.325211373557525,
NAMPT,8666,-0.526182858291082,0.325289494832523,
NCOR2,8758,0.230957556160986,0.325391613093434,
CRCT1,3101,-2.86533445718337,0.325400113374152,
LRRC37A3,7560,-0.618608562624363,0.325421614806204,
CAMSAP1,1875,0.514348868880088,0.325499497318868,
MAP7,7814,-0.282047695583838,0.325530399229566,
UQCRQ,14950,-0.256925026228966,0.325674244517763,0.73690045166597
COG1,2912,0.255201325450473,0.32568761681664,
SOD3,12880,0.560792867844997,0.32568780721799,
FCGR3A,4795,-0.372077923214054,0.325734724302432,0.73690045166597
SMARCAL1,12711,0.655296432993192,0.325764904065368,
HUWE1,6267,0.527843179648944,0.325801303940411,
OR4F21,9405,1.32511766989341,0.325908022774772,
TTC33,14643,-0.477250729441672,0.325976167382288,
NAP1L3,8675,1.36538986808493,0.325989423581079,
SGCE,12187,0.620320420390304,0.32599540752546,
ZCCHC17,15492,-0.495087952006535,0.326030795242769,
RHOT1,11398,2.45285352728546,0.326128627576762,
RNLS,11547,0.490134710539457,0.326146583691003,
SMC4,12722,0.476345812797933,0.326208711203082,
WDR3,15225,-0.321880314614546,0.326213118992097,
SPNS1,13006,-0.666334496054905,0.326451298227716,
POLR3B,10357,2.86622685296293,0.326452996798178,
ALOX12,548,-2.79998867113734,0.326483803188416,
AKR7A2,483,-0.567853014597557,0.326514383087001,
POLR2C,10343,0.243462013806477,0.326553067894791,
CTTNBP2NL,3271,-0.220818388646826,0.326684501727271,
ACAP3,151,-0.29784431630854,0.326729576284295,
KPNB1,7179,-0.222616665859832,0.326843390040447,
LDB2,7315,0.707030603611137,0.327070411905628,
OIP5,9359,-1.32650807306537,0.327090646661846,
MYL3,8570,2.33828056745867,0.327101829266842,
UNC79,14923,1.24786478128127,0.327225788866775,
AEBP2,367,0.220628671640246,0.327266022686245,0.73690045166597
TNFSF8,14201,0.990213489271511,0.327424761122323,
SSBP1,13120,0.177023507667733,0.327471631160029,
CHEK1,2608,-0.641212379120639,0.327507153403798,
CCDC89,2117,1.45156688594739,0.327637308265699,
TMEM203,14016,-1.16370272015561,0.327706793624344,
CCT5,2209,-0.188168496858632,0.327875349784224,0.73690045166597
RGPD1,11346,0.694235306049466,0.327946155571925,
ATG16L1,1084,0.564518952608025,0.32798001376816,
MTHFSD,8469,-0.449270938379481,0.328119121961368,
TTC7B,14654,0.662593344415341,0.328140272738512,
MSH3,8405,0.314429978601546,0.328269679140895,
ALPL,558,-0.694710297733441,0.328326697682636,
CTPS2,3248,0.768370564260529,0.328334210364814,
MEA1,7949,0.684678386991001,0.32835403284602,
SYT1,13395,1.31893469139687,0.328578569035998,
DNAJC25-GNG10,3791,1.51827109914909,0.328604235819706,
ANK1,618,0.838738423486573,0.328729688249632,
NYAP1,9315,-1.07121147082612,0.328732938851889,
RFX8,11334,2.16319444318477,0.328773901410154,
PTN,10837,1.03862463417039,0.328780745014121,
IDS,6309,0.220083529612428,0.328897000342354,
RBM43,11206,0.81168669228286,0.328910508942209,
UBXN10,14850,0.435079728254242,0.328970980670448,
TBC1D3H,13535,-0.28613365961339,0.328994734566912,
FHL1,4880,0.575819881214151,0.329028472183003,
GNAI3,5421,0.489466977138763,0.329162446380757,
TRIM22,14456,0.30488343363533,0.32919130948543,0.73690045166597
ACRBP,191,-2.84324694056933,0.329322745044752,
CD86,2295,1.50119345463145,0.329324100487898,
PAOX,9575,-0.648206461348522,0.3294918676211,
DNAJC30,3795,-0.935917221179883,0.329546410699793,
CDH26,2355,-0.904706618911372,0.329564002623575,
ERCC2,4338,-0.518359089594995,0.329587967474452,
GSDMD,5676,-0.479408616489699,0.329594940484976,
KCTD14,6935,-0.495258925092729,0.329667206139875,
POLA2,10316,0.69026673845567,0.329687909963405,
ARHGEF7,917,-0.198324795845722,0.329699059247284,0.73690045166597
RHBDF2,11377,-0.593332460459762,0.329720138539203,
FMO2,4947,0.88220449383128,0.329742690907124,
USP35,14999,-0.443755370800461,0.329905304851127,
DYRK4,3981,2.82378214819812,0.329939279222582,
OCLM,9336,-0.804384954797428,0.329974555714144,
RPS10-NUDT3,11651,1.60755263562736,0.330013227203579,
BTBD1,1509,0.281391608666181,0.330028573267098,
KIAA1958,7015,0.710275279879901,0.330094298885401,
TARBP1,13478,-0.412917705498995,0.33014356024056,
TEDC2,13649,-1.09452727710228,0.330209404654105,
SEPTIN10,12079,0.35319112191413,0.330219180727805,
MGLL,8087,-0.229988247382467,0.330222863193034,0.73690045166597
ANGPTL7,617,2.41783597394887,0.330318919315225,
NPIPB9,9104,-1.66472717742745,0.330324385285926,
TRBV28,14404,1.97291905294226,0.330426287970202,
WAPL,15186,0.303254645610749,0.330432112817014,
UGGT2,14879,0.279228497193207,0.330441981937336,
KLF10,7080,0.403841511065853,0.330455318970964,
PTRH2,10883,-0.301496486057242,0.33045669232779,
RPL10A,11589,-1.5652840016949,0.330535152711807,
NBPF8,8718,0.381866736804931,0.330568535777981,
RAB11A,10955,0.243028873677322,0.33072688687313,
RXRG,11798,1.71202858132174,0.330735822780444,
COX11,3020,1.07857396566399,0.330790381181325,
DDX59,3561,0.324414872737411,0.330843751526518,
CAPN12,1889,-0.526915922301271,0.330902148024917,
TTC30A,14639,-1.04457732401073,0.330979029695534,
CSRNP2,3196,0.590559245555137,0.331118071015803,
PIGY,10032,-1.06514448842907,0.331140843112951,
C1ORF35,1656,-0.828815121025542,0.331206314214327,
UBR5,14844,0.157767054488831,0.331280608279654,0.73690045166597
TIAL1,13788,0.202623862144346,0.331486692355165,0.73690045166597
PFDN5,9891,-0.306435870348292,0.331490110400308,
NIF3L1,8939,2.84059703515776,0.331647893136902,
LRRC4,7563,-1.75406554191596,0.331692644034998,
NLGN4X,8984,2.06211985902257,0.331773718770646,
FXYD6,5090,0.828946998974949,0.331871986318598,
S100A2,11812,-0.807293652631952,0.331884205859659,
IFNAR1,6337,-0.305435645891322,0.331899819680241,
EEF1G,4055,-0.172475788470683,0.33192887133511,0.73690045166597
EDN2,4038,-1.30798553716067,0.331992039308259,
KDM5A,6963,0.325541197642093,0.332120780339251,
DCUN1D1,3501,0.532082756933852,0.332177926966564,
CHPF,2641,0.288092337389605,0.332341839258425,0.73690045166597
NBPF14,8713,0.213420612479992,0.33238136853335,0.73690045166597
COL27A1,2939,-0.356742543289916,0.332394219802226,
PARVA,9615,0.251256337683917,0.332474990790924,
ABCA12,39,1.34674615086818,0.332539006933822,
ARHGEF16,900,-0.534948431701352,0.332568643896792,
SIM2,12304,-1.08155771351901,0.332574560710526,
PSMA5,10741,0.546717273785998,0.332650419239299,
PATL1,9620,0.4252055198292,0.332823432898273,
DEPDC1B,3598,-0.824007606028083,0.332830595454359,
SFN,12166,1.16011250462379,0.332891301465007,
CRYAA,3148,-2.82806314982429,0.332937401138221,
KRT72,7208,-2.82088694185665,0.33305964506851,
PHKB,9969,-0.196264132330657,0.333099685833348,
TRAIP,14336,1.02756433373472,0.333128768644503,
ZNF385C,15765,-1.14297283170652,0.333194325403115,
RPUSD4,11700,-0.573581747073428,0.333215428954805,
STK19,13217,-0.805266590421453,0.333216566447569,
CMPK2,2836,-0.44014391742455,0.33324651354237,
SGTB,12205,0.627104583737123,0.333285499774941,
SPSB2,13043,-0.952430930293023,0.333316103553217,
MMP19,8192,0.790933719459949,0.333348066221657,
IGLV1,6460,1.01690688949681,0.33336919704787,
SDAD1,11968,-0.307899293990803,0.33339370858829,
ZNF658,15943,0.976963242705816,0.333428974784803,
IL6ST,6566,0.3137681236506,0.333496013422855,
SEPTIN6,12085,0.406978854654617,0.333573682044462,
EXPH5,4453,-0.531152602836408,0.333577430237686,
NUDT21,9257,0.211112215748578,0.333799265027979,
LGALS12,7351,-1.29505750373291,0.333836408522193,
RELB,11281,-0.570658698234044,0.334084435534147,
POLR1D,10339,0.313270491394262,0.334091568281696,
THSD1,13776,-0.901189635198393,0.33416225139675,
LRFN1,7513,-1.46088571899865,0.334163009054924,
HPS3,6164,-0.402579263545277,0.334187318494751,
EVL,4422,0.379227370859042,0.33426096358714,
RND3,11468,-0.792827714932455,0.334329104405674,
AGAP6,389,0.258654370986143,0.334379207316921,
REST,11299,0.620394511526228,0.33443573433219,
AHI1,424,-2.82027780611849,0.334480441290348,
PLOD2,10221,0.946853825475669,0.334543843531068,
MTUS1,8507,0.676626381178606,0.334548598581246,
BIRC7,1405,-1.01617802611719,0.334549262834711,
PHF20,9954,0.552889341335368,0.3345638317844,
SAMM50,11855,-0.262274670325348,0.334593465841138,
SAFB2,11837,0.17119674232593,0.334704950745163,0.739645794526012
CALHM2,1851,0.645767199950002,0.334762637274984,
ZBTB34,15443,0.414020044730854,0.334770536823553,
PCSK9,9748,-0.944942578128299,0.334798690194784,
BORCS7,1461,0.486539389186075,0.334919222426962,
LAMA2,7249,0.718594311926304,0.335009074580123,
TSC2,14558,-0.229415328631897,0.335138326316936,
XRCC2,15355,-0.865440229457093,0.335142820463184,
GPNMB,5539,0.438935093266814,0.335380648088591,
ADO,345,0.648465125571119,0.335392221175014,
PRELID3B,10564,0.258463796198437,0.335452739524808,0.739645794526012
MROH1,8304,-0.549648684232883,0.335508701423445,
PPME1,10451,0.205530159322445,0.335517351205623,
ECRG4,4022,2.81274743159827,0.335702106487907,
PLEKHO2,10205,-0.744316632742073,0.335767592285767,
SRPK2,13091,1.06173543525793,0.335879313749019,
PACS1,9527,0.47086937534203,0.335994010521532,
HIRIP3,5956,0.986070449048018,0.335995080317185,
TREH,14425,-1.25110479387455,0.336127068824108,
GPATCH3,5513,-0.875811024315212,0.336164328583874,
CYB5D1,3338,-0.991895669108897,0.336166405564168,
DPY19L4,3881,-0.72531007553367,0.336174600229014,
MTCP1,8448,-1.03166918682264,0.33626287376597,
IGHV1-45,6396,1.23057190120327,0.336275586298363,
DNAAF5,3747,-0.338996220275893,0.33629802018145,
MZT1,8619,1.53003008761671,0.336342077384854,
NDUFA10,8779,0.252353885831169,0.336406822925928,
AMACR,564,-1.26954663529938,0.336496900739815,
SLFN12L,12670,0.884297572886144,0.336501744028982,
CLDN11,2736,0.662023627992619,0.336511029821573,
RPUSD1,11697,-0.547137177231251,0.336549404452744,
ZNF81,16049,-1.12169258142481,0.336670110707418,
DCUN1D3,3503,0.552325133675452,0.336697536249308,
PLAC1,10136,2.80648234997625,0.336713659518735,
NAXE,8701,0.366220559702087,0.336868302256435,
STXBP5L,13284,2.80769602308287,0.336879327153814,
UBAP2,14777,-0.565282423565867,0.336990068117523,
CALM2,1856,-0.23102926245037,0.3370054237205,
RPL29,11611,0.947104439981372,0.337013887408552,
CACNB1,1832,-0.384095112383992,0.337096780735787,
CCDC170,2054,0.860652978648296,0.337129239860668,
ZNF263,15695,-0.589840934036303,0.337186174597033,
SUGCT,13297,0.664745261569332,0.337195363371735,
MAATS1,7701,1.37076173212883,0.337250820649734,
ASIC1,1035,1.02720859782707,0.337313277454606,
IL6R,6565,0.283912265333516,0.337364097323311,
CD99L2,2303,0.331241757661756,0.337378707190022,
UTRN,15038,0.486746835947086,0.337384645612909,
SQOR,13060,-0.591274243885032,0.337392340188771,
TRAPPC1,14344,-0.323681674393811,0.337463182830011,
BNC2,1444,1.1827894086201,0.337634035505566,
UPF3A,14932,0.68569200247616,0.337652863023076,
CCDC183,2062,-1.02782202324349,0.337756017515901,
CYP4X1,3395,0.977302622449241,0.337806286081042,
NAXD,8700,0.224542121964731,0.337856182773008,
RNF215,11521,-0.554467933205611,0.337933179248922,
EIF4EBP3,4158,0.312592932877772,0.337989605397746,
TRAV29DV5,14377,2.32514340978866,0.338132523168812,
RTTN,11772,0.76454683563762,0.338191369414056,
MAP4,7806,0.367006165479982,0.338233667203087,
MGST1,8092,0.645010884363783,0.338321695781269,
UGT2B15,14893,0.936579134599442,0.33835776478201,
SOX17,12903,-1.06246180127345,0.338432238095077,
FCRL5,4809,1.07279447480663,0.338479873670363,
SPRR1A,13026,0.726413435269108,0.33852841274452,
SESN3,12134,0.424460137254183,0.338546017180739,
ADGRE5,311,0.439473902540492,0.338551628424154,
POLR2L,10354,-0.26282395295121,0.338708476528451,
TRBV5-3,14410,-2.78868114655239,0.338733933013096,
SDC2,11970,0.597743322456616,0.338900376953062,
TSC1,14557,0.358037774454322,0.338902367823955,
ERCC6,4342,0.497537053325904,0.338910247863499,
ATP6V0E1,1159,0.180355623104858,0.338935945319694,0.74029918160653
CPLX1,3058,0.856369251117777,0.339225360154519,
GTF2H1,5715,0.218938521133569,0.339390493531778,
CALB2,1846,-1.07450124215228,0.339412921856185,
RABEP2,11030,-0.469818907080825,0.33942304124833,
HFE,5917,-0.365189535440355,0.339427425660811,
DAZAP1,3443,-0.490471741322855,0.339538175808114,
STAG1,13171,0.30971832154119,0.33955187077602,
STPG4,13247,-0.717347035445451,0.339905064466833,
SPACA5,12926,2.50450923333772,0.339943443596934,
FOXO6,5006,-0.655713362190984,0.339945285470998,
TMEM265,14059,-0.863929418205706,0.340082794524178,
NANOS1,8669,1.33055991118288,0.340172930394567,
TMEM176B,13986,0.324441040018709,0.340236716598453,
ANKS1A,685,0.543952886268796,0.340263245519381,
ARHGAP24,870,0.716497931528996,0.340384338884203,
LAMC1,7256,0.273210575186096,0.340594375378752,0.74029918160653
IGHV3-49,6417,1.04304246259189,0.340626613880437,
TLE4,13851,0.769517501038916,0.340776981588031,
PAK1IP1,9550,0.559661057277202,0.340906317120111,
BCOR,1353,-0.875225229721147,0.340987339641225,
CCNB2,2164,-0.84547752267663,0.341000192871751,
KLHL15,7111,0.56533138755397,0.341068331706479,
PACSIN1,9529,-1.30813796940408,0.341265164399099,
RAB13,10963,0.258556652250746,0.341366695369307,
PRPF38A,10645,-0.48698326934575,0.341380934337033,
TIMM8B,13820,-0.899521113153085,0.341398836457047,
ATRN,1188,0.884458710120507,0.341436132783696,
FYB1,5093,0.739849050673417,0.341486156445665,
LMO4,7459,-0.351825639289579,0.341624269687891,
DCAF12,3458,-0.353058985016775,0.341631461544794,0.74029918160653
MOCS1,8225,0.672881843670433,0.34172778572718,
ARG2,855,0.98291580910725,0.342027639953851,
NSG2,9187,2.31288403597083,0.342047432028386,
KIAA1257,7003,-1.01150686115845,0.342133437234528,
ENAM,4241,-0.94115921399878,0.342159875497047,
GABRA2,5126,2.7748294352462,0.342165033995532,
FAM166B,4560,-1.70173688750007,0.342168728633473,
PIP4K2C,10065,0.260426956756685,0.342198426673488,
ZNF134,15625,0.489121977426599,0.342202719115042,
NR4A2,9145,-0.895062924791348,0.342241709390109,
NARS,8685,0.325912514003768,0.342262767797276,
LNP1,7465,1.29367427481121,0.342270261528905,
USH2A,14965,2.77428637223231,0.342317521023797,
SOAT1,12870,0.299842208126363,0.342337575875238,
HSPB7,6237,1.08770537756048,0.342353263752894,
NPAS3,9075,1.5054409245399,0.342482487751813,
ANXA11,712,-0.155278595415474,0.342508514797753,0.74029918160653
SIGLEC16,12290,-1.41335178297865,0.342531786084364,
TNPO3,14222,1.11818646759077,0.342538139542094,
HESX1,5908,-1.37784677890807,0.342582182195397,
MIPEP,8136,0.708509081887579,0.342629665124216,
NCR3LG1,8761,-0.70060871180908,0.342646320759097,
RNF145,11491,-0.422963930776482,0.342687717587493,
NDUFV1,8823,-0.205387202614225,0.342778957841868,0.74029918160653
CYYR1,3412,-0.74915034689751,0.342831099202003,
DEPDC1,3597,-0.981202060045468,0.342875520058016,
NDUFA9,8791,0.266178831342636,0.342887936925389,
MAVS,7871,-0.470155657130777,0.342922465167428,
HIST2H3C,6012,-0.698531849976973,0.34294002816677,
OSTF1,9461,-0.319536387215592,0.342956692945538,
MARVELD1,7853,0.520122536738319,0.342987642868986,
TMBIM1,13889,-0.414954173245481,0.342995421136012,
RAE1,11067,-0.702206089444587,0.34301627542912,
COPA,2980,0.123636167250126,0.343045481097879,0.74029918160653
TDRD7,13636,-0.473859240573436,0.343068827720353,
CENPU,2478,-0.651057356435139,0.343218103368104,
GPR143,5550,-1.00395807445805,0.3432439986794,
QSER1,10944,0.150360090602778,0.343308883208375,0.74029918160653
CTPS1,3247,-0.358202439744967,0.343309068705874,
CCDC66,2095,-1.22872824697631,0.343363515458912,
EPHB4,4308,0.178668447159192,0.343382641412316,0.74029918160653
RSBN1,11727,0.459482829342478,0.343403492972369,
IER3IP1,6313,0.285924365922242,0.343411931029778,
ZNF274,15701,-0.677529452039009,0.343573692665885,
RIC8A,11408,-0.373457278929443,0.343676836012197,
HECTD2,5879,0.403109472145378,0.34371279810654,
PRDX1,10555,-0.285420918416707,0.343812878875589,
NTAN1,9213,0.660311108397861,0.343830099041181,
CENPC,2462,0.254722675117334,0.343867214907059,
CRYM,3160,-2.75733511546044,0.343918119357467,
IFIH1,6327,0.763528006998596,0.343987284623235,
FANK1,4686,-1.30654163987125,0.344060405816434,
SLC35F5,12536,0.841165619426781,0.344269809873052,
MFSD14B,8066,-0.746914776458611,0.344321682956958,
ICOS,6294,0.885093669396816,0.344365387274131,
PRLHR,10614,-0.728894011479532,0.344412750883734,
GSN,5683,0.196476390440655,0.344440644772602,0.74029918160653
LONRF3,7481,2.56944955921509,0.344477298615721,
CCNY,2188,0.380396062658744,0.344501131583294,
FYN,5096,0.428088728662205,0.344516167317467,
SAR1B,11866,0.257978770640666,0.344661797767219,
TMEM245,14042,-0.692175805089509,0.344697206695398,
FAM131B,4531,1.38548186474603,0.344705666917173,
SMARCD2,12716,-0.270551790542819,0.344981885608373,
PARP9,9612,-0.316618302955883,0.345006768281208,
ARHGAP21,867,-0.193442069243118,0.34504160919483,
GARNL3,5189,-1.41717046888449,0.345106553260606,
LPGAT1,7498,-0.685879313298218,0.345289330383681,
POLR1C,10338,0.775510432948402,0.345323322024652,
HHEX,5927,-0.966591377782957,0.345486329961899,
METTL17,8025,-0.877994548777152,0.345541115352083,
ANGEL1,607,-0.63298982070192,0.345573964945709,
LENG8,7338,0.253719098727837,0.345578329978974,
TPX2,14317,-1.12245877234066,0.345592650858664,
SLC1A3,12395,1.22208858444431,0.345949344612989,
KLK13,7143,1.39273613075431,0.346010107189791,
KCNK17,6905,1.9049612950694,0.34602944892113,
TNFAIP6,14166,-0.943420110905007,0.346075047801067,
EEF1AKMT1,4047,-1.11003137758415,0.346253954961278,
HNRNPCL2,6098,-0.186819418928798,0.346272691842895,0.74029918160653
FAM102A,4501,0.183304183132658,0.346282883733604,
MYZAP,8616,0.239796671116754,0.346396791290232,
TRMU,14530,-0.458433755238975,0.346579061958927,
KCNMA1,6912,0.605630396494404,0.346594071568905,
SIGLEC6,12292,-1.36208175232087,0.346611695024502,
COX8C,3040,2.04625878638194,0.346612508388915,
CDCP1,2344,-0.286141781164247,0.346653818014116,
MFSD14A,8065,0.40592815372322,0.346675414900826,
TOMM6,14248,0.409181413255692,0.346682985810219,
FOXD4L3,4989,-0.794801843379515,0.346722218598709,
KBTBD12,6855,-0.764213706884022,0.346735604584478,
ZNF774,16022,-0.839443518460095,0.346858665394823,
S1PR2,11824,0.486601924652823,0.346891414018885,
SYNJ2,13384,0.3523498301044,0.346948726659932,
METTL18,8026,-0.546639953776012,0.346959822799399,
GTF3A,5725,-0.466243371897934,0.347014585119142,
PCDHA9,9673,2.05200543483607,0.34711712101885,
ADAM23,248,0.942593462298131,0.347218394244215,
TRMT10A,14514,0.610692905857551,0.347444477307295,
MRPS15,8361,-0.683830938977644,0.347484710055817,
PTPRB,10863,0.483475973840796,0.347524785933055,
LILRB5,7396,-0.789066094793092,0.347570362177641,
PPP1R15A,10467,-0.297458819736285,0.347629562029858,
TOP1MT,14253,1.20317945081151,0.347740460253771,
ANAPC1,596,0.721595992854408,0.347838625819353,
MPEG1,8257,0.50325052269241,0.347939340823501,
NDE1,8765,-0.226177229179855,0.348105064639624,
CEACAM19,2427,1.13247489789462,0.348147784118872,
TRPC4AP,14539,0.216710542796055,0.348167869880438,
RNF167,11500,0.222809696715323,0.348331622682841,0.74029918160653
STXBP3,13281,1.10088585268945,0.34847253634055,
UBL7,14830,-0.776410634023833,0.348477848586136,
CRCP,3100,-0.766699270188964,0.348489590218181,
CARM1,1920,0.333490141308466,0.348523671990684,
PDX1,9830,-0.735672173060858,0.348525265396516,
KLHDC9,7105,0.792453556389005,0.348527222818502,
TMEM131,13944,-0.377825872659149,0.348570130323507,
TFPI2,13718,-0.735625168828188,0.348574927559819,
UCHL5,14860,-0.607639011660976,0.348592071248085,
CLDN9,2748,-0.695713525620101,0.34866636774515,
TMUB1,14155,-0.349561758857094,0.348715578263732,
ARMCX1,968,0.561891067938676,0.348728246398133,
C17ORF113,1613,-0.804372958957405,0.348750133304153,
MSX1,8431,-1.0145617090249,0.348778067861522,
ARL2-SNX15,942,0.510868683240734,0.348873371117631,
MSH5-SAPCD1,8408,-1.23143896719693,0.349043658885053,
VPS37D,15138,-1.61385126466175,0.349134199589938,
B3GNT6,1238,-1.28386337022021,0.349135015923518,
CNOT9,2879,0.185536551527426,0.349285466205483,
MYD88,8559,-0.291652324053089,0.349338973330878,
SCFD1,11917,0.71851341636477,0.349340832852973,
ARIH1,928,0.583577480691546,0.34934879547001,
COL17A1,2929,-0.437847099726911,0.349414052970194,0.74029918160653
SYTL4,13410,0.437038745950441,0.34953002336625,
VWDE,15182,1.7487586590931,0.349579083222345,
BABAM1,1258,0.734843677198315,0.349646850735869,
KIF1A,7029,1.28812000421269,0.349649961410626,
TCL1A,13612,-1.3507734658451,0.349662122543453,
PPP1R2B,10479,0.532098195481272,0.349672809047514,
ELOC,4198,0.229721500310742,0.349726313161151,
CALCRL,1849,0.790697932956951,0.349736216827996,
EFNB1,4083,-0.391499595918257,0.349741848836786,
AKR1D1,481,2.72917862229612,0.349744622765544,
LRAT,7505,-1.93369690927217,0.349809387905188,
CLSPN,2814,-0.741546553505662,0.349838618053892,
PWWP3A,10910,-0.313749888428729,0.349986609867837,
SYS1,13394,-0.343045107652583,0.350049029105561,
POLR2K,10353,0.182227576179408,0.350085365504376,0.74029918160653
BOD1L1,1451,0.265615801131903,0.35012201153706,
YIPF5,15385,-0.583749238028347,0.350142030052444,
MAPRE1,7839,-0.386804566098954,0.350229731630185,
AKR1C8P,480,-2.72303647470666,0.350261613271944,
FAM43B,4633,1.07345054067556,0.350325275500603,
OBI1,9328,0.872066564308362,0.350416750185622,
PINX1,10061,-0.604782246512144,0.35045438266367,
CEMIP2,2456,0.199743256760034,0.350492767581736,
GJB5,5343,-0.94451377497222,0.350532559460633,
RBM44,11207,-2.71861074836385,0.350802761578522,
TPSB2,14311,-0.658549905326952,0.350855424833842,
PLD6,10171,0.658344285253323,0.350969522875099,
DAPP1,3437,-0.684049556898242,0.350993934669137,
PROX1,10640,0.648958341920786,0.351077484281404,
ZSCAN32,16117,-0.511614209694067,0.351079588433819,
SRSF2,13107,-0.125024822019651,0.351139871045159,0.74029918160653
TMA16,13887,-0.485019170221101,0.351182326849163,
UTP14C,15030,0.555465506951575,0.351198215641448,
GK5,5350,-0.296351189205616,0.351278065902484,
BRD9,1480,-0.205288522983806,0.351575692461929,
NEMP1,8865,0.497670635716279,0.351605594200184,
CDKN1B,2400,0.348544723949815,0.35161591884133,
MRPL17,8317,-0.325063907979333,0.351626943786804,
TAF11,13431,-0.323242981436819,0.351643415948398,
MAML3,7753,0.385030840833453,0.351675984551849,
CFAP157,2535,2.7263840899022,0.351678221521215,
TAS2R31,13491,-0.768491847769351,0.351681624387668,
C16ORF95,1609,1.1853727087293,0.351692659812705,
LACC1,7240,0.591027782706914,0.351720166726238,
TBC1D10C,13511,0.646490319246141,0.351797596338415,
S100A8,11817,-0.703997838448033,0.351809935086401,0.74029918160653
SELENOI,12033,0.518432148635358,0.351919022358876,
ANXA4,717,0.283218340983447,0.351939011195886,0.74029918160653
ELF4,4178,0.239518058184422,0.352079930333615,
ZNF675,15956,0.37080817607556,0.352117203349954,
FRMD8,5034,-0.515502099949842,0.352289832302644,
SYMPK,13367,-0.450664031931029,0.35230247129509,
PDCL,9767,0.548386556730799,0.352319444151314,
NCR3,8760,2.42927319490174,0.35231962976503,
AP4E1,753,1.46632367223445,0.35235852099048,
HEXIM2,5913,0.910518579667171,0.352406563428435,
CBFA2T2,1971,0.464075608112783,0.352608974335019,
C5ORF22,1744,0.497159686786512,0.352808962680896,
ZNF280B,15706,1.38053038717302,0.35284005079674,
INO80B,6610,-0.575074039837712,0.352858714050499,
AAK1,22,0.476828268840438,0.352952885601543,
GPATCH4,5514,-0.311179394649795,0.353112616073854,
LINGO4,7428,-2.64607896511526,0.353167672494596,
XCL2,15329,0.937577776812265,0.353232987190483,
CCDC160,2049,2.6111652213225,0.353239260847909,
GNPDA1,5449,0.645635869358426,0.353255775440134,
HAUS8,5823,-0.642578542839886,0.353338254539053,
SYNCRIP,13372,2.70671841092161,0.353347749407457,
EPC2,4293,0.35918985652706,0.353370467817904,
SYVN1,13412,-0.193226720361614,0.353477061444707,0.74029918160653
SLCO4C1,12664,-2.71422263033681,0.353508514525662,
NONO,9046,0.290587714790898,0.35353778007997,
EBLN2,4004,-1.61556337588732,0.353578460088408,
EXOSC8,4451,0.399269495125298,0.353590132134882,
PPP1R14C,10465,0.738461740636805,0.353616808675715,
NLGN2,8982,0.414382610561067,0.353620769519761,
ZBTB3,15440,-0.708201178969035,0.353666241675789,
ZBTB22,15436,1.0364826999909,0.353807239434715,
FREM2,5025,-0.719708756153406,0.353975282919231,
TRAK1,14337,-0.195852460955346,0.354055084021466,
CRYL1,3159,0.239761613762688,0.35419112682632,
TBC1D3B,13533,-0.257542257191208,0.354257998888576,
TNFRSF13B,14178,-1.92800194519153,0.354304521703694,
HIST1H3D,5987,-0.476305535555243,0.35440768558758,
CPSF4L,3078,-1.64558765960182,0.354556438145223,
FRMPD1,5035,-2.69465557893589,0.354557249072368,
CEMIP,2455,-0.490433385986618,0.354634544984701,
DMXL1,3741,0.368885989691665,0.354638532303527,
C17ORF107,1612,1.0146580253296,0.354667755943721,
TDRD3,13633,1.04991855817837,0.354680774179902,
VEGFA,15082,-0.252538835184482,0.354691554708414,0.74029918160653
AGAP1,383,-0.219922507523683,0.354714274103661,
ANXA5,718,0.164209354117717,0.354786212553661,0.74029918160653
ZNF805,16047,-0.265879543335783,0.354894118350521,
SLC8A1,12640,0.436265054454036,0.35493038788948,
CHAMP1,2588,0.742552753918842,0.355024228894632,
GINS2,5326,-0.943695986426296,0.355051335843106,
LTBP1,7637,0.491857654916712,0.355063895475669,
ZBTB26,15439,-0.798721485936643,0.355131311818649,
RUNDC1,11779,-0.18466260471218,0.355217902501959,
MT2A,8441,0.361180649068598,0.355279701448978,0.74029918160653
PTP4A1,10839,0.294872613786929,0.355335613978074,
TRHDE,14441,1.23712710089078,0.355436657658128,
BANF1,1281,-0.320355215050994,0.35552953889397,
RCOR1,11250,-0.370908524056576,0.35559555534541,
RRN3,11714,0.269122075646267,0.355657009490998,
SPG11,12983,0.916800471224359,0.355777418794997,
LOX,7483,0.63491273585204,0.355893080079,
TRAPPC5,14354,-0.277087465709946,0.356046755042107,
RABGAP1,11032,0.192223533772241,0.35612284426672,
BEAN1,1363,1.09457705648554,0.356150172298184,
LBR,7294,-0.431155332178024,0.356174406817793,
MACROD2,7708,-0.685947602557378,0.356320240940961,
GNAQ,5424,0.143033042075276,0.356387081358802,
TM6SF2,13881,-1.15221748867645,0.356442376125093,
GAPDH,5183,-0.194480066133752,0.356482404755111,0.74029918160653
RAB5IF,11017,-0.232122025851807,0.356561738749611,
SHANK1,12240,2.59270079006387,0.356589248026702,
ZNF574,15886,-0.79912701098453,0.35661021314273,
TRMT9B,14529,-0.882592839325317,0.356676465951205,
TINAG,13826,1.70996142839633,0.356706184532567,
CLEC11A,2752,0.696436561160185,0.356728832546923,
TMEM161B,13971,0.493809846027864,0.356732926020457,
KLF2,7088,0.277249490216431,0.356783607031532,0.74029918160653
SCN2B,11936,1.45818008378591,0.356785489551536,
RCAN2,11236,0.867659614017435,0.356800663981188,
MAT2A,7863,-0.201944839435421,0.356848056561264,0.74029918160653
CFAP53,2548,-1.08909115946736,0.356908133902776,
TCHP,13609,-0.282424772520936,0.356933354056091,
ALKBH4,541,-0.759012935129359,0.357019432997064,
CXCL11,3303,0.786786827841093,0.35703776840359,
RBM47,11209,-0.843833266182049,0.357121209470121,
NSD2,9182,-0.461094212887929,0.357256437581095,
SH3YL1,12239,-0.430056907905869,0.357277113986937,
STAMBP,13176,1.07955820055115,0.35728618023723,
TRAPPC4,14353,0.292326714617364,0.357349321003455,
PJVK,10089,1.39433098125386,0.357378383511829,
GRIK5,5646,1.07438589049219,0.357541898824033,
TRIP11,14504,0.516011476846783,0.357628219605045,
MAPK13,7822,-0.197384038503769,0.357673762289243,
ACOX2,183,0.840508402184819,0.357682159721666,
FBXO25,4751,0.462133809497405,0.35768820777311,
CDK16,2374,-0.267050436142742,0.357750899807352,
THRB,13774,0.656375254529222,0.357795538345087,
FBXO7,4773,-0.295014950500908,0.357858740239668,
DNAJA3,3763,-0.588825588331685,0.357860022077096,
POLR3A,10356,0.632569807573078,0.357863271405546,
ARL6IP1,951,-0.361312678421974,0.357867915329854,
ANKS6,689,-0.455712442973527,0.35791103562242,
TNIP2,14205,-0.852824674191939,0.358177607407752,
PDZK1,9839,0.557931470448072,0.358192542108222,
C6ORF58,1762,-1.21752939557484,0.358214908816337,
AIP,442,0.205085601275506,0.358219671718767,
NRN1,9170,-0.947412125133537,0.358264401628503,
SYNPO2L,13389,2.2910943894836,0.358354581281995,
TC2N,13574,-0.436899049786486,0.358381971186466,
PRTFDC1,10713,0.501572923128795,0.358394323376961,
LINGO2,7427,-2.077998860768,0.358402951520795,
CARD11,1910,-0.588037664275349,0.358539275883069,
CCDC114,2016,-1.09512962737202,0.358544088199695,
PDAP1,9755,0.211820032176216,0.358581285403957,
NPIPB4,9100,0.229704210612477,0.358599851319008,0.74202584619087
C1ORF174,1650,0.322714751574365,0.358722680160043,
LYPD6,7678,-0.918290128144915,0.358723074920539,
CWH43,3297,2.68224612274179,0.358847713179601,
CATSPERG,1963,-0.720595356011039,0.358883644171221,
ARPC4,986,-0.529951527269921,0.358964593052497,
MBD1,7875,0.191967949470414,0.35899576360565,
STRIP1,13254,-0.349661701966417,0.359001458690116,
ELOVL7,4203,-0.351116786825514,0.359015977367035,
GMPPA,5410,-0.518842284943029,0.359095232262545,
MRPL41,8339,-0.256645788728137,0.359095423533266,
CRK,3128,-0.618861087297364,0.359238387706921,
OSBPL7,9445,0.556754835622517,0.359251917904782,
ZMYM4,15602,0.372225299479191,0.35930040249234,
PWP1,10906,0.1998787645687,0.359373911512889,
LILRB1,7392,-0.782789413365083,0.359443766369483,
TOMM22,14243,-0.292598782154627,0.359515511586831,
B3GALT5,1228,-0.38366852204857,0.359539620703706,
RBM12,11181,-0.915986537069991,0.359645301964312,
WASL,15199,0.307627452803156,0.359700786794524,
SETD5,12143,0.276473553433453,0.359775611249686,
GPM6B,5535,-1.20997788998598,0.35977705006457,
KMT2C,7161,0.190373557200342,0.359857251500691,
NBL1,8707,0.258361724534979,0.360125961143193,
MYOM3,8607,-1.15115089210643,0.360197265241623,
SLAMF9,12349,2.66608198438215,0.360238472240668,
METTL16,8024,0.469175240415361,0.3603452658306,
MALAT1,7744,-0.230950847013745,0.360420039794974,0.742498558707917
NDUFA3,8784,-0.226849610908298,0.360475713894473,
SHISA6,12257,1.09111963818149,0.36047750284929,
CCDC78,2104,-1.32798058568993,0.360519877224615,
ADCK5,288,-0.401502135504348,0.360659358382971,
CYSTM1,3405,-0.362573122089451,0.360710000098175,
ST7,13162,0.475490670392484,0.360841147682589,
APEX2,774,-0.295168403232002,0.360866666876891,
TAC1,13418,1.95703414093677,0.36094855302755,
GPAT2,5506,1.19005978144341,0.361039104799859,
ATG7,1094,0.722728412558502,0.361100871947609,
MAP2K4,7784,0.407078962329607,0.361125894248515,
CD163,2221,0.37740975531,0.361156765822798,0.742498558707917
FCGR1CP,4791,-0.917665022702559,0.361231851460621,
TRIM15,14451,-0.606635307409085,0.361240735251266,
ADAMTS6,270,-1.80662622429725,0.361321807048151,
EPPK1,4319,-0.434476190597334,0.361440432050273,
CRYBB2,3152,0.346209359360111,0.361460302189388,
ADORA2A,347,-0.68542563879454,0.361471910516106,
PHYHD1,9987,0.581233943355085,0.361646101481408,
WASF1,15190,0.929923169921786,0.361682741633525,
GAR1,5186,-0.319910078499291,0.361712480401818,
SLC22A31,12410,-2.19231846347274,0.361741575897325,
SELP,12043,-1.34797693345091,0.361990862020583,
YAF2,15368,0.366595501235378,0.36212930355929,
ABCC4,63,0.386204623413311,0.36213511775969,
MAP3K7,7802,0.287028627858344,0.362137157875942,
MBIP,7881,0.324474194964985,0.362197525481611,
SLC23A2,12416,2.13016312777676,0.362245001744747,
CNIH4,2858,0.581076881843005,0.362266217080433,
NCAPH2,8729,-0.413128581722998,0.362488442999399,
TCEA3,13582,0.456024616345101,0.362760111533278,
OTX1,9476,-1.58312294370953,0.362963251016736,
CHSY3,2673,0.733700158025286,0.362967663471969,
PLA2G4E,10124,-2.40042176689836,0.363011593881221,
RNF150,11495,0.804704762141065,0.363039612281069,
STAMBPL1,13177,0.328294957697097,0.363070825157606,
SRXN1,13115,0.392717310509758,0.363075524764504,
PFDN1,9888,0.513347806753813,0.363076543325876,
DAZ1,3441,2.65821552140378,0.363147985614633,
TSPYL2,14605,0.496333953445485,0.363314697443998,
VSNL1,15163,1.69880802131088,0.363434693921567,
NAT1,8688,-0.508712950598794,0.363451812005265,
PIWIL4,10086,-0.874445418162858,0.363541735791137,
TRAF4,14331,-0.315061760326389,0.363590259225602,
SMAD7,12701,0.561150643295704,0.363604035588548,
RPS19,11661,-0.271466732583938,0.363606464533521,
KAT6A,6844,0.265950335652923,0.363618861867637,
YME1L1,15391,0.833499220165671,0.363631594273019,
MED27,7976,0.539989840954353,0.363782094576111,
MTDH,8449,0.155400249734799,0.363860133548928,0.742498558707917
CENPS-CORT,2476,-0.538455169445205,0.364052779158648,
AGA,382,0.379519071373335,0.364054741676167,
SORCS2,12888,0.77595776296901,0.364127333809567,
FAAH,4480,-0.422512569466222,0.364137135120831,
CBX6,1996,0.354839659089969,0.36433815452145,
MRPS9,8383,0.569739646519733,0.364382713464567,
RANGAP1,11098,-0.336308334460166,0.364393689614652,
ARFRP1,853,-0.275137379938568,0.364469544050879,
FZD1,5098,0.606973164038538,0.364569568643389,
FAM126B,4529,0.385232223344617,0.364661070314089,
MRPL38,8335,-0.353471107454403,0.364667213115625,
C12ORF57,1580,0.666307216421216,0.364746931085344,
CD79A,2288,0.997476732220375,0.364834443025134,
GINS1,5325,-1.18775912069842,0.364946331951767,
GPI,5530,0.219675311946138,0.36502033959002,
RPS29,11674,0.204087493961775,0.365094898609564,
PNCK,10272,2.63918742132588,0.365163280153808,
VXN,15184,1.35857709445442,0.36526341973512,
PRKRA,10611,0.793693311068564,0.365381104870101,
ZNF414,15778,0.290575828307481,0.365393113817963,
SHISAL2B,12261,1.3369371452642,0.365399835971561,
GFAP,5279,-2.64227830066961,0.365413776208959,
ST6GALNAC5,13160,0.894411735632512,0.365453856036031,
TMTC3,14153,0.482482378244965,0.365595175517455,
NCF2,8738,-0.30958198896468,0.365625936367236,0.742498558707917
ANXA1,710,0.255241741869472,0.365663022771699,0.742498558707917
FOXA3,4982,-0.40748443190611,0.365671329858218,
C9ORF16,1789,0.57401564554699,0.365693347815762,
UBAC2,14772,0.141308768399882,0.365717430156347,0.742498558707917
SRPX,13095,0.746164714281396,0.365721112129552,
SLC22A14,12402,1.05961997657968,0.365772694392705,
PRH2,10573,2.64192480162539,0.365801357196003,
GTF3C1,5726,-0.430090322797915,0.365859135320268,
VNN2,15113,-0.458072885862656,0.365922800503932,
MINDY4,8130,-0.667168724635865,0.366095671162696,
TTC22,14631,-0.472814108991844,0.366140035831617,
LPCAT1,7494,-0.466280014228097,0.366144663515954,
SESTD1,12135,-0.183429736689952,0.366223231350786,
CAMK2D,1867,0.708195546079335,0.366294871917089,
SLC4A7,12599,0.523865708377745,0.366342570376695,
TRBV20-1,14401,-1.90152453251424,0.366397691639186,
MMP16,8190,1.21694264494569,0.366460841869808,
HMGN2,6074,1.96556057231546,0.3668196410429,
KIF20B,7034,-0.704337725742237,0.366896170765607,
ZFP41,15550,-0.508701967341839,0.36696365744725,
ELF3,4177,-0.285363077784718,0.367023032558219,0.742498558707917
LIME1,7401,-0.837704697124853,0.367105165556475,
ARID1A,919,0.654127495156553,0.367215428665483,
MYH11,8564,0.865329071792359,0.367249259919162,
HIST2H4A,6015,-0.585547664218233,0.367417130659398,
COL5A2,2949,0.694469425510747,0.367584975605686,
CNGA3,2853,-2.63766002943068,0.367624738481797,
RBM38,11201,-0.405640753719171,0.367697154706168,
PAPOLG,9578,0.445810119885165,0.367768945675345,
RP1,11569,1.29208747769511,0.367774740628269,
TNKS1BP1,14210,-0.165963754472276,0.367881748338559,0.742498558707917
ABCC1,58,-0.380701057455358,0.367948977038384,
HIST1H2AE,5965,-0.709076275356105,0.367987303565591,
MGP,8090,0.577256397367333,0.368010379940217,0.742498558707917
PDGFRL,9800,1.07963685620505,0.368022021900643,
IGHV2-70D,6404,-1.31906726444904,0.368051716091481,
MS4A8,8398,0.826737880559999,0.368182619506438,
CCR4,2195,0.690993462551079,0.368296889587399,
FASTKD2,4700,0.270010388587644,0.368381790031943,
APBB2,766,0.315791581425628,0.368535439556646,
HEPACAM2,5892,1.15127695933283,0.368623000558065,
RFWD3,11327,-0.343880246481882,0.368633740060512,
CLEC14A,2755,-1.34800856833368,0.368677113539503,
FAT1,4703,-0.226878327322829,0.368740805915735,0.742498558707917
PTBP3,10796,0.191083340235588,0.368949097945322,0.742498558707917
WDR19,15219,0.764798229472851,0.368986340607677,
CXCR4,3318,0.33564979187193,0.3690891232787,
BLOC1S1,1414,-0.357401424627627,0.369210080036069,
AZIN2,1221,0.464586415633459,0.36921329658068,
ZDHHC2,15514,0.331001077273312,0.369316670314885,
THSD7B,13779,1.29169055524785,0.369322652100981,
KTI12,7226,-0.655464289397109,0.369327076897758,
AMIGO1,573,0.985661044405695,0.369594504215451,
P2RY14,9503,1.22241864970296,0.369616719975105,
KLK4,7145,1.29347418392773,0.369621402961087,
MAGI2,7733,0.45462733140864,0.369817420453582,
TMEM91,14120,-0.467586346970927,0.369878823442229,
ADAMTS13,258,0.545371889271227,0.369882432768964,
KLHDC3,7099,0.410652245239726,0.369882519721131,
RBM14-RBM4,11184,-2.2495493356263,0.369917043372057,
FCRL3,4807,-0.888444993082505,0.36997535627408,
C6ORF163,1758,-1.07894586572068,0.369997115178499,
NCBP3,8733,-0.456251426241506,0.370004967619578,
GCLC,5238,0.747079796262188,0.370007475409267,
ANKUB1,690,-2.18527049810364,0.370030062055865,
ST3GAL4,13152,0.515701937256954,0.370084734776603,
HMGXB4,6079,-0.516450286183245,0.370156765760561,
NIPAL2,8949,1.32938476027419,0.370158380985265,
TRIT1,14511,-0.384485036219303,0.370188783061103,
FAM20A,4595,0.821993799441311,0.370291399183503,
WDSUB1,15274,0.675098048685848,0.37042485316068,
PPM1D,10443,-0.397084906467479,0.370537650776098,
C21ORF62,1691,-1.19011332593639,0.37073831038041,
ARHGEF3,907,-0.353252885746539,0.370742773401729,
ANKRD40CL,670,1.20438994263408,0.370747447647709,
EFHD1,4076,0.874875012162118,0.370808212711561,
SCEL,11916,0.660109666160181,0.370809640323092,
SHQ1,12271,-0.892369285022072,0.370845923705761,
ALDH1L2,508,0.758541856762107,0.370881057206784,
KIF14,7023,-0.809808937637054,0.370895057143269,
TPST2,14315,-0.60779025967799,0.370913949831922,
NOP56,9051,-0.198935237895592,0.370949781021518,
NXT1,9313,-0.44849895099127,0.371015711675635,
TMEM154,13965,-0.396408270451423,0.37102149160433,
SLC47A1,12587,0.624779350324461,0.371062523244087,
DIP2A,3679,0.223619484764192,0.371093057517504,
C1ORF112,1643,-0.684701300183284,0.371200396849934,
TOX4,14269,0.326924703165711,0.371203119498734,
CLEC4A,2767,-0.55882050743677,0.371233978228337,
PRPF18,10641,0.287798301906768,0.371243320636629,
HYOU1,6275,-0.410623549444329,0.371246076532871,
ARID1B,920,0.291894416486621,0.371248792112438,
FYCO1,5095,0.306647311056893,0.371314139401833,
PSMB7,10751,1.0222600970775,0.37147507289045,
C17ORF75,1617,-0.860101083213885,0.37163412238055,
KLHDC1,7096,0.460905925898883,0.371755952164206,
RAB17,10966,-0.498630143801461,0.371879944837635,
SH3BP5L,12225,-0.275075571256976,0.371899820759842,
PM20D1,10256,-0.744056240479666,0.372136318002391,
ZFP2,15542,0.808391258789931,0.372161540594044,
PJA2,10088,0.370844246877454,0.372245741631572,
SLC12A4,12359,0.387599535856733,0.372332695658772,
NPHS1,9090,-1.48339513277505,0.372369409326989,
TAF5,13446,-1.09713438492686,0.372457585194792,
MEIOC,7998,-2.23962255710622,0.372470874835341,
ALDH1A3,505,0.724905391535335,0.372470947045731,
RHOQ,11397,0.322697395418287,0.372656651006339,
GGA3,5294,-0.422509947007113,0.372692228830975,
BRD1,1473,-0.199849842357567,0.372739877790958,
MDP1,7945,0.857982481754546,0.372795949328083,
GABRR2,5135,-1.45021396509073,0.372826103943045,
RASL11A,11144,0.718220036851794,0.372885017987744,
SH2B1,12206,-0.275025338569721,0.372890752446975,
BHMT2,1389,0.814262697496178,0.37292033608228,
PAQR7,9587,0.519959191520241,0.372963409689577,
DDR2,3525,0.662049788048305,0.373111294335093,
ARPC5L,988,-0.312904547669737,0.373183397952324,
YIPF6,15386,0.305959833874823,0.373198374425589,
CASP4,1942,-0.232891486558103,0.373238719172213,
ITGA2B,6734,-0.858035949511953,0.373274153237286,
IQCB1,6667,0.489316617220979,0.373298828694866,
NFIC,8898,0.55928145613983,0.37336730463817,
ADCY10,290,-1.38736575013572,0.373506420842021,
STX1A,13270,-0.654469747463893,0.373568248603003,
LAMTOR2,7264,-0.20492360350286,0.37369038384461,0.747124842169576
ST14,13145,-0.240524270473643,0.373698390494876,0.747124842169576
TMEM183A,13995,-0.310403984888684,0.373733678698777,
RALB,11075,-0.390174712248911,0.37373762241456,
SETD6,12144,-0.18218120202137,0.373834138312359,
SPDYE2,12973,1.63423615827435,0.374017557548162,
TENT5C,13668,-0.449331443968973,0.374025323713146,0.747124842169576
SLC7A6OS,12636,-0.21598564122637,0.374106744039008,
KLC4,7078,-0.231124054453794,0.37424361782506,
AGR3,412,-0.531897860192367,0.374289291886437,
AKAP8,467,0.209605593067997,0.374299733115385,
SNX14,12847,0.434697522577603,0.374322012016888,
THSD4,13777,0.644161263794997,0.374380234937224,
RETREG1,11302,0.476141459355403,0.374578927598929,
NUP42,9284,0.304022959602171,0.374651906327274,
FBXO27,4752,0.760062831059628,0.374683172413427,
SHC4,12247,-1.12221296855069,0.374715699725535,
LLGL2,7440,-0.243616795830123,0.37471895499498,
STAT2,13191,0.346978293712423,0.374792554210655,
PDCD7,9766,0.261803519008387,0.374919416157667,
CFAP36,2542,0.539974145119338,0.374973876551581,
ABCF1,73,0.292034330238624,0.375034141504084,
OR2A14,9393,1.32000003453752,0.375117332819315,
CCL4L2,2148,-0.587099856139841,0.375136890367492,
EXOSC2,4445,0.302056473954781,0.375153236205184,
SLC39A1,12556,-0.21288230267112,0.375260635875844,0.747741563337794
TRIM46,14479,1.41460117011629,0.375266031372934,
ODF2,9342,0.436329433264203,0.375368642271803,
ZDBF2,15503,0.720005357330169,0.375460722878181,
RGS20,11363,-2.58162706244772,0.375544779533517,
SPTBN2,13050,0.342566198757833,0.375694744315473,
CCDC102A,2008,-0.802368487122794,0.375731658324677,
C1GALT1C1,1640,0.445325598870603,0.375863428527401,
PHPT1,9982,-0.388151191988466,0.375920448538015,
TCERG1L,13595,1.9371982640454,0.375958927331835,
SLC25A43,12456,0.440663015696805,0.376067830821786,
UBXN4,14854,0.160611270899136,0.376110207680942,
OAS3,9322,-0.244632168460198,0.376187213728951,
TMEM204,14017,0.661615544631072,0.376350144896578,
STT3B,13260,0.216289606506137,0.376523410367007,
MITF,8145,0.59963033370527,0.376582698712518,
SRSF12,13106,1.15523104802429,0.376593290251429,
ZZZ3,16138,1.3813428742734,0.376631606911766,
SARNP,11870,0.281891895883799,0.376666410291613,
SLC30A10,12500,1.28990466421682,0.376759084841238,
ACLY,169,0.397893911054297,0.376770994455396,
SH3PXD2B,12233,0.41709243737109,0.376824799439451,
NKAP,8963,0.404515944420557,0.376837137147497,
YWHAQ,15408,0.409483555782535,0.376983854393973,
CPSF7,3080,-0.256457784709343,0.377137828823598,
ZNF80,16045,-1.54980886580901,0.377241425715223,
NYAP2,9316,-2.5216330184906,0.37740746544666,
FKTN,4918,0.903601563041524,0.377470622400674,
NCKIPSD,8746,0.489015914653714,0.377504745276663,
NYNRIN,9317,-0.240830094445997,0.377730685691949,
MAF1,7718,-0.327589796865425,0.377924648427149,
LSM7,7623,-0.277213370349272,0.377942753432238,
RASL10A,11142,-2.10392652976353,0.377944963143398,
KIFC1,7056,-0.69311463968556,0.377983229954809,
ARID5A,926,0.526398037421755,0.378074525112871,
DVL1,3960,-0.229677672356992,0.378118442114253,
CNKSR2,2860,0.990307682034245,0.378162942752137,
RPL7,11631,-0.979736154347016,0.378167741835612,
SEMG1,12066,-1.62744547110452,0.378289136168918,
FAM13A,4537,0.365733513183558,0.378292653425007,
KCNB1,6870,1.18447328692767,0.378338251160991,
SAA2-SAA4,11829,-1.11222908795911,0.378432044027338,
GAL3ST4,5149,0.591638984618099,0.378558863383435,
SYNRG,13390,0.388422583797175,0.378676016668543,
CELF1,2447,-0.225881508542024,0.378689309185935,
UBE2I,14798,-0.1681327212451,0.378765903749262,0.752304536472755
CDCA3,2338,-0.795783631525585,0.378796768403545,
HSD17B8,6203,0.467526222864334,0.378812220865308,
DHX29,3656,-0.458242185285204,0.37896060184705,
TENM4,13662,0.6174363773948,0.379036858791613,
EHMT1,4111,0.438003751206787,0.379135549779465,
PIGS,10026,0.206439164063894,0.379156399479294,
MCMDC2,7919,1.73358626657581,0.379199640478051,
CCDC130,2027,-0.411821458092295,0.379317589628763,
GUCY1A1,5743,1.02711944946019,0.379323257679913,
HLA-DQB1,6039,0.267470573345673,0.379415051232232,0.752304536472755
IL33,6556,1.49824609504873,0.379484484395,
NEU1,8873,-0.360560176089068,0.379703624640568,
CASR,1951,-0.587815011471552,0.379729871944479,
DNAJC4,3796,0.24973797316462,0.379747922720518,
FGD1,4840,1.06443517938946,0.380125888926061,
CAB39,1809,0.198614159329056,0.380179932020219,
TESK2,13678,-0.576730918022439,0.380209718014286,
PPCDC,10412,-0.372743244113938,0.380239459418971,
AGT,415,0.712979062445383,0.380287085196555,
ALLC,546,-2.55814226325716,0.380395743570487,
KCNC3,6871,-0.741888522060737,0.38042162140194,
GALNT15,5162,0.918338133346406,0.380484027562975,
SEC24C,12013,-0.237919677756396,0.38053048547322,
TMPRSS2,14141,-0.348625336479855,0.380904521288175,
RPS6KC1,11689,0.305098097126176,0.380936675178851,
COTL1,3018,-0.195630924903154,0.38107050376855,
ACTR1B,221,0.20235526273121,0.381070851218683,
GOLPH3,5482,-0.306419075443987,0.381078596835235,
MYH10,8563,0.387473349707657,0.381100468438622,
KLF13,7083,0.708898765283609,0.381281105951515,
C4ORF36,1737,2.5559235313207,0.381294522891321,
SULT1A4,13306,-0.57962269906264,0.381327434514744,
WNK1,15293,0.135349539423041,0.381405592317929,0.754397825981786
SMARCA4,12708,0.279800952255014,0.381434138075191,
PLBD1,10147,-1.02945868865154,0.381497420125569,
G6PC3,5113,0.520904771197179,0.38154604335872,
PAQR5,9585,-0.753001662636503,0.381654416234816,
NBEAL1,8705,-0.581511547407976,0.381685121937341,
NISCH,8957,0.277886200865177,0.381709683167065,
ACSF2,194,0.403751927741113,0.381903429605261,
SLC3A1,12568,0.550600281757217,0.381973941321334,
NPM1,9107,0.27592633739277,0.38204104663209,
RAPGEF6,11113,0.313588533878993,0.382364160833841,
NUDC,9240,-0.282479885165679,0.382373491530479,
CPT1B,3082,-0.371686834179187,0.382403569847876,
UBALD2,14774,-0.445109009282399,0.382554841932833,
TAS2R14,13486,-1.26976729269345,0.382610006164661,
WLS,15292,0.269605801530306,0.382618403726099,
AP3D1,747,-0.190371525055326,0.382949976356828,
IGSF21,6490,0.794717429675258,0.383087300885933,
UVSSA,15042,-0.302042425725004,0.383153637782032,
DPH2,3863,-0.46321246158954,0.383177190980822,
TAB1,13415,-1.17680217714935,0.383276045242042,
FAM49A,4636,0.911217318955364,0.38331534163116,
CYP1B1,3359,0.564274682548286,0.383367992593081,
PPP1R3G,10489,-1.31175430607227,0.38344105601282,
PLIN2,10210,-0.471965171082562,0.383555193663608,
SCX,11963,-0.700947569783221,0.383569699393363,
MKRN2,8153,-0.987530959529653,0.383666245830127,
CFAP97D2,2555,2.54535744998132,0.383667440298968,
GALNT8,5171,-2.5318868806896,0.383727333267241,
CMTM4,2840,-0.458708525658305,0.383745279292291,
H2AFB1,5771,-1.08819583116088,0.383811722958728,
S100A13,11809,-0.210233328114361,0.38385706134516,
WDR81,15263,0.553779527708246,0.383955450213564,
PRSS46P,10708,2.53622158931054,0.384027959867917,
TANC2,13466,0.336083386038628,0.384063335889968,
PDHX,9803,0.415456467936219,0.38409027016195,
MYO19,8585,-0.314652013472734,0.384109610044951,
TTC36,14644,-1.23112714901764,0.384194270761976,
TRGV10,14435,0.980675837435076,0.384315609848579,
MCM5,7913,-0.297520638440881,0.384325460363829,
GIGYF2,5315,0.241817061259214,0.384332373273556,
PPIL2,10434,-0.737937764984808,0.384362219317236,
VPS52,15146,-0.296992397277515,0.384421627820731,
ZCCHC24,15495,0.429720325706049,0.384476072206717,
SLC25A37,12450,-0.505487435765902,0.384499823033271,
XCL1,15328,1.56969522654969,0.384518308321883,
INTS14,6640,0.477514662520413,0.384539824537297,
ZBTB38,15445,0.424004971427033,0.384569683754708,
RXYLT1,11799,0.442252751448403,0.384588640459818,
BTF3,1523,0.21245916349623,0.384693699445252,0.75904111357535
TP53I3,14276,-0.20530648892645,0.384822228317703,
TUBB6,14693,0.384929475612305,0.384825386239808,
ATPAF2,1183,-0.624042713383388,0.384877836185653,
RYR2,11803,1.43454325220205,0.384920688061139,
MMRN1,8204,1.03844364150213,0.385016647367358,
UQCC2,14941,-0.293970639424378,0.385125567345721,
ZFX,15564,0.405217058727572,0.385307957263496,
TMED3,13907,0.158159612025501,0.385384375496889,
SELENOM,12035,0.416277321998116,0.385401441097348,
RASA2,11125,0.971503826660972,0.385435682009991,
ZBTB40,15448,-0.679282910363328,0.385608409217022,
ZNF436,15793,0.590335222143909,0.385618492990466,
FBXO6,4772,-0.525821917859173,0.385712504345188,
OXA1L,9483,-0.434526093749042,0.385782754436946,
ADAT2,284,-0.40852071517617,0.386013962494172,
PLD2,10167,0.349177426329924,0.386090473185955,
KDELR2,6950,-0.292089751806845,0.386127441492795,
FAM53A,4640,1.12946844209945,0.386144537074007,
BLM,1411,-0.662936299097375,0.386186416697677,
APOL1,804,-0.236878430383603,0.386221335152857,
NEURL2,8877,-0.999600057541025,0.386272243591433,
ANKRD20A11P,649,2.53684787866824,0.386376512075579,
RPN2,11640,0.210462104936686,0.386431444701974,
TRIB1,14443,0.244277330468978,0.386456425844959,
TTC1,14622,-0.228060175349818,0.38651115528128,
PLPP1,10226,0.370870321292962,0.386535221937374,
ATP8B1,1176,-0.498276016719458,0.386599181681362,
GRK3,5655,-0.533806094184089,0.38664004571549,
IFIT5,6332,0.529894098014791,0.38676918907792,
NCK2,8741,-0.400343893723943,0.386811925872447,
ZNF335,15740,-0.198374155472547,0.386831600482287,
CD63,2281,0.148800587742277,0.386844745391362,0.76142368178251
PCSK7,9747,0.338753188375763,0.386857311670353,
PTGFR,10820,1.080578068754,0.386911889109082,
CAND1,1879,0.418134424950477,0.386945141633091,
CIB1,2685,0.271518210110595,0.386945358388676,
KRBA1,7182,0.456313094630228,0.386966675589354,
WRAP73,15309,-0.329342273348878,0.387077667623436,
PPP1CC,10455,0.294316909627413,0.387188072019562,
KLHL21,7116,0.628609287436841,0.38732038031166,
GCDH,5230,0.441772510180719,0.387347307718737,
TAF4B,13445,0.67953994776476,0.387396295703802,
BORCS6,1460,-0.569824452740344,0.387495634496997,
SERHL2,12096,1.54005079661448,0.387540381862316,
VPS35L,15133,0.312300625773926,0.387608776465001,
XIST,15335,0.969183328653549,0.38761585038471,
GLDN,5362,2.21527793827834,0.387713606155139,
PEX13,9876,-0.193167166217479,0.387729564478358,
C20ORF204,1686,-0.869395060541417,0.387836271241668,
GCN1,5240,-0.330375757603176,0.387866954739737,
FARP1,4690,0.187532512959317,0.387955642210124,
MRPL48,8346,0.525681591058784,0.388011230723165,
MRPL9,8356,0.347230807353701,0.388011341989528,
EMC6,4216,-1.24811259176295,0.388056860440773,
ZIK1,15584,2.03589233576732,0.388081386016937,
SPRR2E,13031,1.81498695211679,0.388200009732942,
RNF2,11513,0.3948907835875,0.388223382730498,
LRATD1,7506,-0.665945718411943,0.388230602321088,
HIST1H2BB,5972,-0.481853542692625,0.388340906205525,
RIN3,11423,-0.561740127917396,0.388399828339989,
TAS2R20,13488,0.637558936531037,0.388495346947652,
EBPL,4007,-0.830273090456168,0.388592861664594,
BCL6,1342,-0.171572300121194,0.388612027837144,
S100A1,11805,0.94032866088761,0.388720242947129,
ADCY4,293,-0.508921626895736,0.388808739981805,
CNNM1,2865,0.835840189439204,0.388867370698893,
ATG14,1083,0.415390045711182,0.389031340553512,
CCP110,2190,-0.312041698269318,0.389190223915615,
SLC24A4,12421,-1.61629122899283,0.389393753083159,
PTCHD3,10802,2.51738537741213,0.38941051855202,
NUP93,9293,0.862165490879662,0.389491209146449,
PKIB,10100,1.17611178041987,0.389530535311175,
ROR1,11564,1.35852302931008,0.389531394741793,
TRIM32,14466,0.562883875880118,0.38953284114596,
PHF21B,9957,1.30660236352616,0.389621428776563,
UBAC1,14771,-0.400137882209419,0.389638464850676,
VPS45,15141,0.320852963090277,0.389680375003422,
JAZF1,6804,-0.677312638540542,0.389803018712569,
CYP3A7,3385,0.499145870342019,0.389941682329108,
ACAP1,149,-1.15528123615462,0.389950026253828,
JMJD8,6815,-0.304685333494456,0.390014447589105,
CFHR1,2562,0.367510529366063,0.390133490849946,0.766028533128727
ATXN2L,1195,-0.236700827049037,0.390313951796285,
OR6A2,9416,-1.15947167995306,0.390476110548905,
ZDHHC14,15509,-1.05540949125448,0.390519417183383,
TXNRD3,14745,0.654604043585574,0.390562779365682,
CMTR2,2846,-0.746151145595488,0.39056279940313,
GPAA1,5502,0.123375383150915,0.390583601415864,
FAT4,4706,0.466213421006426,0.390852221917211,
PAPSS2,9582,-0.753005277896442,0.391122903836979,
DIXDC1,3696,0.474958011179546,0.391267815311949,
ACVR1B,230,-0.842604086412603,0.391278147866857,
HDAC7,5855,-0.464335176167825,0.391309040504057,
NOXA1,9071,-0.374208702803338,0.39140491255841,
TMEM263,14058,0.472271703546236,0.39146011012438,
IGHMBP2,6391,-0.398292473897137,0.39148533127344,
ZNF835,16061,0.991992499058436,0.391529429546343,
ORMDL2,9433,-0.307205349514449,0.391552518627175,
TRIB3,14445,-0.541263526797069,0.391733395123198,
CPA4,3045,1.11761399508192,0.391798612744465,
SGPP1,12198,0.726404936813998,0.391814526675585,
INS,6626,1.16637962151512,0.391869517977397,
TMEM63C,14099,1.91306272237609,0.391870391157364,
ALKBH1,538,0.483414122356018,0.39188427909821,
SLFN11,12668,0.452837944911644,0.391968531913229,
ELMO3,4190,-0.561186928977539,0.392098282755739,
CRTC2,3144,0.883752334769771,0.392158245252692,
GSAP,5671,0.469762510040047,0.39239168395067,
NOC2L,9024,-0.310168111941799,0.392490663642419,
C11ORF87,1569,-2.23594490575362,0.392495491585099,
INO80E,6614,-0.205674615066817,0.392522930991048,
DDOST,3523,-0.234273955061071,0.392528318739701,
GNL3,5444,0.245781369633629,0.392608720266224,
HR,6171,-0.493360232570252,0.392697759081629,
THNSL1,13763,-0.606623388055538,0.392798555054201,
KIAA0895L,6995,-0.723253642701303,0.39284721709036,
EIF4G1,4160,-0.188872810285336,0.392954629729677,0.769695112116139
ZFP92,15558,-0.912560316854285,0.392981077472179,
PKD1,10090,0.526231187093553,0.392983198126024,
CDK5RAP3,2389,-0.172333350504354,0.393030197883733,
TLE2,13849,-0.507296677849584,0.393038454757163,
CBLN4,1980,1.86422174932483,0.393050228429379,
DNMBP,3820,-0.504806306107175,0.393124504971073,
CXCL10,3302,1.62906398352213,0.393144011052255,
DHRS7,3649,0.425435613086803,0.393202068892478,
ARL16,938,-0.755456566001087,0.393279385614961,
TRIM34,14468,-0.462557123907479,0.393284018009522,
TRAPPC3,14352,-0.287233273000774,0.393436014795434,
WFDC10B,15279,-1.23292961820455,0.393483992543632,
MID1,8110,-0.749863279138894,0.393516600165168,
TTC9,14656,-0.476605627603308,0.393603427598464,
MANSC1,7769,0.582038473629793,0.393660123242059,
TPGS1,14290,-0.702784385253427,0.393688051679158,
YPEL2,15394,0.16525802930838,0.39370353008892,
HEPH,5893,0.726987836403715,0.393791889271023,
FBXW5,4778,-0.224980490080125,0.39381584680914,
MED4,7981,0.395833880986754,0.393837915730919,
ZNF317,15726,-0.49081289822869,0.393860598021779,
FMNL3,4945,0.333050050638632,0.393893961611948,
OMD,9374,1.18608014232633,0.3939478112088,
NRIP2,9165,1.4419496881942,0.393952997503818,
RUFY2,11776,0.562973536678304,0.393960846277926,
DVL2,3961,0.611628705200914,0.394062905551208,
FXYD3,5087,-0.464435842070794,0.394106877249702,
PTGES,10816,-0.624225175421538,0.394114747132947,
IGLV2-18,6468,-1.66512986390044,0.394124670317708,
NOSTRIN,9058,-0.275128114291838,0.394147030148922,
TGFBI,13729,-0.249107542346336,0.39425802170344,0.770343452673966
CATIP,1959,-2.48144482938824,0.394488348762248,
ATP5PB,1147,0.332537846560395,0.394529205962835,
AMPD2,583,-0.720115133457066,0.394599699871519,
ZNF593,15903,-0.794265256812586,0.394605234674404,
EPHA3,4300,0.762816342821952,0.394605717419756,
STX8,13278,-0.873083520719522,0.394655616904033,
RASAL1,11129,-0.45010998207393,0.39466629348876,
ZAP70,15414,-0.586365350493234,0.394864124211618,
APPL1,815,0.648522190240156,0.3949720877461,
RIC3,11407,0.905155179083881,0.395061814939897,
MORN5,8245,1.579904954384,0.395155252286817,
LMCD1,7449,0.355344412751247,0.395194782412667,0.770343452673966
ARRB1,991,0.391370754567696,0.395213518698495,
AP2S1,744,-0.529614292230794,0.395223913898103,
NUP62CL,9290,-0.561237616947005,0.395346690005586,
RAB34,10989,0.55064975033377,0.395408308471392,
CCDC151,2042,1.40818380735492,0.395570631101558,
UNKL,14928,0.68870388437174,0.395608942356108,
RAB33A,10987,-1.31892371350176,0.395613215212244,
PTPRS,10878,0.638375437496919,0.395696011637793,
TJP1,13834,0.265256664235623,0.395700745330661,
IMP4,6583,-0.506402094766858,0.395728145758195,
DDX55,3558,0.434880054988098,0.395779806784709,
KIF13B,7022,0.258706391302247,0.395822580238293,
AQP9,829,-0.764469910197647,0.395873051534537,
PPP1R3F,10488,1.2508058217605,0.395919119032514,
PNPLA4,10291,1.12504006184221,0.395998329995846,
APBA1,761,-0.821295933686059,0.396006543338428,
NBPF26,8716,0.773261382111421,0.396007747243366,
PRODH2,10630,2.15017442052626,0.396176862874018,
DNAJB13,3768,2.4851437310737,0.396192409326402,
CIPC,2695,0.547278806969182,0.396197970501028,
DHX36,3662,0.349255179298097,0.396216555592937,
STX17,13267,0.394468878324379,0.396245849790932,
GABRB3,5130,1.19133730362543,0.396261969521714,
GOLPH3L,5483,-0.32254542369361,0.396308241324961,
TMEM170B,13981,0.81310412099206,0.396326420411201,
ZNF14,15629,0.632845530135106,0.396396531869928,
INTS10,6636,0.240523922243794,0.39650934131181,
FANCE,4680,1.7674124233696,0.396517940304324,
COX7B,3037,-0.293223367519557,0.396531866272632,
ADCK1,286,0.486152987872068,0.396539520268403,
ETAA1,4395,0.467871744792151,0.396554793842229,
ZC2HC1C,15468,-0.640677837379321,0.396577200956706,
CASP5,1943,-0.411358038650402,0.39663677401749,
ARHGAP35,880,0.302885221233198,0.396649147564471,
LCMT1,7302,-0.250740377744811,0.396752308639935,
VDAC1,15078,0.263096947924845,0.396767492812542,
GATD3A,5212,0.251915679347588,0.396770060064977,
CENPF,2464,-0.557842445775679,0.39678916253887,
HIST1H4G,6000,0.423810213347154,0.396953118873288,
CFLAR,2569,0.405587802729381,0.396971825717132,
FADD,4489,-0.458733573062421,0.397212242339017,
TAF11L12,13433,-2.40755301493185,0.397267709138768,
SOS1,12892,0.438605333897814,0.397356992215005,
TRBV27,14403,-1.16969625697833,0.397488527502777,
SPP1,13018,-0.526262175480635,0.397508353549308,
TBC1D10B,13510,-0.410585595086288,0.397515964551214,
PRRT1,10687,-1.06615799713089,0.397557743404987,
ZNF785,16033,-0.484994314312701,0.397728959509837,
SCART1,11912,0.724613844814349,0.397795810040703,
WFDC3,15281,0.807251538736336,0.397894236016705,
CSPP1,3194,-0.571603894628577,0.398034588306826,
C19ORF38,1630,-1.21257472846135,0.398059663938122,
POF1B,10307,-0.541230751234899,0.39815174734021,
GOLGA8A,5470,-0.194509970530183,0.398169283309377,
USP9Y,15024,1.09505012827609,0.398470567557302,
ATP2C2,1130,1.89954907264061,0.398491375838725,
AC002116.2,117,-1.10132248226727,0.398571250186958,
MTG2,8462,-0.419262061011765,0.39871796593782,
S1PR3,11825,-0.764660501373907,0.398718617799629,
EWSR1,4425,0.127417153509569,0.398804974165848,
PDE3A,9776,0.882851611936498,0.398806707735498,
LAYN,7290,0.911350023115503,0.398945612074682,
HLTF,6052,0.268020391269181,0.399045859628859,
TOLLIP,14238,-0.52526111230221,0.399104474759558,
PDLIM1,9814,0.218865251454386,0.399291340953558,
PSMB9,10753,0.281318341003335,0.399487784654713,
ZNF773,16021,-0.483004006427136,0.39950568424534,
NECAB2,8828,2.45535346562606,0.399522467432445,
BAHCC1,1273,-0.672730733404896,0.399587933011614,
SLC25A27,12440,0.55473445869677,0.399684082131145,
3-Mar,4,-0.500350274266168,0.399817684693047,
RERGL,11297,1.70956313955357,0.39985537872748,
PCDH12,9652,-0.71626792622924,0.399877058787306,
CLASP2,2719,0.826186316985165,0.400093224041363,
PTPRK,10872,-0.22790677212533,0.400097045667643,
COX6A1,3031,-0.43223899307797,0.400145989131037,
PCOLCE,9738,0.768730693242838,0.400148294909258,
HAPLN3,5806,-0.360320029147506,0.400240924144314,
CSF3R,3175,-0.412097173966964,0.400278376714614,0.776213946440965
PPP3R1,10513,0.480582344443359,0.400414222215205,
CD200,2234,0.734026179823078,0.400440496355165,
AKAP7,466,-0.596360540070789,0.400520027960513,
PYROXD1,10931,0.359069918307599,0.400559251815058,
TF,13697,-2.45601152718498,0.400579961315972,
MAPK14,7823,-0.42974919870484,0.400594432086737,
SEL1L3,12028,-0.336567755077666,0.400647218152187,
SNRPA1,12824,-0.181311995087027,0.400856027310315,
LRR1,7538,2.45735489061526,0.400863618179187,
KRT6A,7204,0.905997092246455,0.40086800303663,
ZBTB12,15428,-0.888800248157432,0.400879532486193,
GGPS1,5301,-0.630562947878258,0.400891804352408,
C2ORF27A,1706,0.494704678234089,0.400914355240454,
HPGDS,6160,1.31767904969146,0.400978647748659,
TCEANC,13592,0.715953368325789,0.401101682026051,
POC1A,10299,-0.794689389667431,0.401141136863946,
NDUFS2,8816,-0.174137726122898,0.401141395686573,
SNCA,12801,-0.547131565773374,0.401232863048708,0.776213946440965
CTBP1,3221,-0.167226006440367,0.401244858348246,0.776213946440965
TRIM24,14458,0.300599805000079,0.401358869036464,
DPYSL2,3885,0.293546374410189,0.401510673731281,
FKBP11,4903,0.318673648488106,0.401554762010701,
INO80D,6613,-0.259790260039633,0.401600704554162,
C1D,1638,-0.387956632142263,0.401810101162705,
USP24,14988,-0.228609075794314,0.401980413879986,
MT1G,8436,-0.732144945397819,0.402110140030345,
OR2A4,9394,1.05683634929212,0.402213728573263,
TUBGCP3,14700,0.240082040354809,0.402300952162334,
MPND,8267,-0.489121373141407,0.402370614950403,
SNTA1,12834,0.656860428986779,0.40239129380002,
KLF14,7084,2.44779452554877,0.402395421147915,
RPS6KL1,11690,-0.589596557532424,0.402431689899556,
DBR1,3453,0.397630107569112,0.402473866951952,
CCT7,2212,-0.120993699233466,0.402697532888348,0.776213946440965
SLC7A7,12637,-0.246690333783135,0.402907303565475,
CTBP2,3222,-0.387879259826192,0.402959399069176,
TPM4,14298,-0.139916831550111,0.403015667359064,0.776213946440965
CUEDC1,3276,-0.371781046646836,0.40303376933294,
ESRP2,4388,-0.841818008141509,0.403208748030304,
TMEM200C,14014,0.799624816791238,0.403232507965953,
RASIP1,11141,1.04232620981151,0.403486173981518,
A2ML1,14,-1.56248905543839,0.403519793249273,
UGT2B28,14895,-0.940082606278215,0.40353161667857,
RDX,11262,0.580844956750814,0.403593488089554,
DUSP6,3955,-0.358002995277979,0.403763479808911,
NADK,8653,-0.367225167660805,0.403855836394669,
ZMYND10,15605,-1.60755591707744,0.403865171777197,
PTH1R,10828,0.855113664744316,0.404061498515282,
RPL37,11623,-1.23966754955647,0.404078444075754,
TMF1,14128,-0.599826025545335,0.404155883397089,
XYLB,15364,0.642052086969303,0.404184755418121,
TMEM17,13979,-0.768671602762595,0.404215719542899,
HDAC11,5849,-0.515067057733603,0.404286873853719,
NOVA2,9066,-1.11978411235992,0.404331788292254,
DIDO1,3675,0.270148490247449,0.404378051125899,
SUFU,13296,0.521804941448073,0.404378658459807,
SLFN13,12671,-0.3370728058019,0.404394296985124,
ZBTB25,15438,0.281824661375996,0.404474897105887,
ACAD9,142,-0.592087343704524,0.404479603229292,
PRF1,10570,-0.521683576525632,0.40450506303605,
IQCJ,6672,2.17758782606292,0.404710485511156,
HIST1H2AB,5962,-0.572439928374572,0.404754459652834,
PLSCR4,10242,0.536137037508769,0.40499228408804,
RABEPK,11031,0.413415408386271,0.404998017689968,
IGLJ2,6457,-2.05290510126491,0.405055877582276,
ZNF583,15894,-0.697352334776348,0.405090927191316,
TSSK4,14613,-0.572860069814318,0.405093640719002,
EXOG,4442,1.10320221947787,0.405128954621546,
ABHD2,93,0.239239211663231,0.405130783314328,
EPS8L3,4326,-0.362699087119607,0.40520751986606,0.776632709405468
TBC1D15,13515,0.249198672900329,0.40524094980785,
SENP8,12074,-0.675988421029931,0.405371115605495,
GCNT1,5242,-0.392946014623913,0.405376560781868,
HK2,6026,-0.330605512027574,0.40541716061961,
GCFC2,5231,-1.12564739224658,0.405435506532269,
PCDHA1,9661,-1.18585014355692,0.40553348573315,
PTTG1,10886,-0.864642143982275,0.405543270170968,
CACNA1H,1827,0.570961065397773,0.40558463994076,
INF2,6595,-0.190757322585382,0.405738714085355,0.776632709405468
ARID3B,923,-0.806242550635791,0.40587653352613,
SELE,12029,1.99068226078348,0.405906091648873,
TEX11,13685,1.26890379080353,0.406004281857751,
DYNLT3,3976,0.407091274473017,0.406091952709724,
GMDS,5402,-0.277365237049802,0.406120202440034,0.776632709405468
DPP7,3873,0.321444653213752,0.40621891690485,
ADAM12,242,0.659080795056012,0.406221491533421,
IGKV1-6,6442,-0.853930216303682,0.406262991411651,
SLITRK6,12682,-1.20474391454289,0.406282796164735,
UCK1,14861,0.626043445897751,0.406334687686607,
IGHV6-1,6435,-1.14535250051861,0.406405403429154,
MZB1,8617,-0.708131086572516,0.406447729839596,
IREB2,6688,-0.260633851996205,0.406469708447681,
SLC6A8,12628,-0.356641412958253,0.40657434685594,
ZNF770,16018,-0.625872849485198,0.406587406527019,
S100A5,11815,-1.34218422142478,0.406708449800664,
STYX,13287,0.231147732132482,0.406762875711123,
FBXO39,4762,-1.20131348991084,0.406810412589898,
APOBEC3G,794,0.395332812321394,0.406950136167433,
TRAP1,14343,0.665915304161415,0.406987407272993,
CRYBB1,3151,2.41629391107413,0.407048543003666,
HDHD3,5865,-0.3151140941455,0.407119762406133,
TSPAN2,14589,0.644007843535785,0.407159187063636,
FKBP7,4913,0.890848245104215,0.407298036347693,
ARCN1,837,0.398398224876985,0.407345473617662,
USP25,14989,-0.269543052259748,0.407449091769756,
TRAV34,14379,2.42263968485195,0.407485654342586,
FAM114A1,4513,0.305226216145056,0.407519929249036,
C2ORF70,1712,1.62763589115675,0.407587581940531,
SEC63,12022,0.330738422111884,0.407685852986124,
ATP1B1,1121,-0.281431765092789,0.40770642199052,
MANF,7768,0.631987639317426,0.407879612023917,
ITGB2,6751,0.406955948615172,0.407958390734938,
EIF4G2,4161,0.242583952626097,0.408089386629252,
SH3D19,12226,0.478156166499105,0.408113736632537,
CCDC125,2024,-0.522664623038051,0.408165658230201,
TRAV19,14368,2.04331422038811,0.408220054421039,
DCTN5,3498,-0.280270455920512,0.408309076930083,
KAT2A,6841,-0.62223475549842,0.408340741811905,
TMEM189,14003,-0.534606894559037,0.408355996295457,
OR2I1P,9400,-0.821219978135014,0.408457890461172,
ETFB,4398,0.344353733503935,0.408487336718449,
IFI16,6318,0.335406600912881,0.408549013546757,
C7ORF25,1766,0.29060228498756,0.40860140251818,
TEKT3,13654,2.40705242996267,0.408649945742624,
ANLN,692,-0.843403243139757,0.408680094760848,
ARHGAP27,873,0.790340942860859,0.408811797767288,
FCRL4,4808,1.05739834917113,0.408837233819157,
HIST1H1D,5960,-0.35450303402124,0.408892143990834,
IDO1,6308,-0.84468492187906,0.408996371776278,
GPR108,5542,-0.312612575364227,0.409070249294915,
RMND5A,11452,1.16695641491221,0.409102016533543,
STK16,13214,-0.313630815397771,0.409114838754986,
GADD45G,5140,0.724432167598952,0.409180417536423,
ATP13A1,1113,-0.612337764240265,0.409280856508909,
IRF7,6698,-0.489567113699764,0.409309089497664,
SLIT2,12676,0.68868317983528,0.409431766886872,
HSD3B2,6205,2.4093821190827,0.409437703348318,
ITGB4,6754,-0.252837091884205,0.40954290305992,0.781326531369635
VIPR2,15102,2.26879791371868,0.409568351068524,
CAPN13,1890,-0.472512590346654,0.409626756461742,
INTS4,6643,-0.477825466624833,0.40968491273632,
ZNF836,16062,0.424749197395041,0.409698314097168,
LACTB,7241,0.292552869731256,0.40971279290147,
RP9,11572,0.457711695191322,0.40974774144113,
MACF1,7705,-0.252102481540687,0.409816927825853,
C19ORF44,1631,0.529760326630339,0.409844382522857,
CGB8,2575,0.80015261596212,0.409847052248442,
PALD1,9556,0.5328235196375,0.409858945438706,
SHLD1,12263,0.826960463589307,0.409925448386102,
FAM209B,4594,-1.38162183718416,0.410054812074825,
ZNF311,15724,-0.819283762912496,0.410115132441827,
MROH6,8306,-0.397556773116033,0.410126875783486,
GULP1,5750,0.63705732048909,0.41027861274652,
ARHGAP31,877,0.375691916183391,0.41051363286929,
FAM229B,4615,-0.960966731885687,0.410513814981718,
ASNS,1041,-0.434738977024295,0.410583471487877,
DIAPH1,3671,0.252250537627603,0.410684358596339,
ERN1,4366,0.500840633967684,0.410713840931955,
SMPD4,12772,-0.270905653311207,0.410741820600592,
ZNF224,15672,0.565146079320706,0.410890241599165,
SLC28A1,12480,-1.59059859649185,0.410915259152322,
CATSPER3,1960,-1.26100668004097,0.411127885154948,
CGB3,2573,-0.835880994860256,0.411155625207943,
ZNF384,15763,-0.333299562170317,0.411331384126961,
EPS15L1,4322,-0.260500251821885,0.411340171327756,
SALL2,11838,1.32000062218731,0.411356706635976,
PGBD1,9910,-1.09351100073944,0.411494050548571,
ADTRP,365,0.40528946364519,0.411505806414687,
RTN2,11762,-0.408224001494206,0.411510068433056,
PLPP3,10228,0.314026177575418,0.411749885911736,
ASB6,1021,-0.253123834601831,0.411820132794786,
SEMA3A,12046,0.649961246403547,0.411895344098799,
ZNF35,15750,0.915627025572086,0.411965131858054,
PLN,10219,1.06993960796709,0.412025790143791,
FGF1,4846,1.37268193235567,0.412069315839044,
TEX22,13689,1.38840059459043,0.412117324001343,
CCDC112,2014,1.0009836303843,0.412277918872031,
CRHR1,3119,-2.38914806320728,0.412538067081569,
C9ORF85,1795,-0.887482471751657,0.412548566769391,
CASKIN2,1935,0.504904907483491,0.412628395461487,
ZNF653,15940,-0.378814414165685,0.412820343646976,
ROMO1,11562,-0.250350687810499,0.412828286643077,
GATA6,5205,-0.332477490754372,0.412941481514693,
PWWP2B,10909,-0.429834075827666,0.412965162204435,
L3MBTL4,7239,-1.13788172852851,0.413081909896715,
IK,6498,0.12338632008489,0.413126404103825,0.785216537621719
PAF1,9536,0.152565944954042,0.41323931044072,
SMARCA5,12709,0.225770210115494,0.413259809141113,
KBTBD6,6859,0.416898484504491,0.413384289206668,
SRCIN1,13066,0.95065518729484,0.413498719530675,
GPR155,5556,0.556484996766942,0.413517310906099,
ERLEC1,4359,0.433553753046235,0.41361629726627,
NT5C2,9204,-0.224054313715375,0.41363678737346,
CAMK1G,1865,1.62285841186376,0.413646136672099,
PRDM4,10551,-0.638081641344962,0.413808068900441,
STAT1,13190,-0.247768193014562,0.413814636275197,
NENF,8867,0.478295128905257,0.413826899712651,
SBNO1,11888,0.53876178150734,0.413849041611049,
C1QB,1665,0.412359692515287,0.413853682980708,
KDSR,6972,0.271210490021692,0.413957498210924,
ERI3,4356,-0.215835857228687,0.413989090408953,0.785216537621719
HSPA9,6232,-0.19018568340293,0.414052093575245,
PLXNB3,10253,0.658767649565802,0.414054090675864,
SPON2,13014,-0.526638811926779,0.414160355873683,
BCLAF3,1350,0.600146859449221,0.414218811894821,
ITLN1,6766,1.09700758424666,0.414255583181893,
ANKRD20A13P,650,0.670839808633515,0.414278188763412,
C8ORF44,1778,-0.687572717937658,0.414281731531985,
SCNN1G,11947,-1.57027062122335,0.414358750615231,
ELN,4195,0.531780684102328,0.414360400071965,
ASAH2B,1014,-0.902970152390969,0.414569194231172,
ABAT,36,0.638775893747857,0.414648730181646,
ITGB1BP2,6750,-1.12645316775444,0.414673510968769,
FAM133B,4533,0.569896054786343,0.414679820372642,
CLPSL2,2808,-2.16322780016976,0.414747798998775,
MTFR1L,8459,-1.057617435121,0.414791154414901,
PPM1M,10450,-0.689719998826213,0.414822039030692,
FAM3C,4630,0.199039208100034,0.414826112183837,
BEX5,1379,0.663417341435706,0.414833805679789,
ADPGK,350,-0.228491371373392,0.414891301629833,
GNRH2,5455,1.08217383246581,0.414959106137758,
ITGAD,6742,-2.38428948869147,0.415097157240806,
PTBP1,10794,0.122035728541645,0.415123956674456,0.785216537621719
ANKRD13C,641,0.412681448771965,0.415125929393738,
PIBF1,10003,-0.826301721074386,0.415151112306885,
ZNF200,15657,0.69315891820582,0.415186562158564,
TAF3,13443,0.295028393176352,0.415241936676862,
IGF2BP2,6365,0.387613805852426,0.415279789362242,
TUBB2B,14690,-0.842898417938027,0.415327171236802,
NEK1,8848,0.613888491260929,0.415348634306369,
HSP90B1,6218,0.147402393154544,0.415477673755674,0.785216537621719
SMPD3,12771,0.597328059970895,0.415523347256783,
HOXC9,6145,-0.721941152168789,0.415545636006,
KCTD9,6948,0.373279341954234,0.415616426233413,
TMEM184A,13996,-0.290546835177215,0.415650091771869,
SNRPD1,12828,-0.375754242773417,0.415667421891389,
SP4,12920,-0.353217579217661,0.415695656958252,
GSTA2,5689,1.14287658877416,0.415717125476265,
UBE2L5,14803,-0.328132086301878,0.415787189851362,
ZSWIM1,16120,-0.594033248825509,0.415817776641256,
EBAG9,3999,0.319095140602364,0.415881631586734,
CD5,2274,0.979634598807353,0.415935973207215,
ATG10,1079,0.828581382024235,0.416068828204584,
MFSD6L,8074,-0.697046872731544,0.416082743632182,
DONSON,3850,0.405118693783654,0.416150186983674,
MEP1A,8008,-0.869660853751242,0.416180766579836,
AP1S3,739,-0.407801843560499,0.416199134012479,
EIF2AK3,4124,0.316247021905239,0.416229418636256,
GNA13,5417,0.224499778373726,0.416446936929487,0.785216537621719
MRPL47,8345,-0.943361319796906,0.416462738605084,
ACSS1,206,-0.437440369995202,0.41654847537627,
PHLDB2,9976,0.475052650203323,0.416591840495021,
HMMR,6080,-0.601679750350706,0.416646735625197,
PSKH1,10736,0.600669583900174,0.416684133621436,
VAV3,15067,-0.545722705959286,0.416688208598049,
EBP,4006,-0.43770568962438,0.416722743535922,
ZNF562,15874,-0.378922210289832,0.416742322619293,
TSPAN8,14598,-0.337487968951435,0.416796229810207,
ABHD13,84,-0.701954635067859,0.416932067395486,
APRT,817,-0.195135931225154,0.417048994811326,
DCAF6,3467,-0.307003095114617,0.417071263508454,
SLC35E1,12529,-0.288784968772544,0.417078382279893,
URI1,14955,-0.245120763514895,0.41727436913205,
BABAM2-AS1,1260,-1.1723607605513,0.417288996601781,
NUDT15,9250,-0.347336296549897,0.417433595216099,
IFT22,6349,-0.745110491426691,0.417518013265893,
TTLL11,14666,1.07982778112129,0.417612881015648,
PHLDA2,9973,-0.690882365322163,0.417622143724304,
PPHLN1,10421,0.544163678070013,0.417624943500626,
LARP1,7275,-0.186518098559998,0.417626249022696,
MCTP2,7928,0.445713834436652,0.417665513992936,
RNF212B,11518,2.3659390357485,0.417674990407946,
SS18L1,13117,-0.294749426438588,0.417688185783978,
CEP192,2494,-0.628896098140413,0.417699168871916,
CLIC1,2779,-0.163202899383025,0.417717361675863,0.78577601601963
REXO2,11310,-0.450899082315414,0.417771891753237,
PANK2,9569,-0.173790424331793,0.417892516948999,
GYG1,5756,0.509100883760298,0.417931649871701,
SOX6,12909,0.300840255717099,0.417938198292381,
SERBP1,12090,0.138227487712822,0.41796904057385,
ORC3,9426,0.481509774705622,0.41797326183723,
RBM28,11197,0.814706244410196,0.418184575986657,
DACT2,3423,-0.5830514009066,0.418210163623861,
SND1,12804,0.325963013575324,0.418249899001565,
ABCA5,44,0.507936139975906,0.418285469178787,
TLE6,13853,-1.09674983144885,0.418470725471485,
NTRK2,9227,-0.987490931758539,0.41854286061191,
PDSS2,9829,0.653977542793796,0.41854977549909,
LTA4H,7633,0.293081731635861,0.418640436106533,
NINJ1,8942,-0.261401139461051,0.418668643531954,
ADAMTS1,255,0.563303066134771,0.418794170331876,
CHD5,2602,-2.35646091131473,0.418822639731296,
ZNF619,15922,-0.601031609342344,0.418872584534119,
OTOF,9464,-2.35208180775676,0.41895808384419,
SMG9,12736,0.353390955572045,0.418958504257888,
EPM2A,4313,-0.793397137629432,0.419122499579237,
SLC24A1,12418,-0.405394864666377,0.419143174709239,
LRRC29,7552,-1.17707178388216,0.41919244795348,
SH3BP5,12224,1.22702496493089,0.419334682327076,
C11ORF74,1566,-0.443471781938597,0.419349331372974,
RBM6,11213,0.405011131083184,0.419369849851836,
GXYLT2,5755,0.612478900407108,0.419436450389742,
TRIM63,14492,-2.35504074932435,0.419466528201764,
TTC8,14655,0.310290581169653,0.419567395060683,
SDK2,11989,-0.673217740709203,0.419621973409397,
PRICKLE3,10576,0.429385486238501,0.419695830647411,
MYL6,8573,0.253177144036419,0.41979745895706,
BDKRB1,1359,-1.00019527422703,0.419834370337875,
GABPB1,5124,-0.360772653130689,0.419851096895771,
FUT1,5070,-0.899681231918481,0.419905796255958,
APBB1IP,765,-0.47529307611989,0.41996542371823,
SDHAF4,11983,0.596902157817949,0.420054458961695,
PARL,9597,0.45649937095991,0.420141016778236,
SLC35F3,12535,1.27973126667114,0.420296954640515,
CYB5R2,3341,0.426095315266944,0.420353473216745,
RGS11,11354,0.600624306642185,0.420476004299373,
UBE2W,14817,0.315910315677805,0.420640054639622,
PRPH,10654,0.808134960633511,0.42069275374619,
AXIN2,1216,0.840397819257635,0.42075171082704,
TRPM5,14543,1.56858117581866,0.420899437464532,
CENPT,2477,-0.21516257894252,0.420933116091591,
RABL3,11040,0.348314321982161,0.42093938434746,
TRBV18,14399,-0.85396207137985,0.421035891118773,
ZNF32,15729,-0.69546003624735,0.42107048610408,
THY1,13784,0.414056561752374,0.42112278443079,
ACBD3,154,-0.196804270686944,0.421135567926091,
MAFA,7719,2.34262288245831,0.42115699999969,
FCGR2B,4793,-0.432658237418606,0.421176869784718,
FAM177B,4574,-1.23302858507339,0.421229781399029,
C12ORF49,1578,0.370716018176042,0.421379148397123,
PHF20L1,9955,0.169341080389041,0.421410132697783,
GSTA1,5688,0.749524168375039,0.421417646888255,
BCAR3,1314,-0.270711671026375,0.421428790602929,
DYNLRB1,3974,-0.216256459783134,0.421501630055208,
SPATA1,12942,1.03059372336205,0.421514879911864,
CBR1,1981,0.250837889897438,0.42154091263821,
PRDM6,10553,0.846691658328652,0.421560989684877,
COMP,2976,0.589621119162879,0.421575572444977,0.790215103011596
GOLGA8M,5474,-0.346831786264982,0.421694481856648,
MOSMO,8247,-0.52741929668931,0.421853516374047,
IFI35,6323,0.810285606436588,0.421858415119639,
GEMIN6,5272,-0.679553917359306,0.421924282097738,
ATRIP,1187,0.373400199459596,0.421972383752983,
PPIAL4G,10424,-0.508147017317232,0.421981694853074,
H3F3A,5780,-0.42305794850407,0.422006892649202,
TSEN15,14563,0.201131214966767,0.422018106965965,
PAQR9,9589,-2.34053520979855,0.422023141674862,
SPINT2,13002,-0.22440625946874,0.422035575462203,0.790215103011596
ZCCHC3,15496,0.369882180323078,0.422146277043816,
GLIPR1,5370,-0.49920424823046,0.422196004043277,
USP51,15016,1.08225615096114,0.422443088080054,
GUCY2D,5747,1.44402740005671,0.422613278493018,
MTMR9,8485,0.579158771211124,0.42263386047463,
PBRM1,9634,0.343972315437344,0.42268105734634,
UGT1A6,14886,-0.876173150672459,0.42277018991363,
ENPP5,4263,1.07241750404667,0.422826513258788,
PTPN20,10852,-0.66430356167611,0.422849589873472,
SLC29A1,12482,0.315994874179018,0.422873618774364,
ALMS1,547,0.460087396233005,0.422930809169597,
TSPYL1,14604,0.314708557535248,0.422946077708787,
SNRNP25,12817,-0.525359480452608,0.422955574001928,
STAU2,13198,0.163938764547203,0.422958886038928,
ZDHHC1,15504,-0.673327654762849,0.42298318558443,
IMPDH1,6588,-0.45061776530144,0.423051198922302,
ARRDC5,997,-0.731593259629459,0.423052910167088,
C18ORF25,1623,-0.416954429619935,0.423113917684403,
GSTT2B,5704,-0.763328278918944,0.423177070312518,
CEP55,2502,-0.796521599886118,0.423299467994824,
RARG,11119,-0.312543645065348,0.423300296624966,
DRAXIN,3892,-1.00815826602602,0.42330656850711,
TTLL3,14669,0.683456861340566,0.423370008981791,
R3HCC1,10949,0.563240732417433,0.42343590242823,
CHRNA10,2653,2.33583976082393,0.423490310036978,
FBXW11,4775,-0.574229619590383,0.423493496935478,
SLC25A44,12457,-0.46297669991803,0.423564799692527,
PLEKHG3,10190,-0.240626825490857,0.423594048417156,
IARS2,6280,0.270360307386519,0.423662802335771,
KCNE1,6876,-1.60538873049124,0.42368440371293,
ERLIN1,4360,-0.266680823241627,0.423717230734853,
SELENOK,12034,-0.674735336732945,0.423724077094467,
IPMK,6655,0.365512788548247,0.423736788194506,
NEURL4,8878,0.862734124516455,0.423753403445305,
MIA,8095,-0.530173974458018,0.423790729769654,
PKP3,10111,-0.28202801721066,0.424294103029576,
SF3B2,12159,0.157938959401037,0.424335206794483,0.792681740470249
CHPF2,2642,0.40090888123914,0.424365437470034,
HRH1,6175,-0.817170189023995,0.424410737254475,
AQP8,828,-1.66795878799612,0.424425323932659,
URB1,14951,0.479678327952389,0.424499209429018,
HIGD2B,5943,1.53178322223039,0.424720278680991,
MRPS14,8360,-0.260719113118534,0.424747602458408,
PCOLCE2,9739,1.04182093271186,0.424841915109154,
PARP11,9602,0.418725687747897,0.424875229263042,
UPF2,14931,-0.316022788009226,0.424968541424058,
MS4A4E,8395,0.997927800707431,0.42498340832432,
EPAS1,4282,0.445614972694299,0.424984482738975,
SPRR1B,13027,0.999961825854186,0.425005014356039,
SLC38A7,12554,-0.546872059259019,0.425005193665612,
C7ORF69,1771,1.20217855823892,0.425054654110009,
RFX3,11330,-0.36483901230579,0.425117717225423,
IRAK3,6686,0.402766608649905,0.425131041784887,
DARS,3438,0.22429277676344,0.425194014507279,
ARFGEF3,850,-0.545462480940384,0.425325860001754,
STAU1,13197,0.145095559026198,0.425395525570079,
AFM,379,-1.4435224908924,0.425400123838584,
DCTN3,3496,0.180786859747366,0.425456408406371,
ZNF507,15836,0.400674530266597,0.425462581667921,
VRTN,15155,-1.32367110590495,0.425507212189332,
IFNGR1,6340,-0.604458913283796,0.425648735818488,
ATP13A4,1116,1.36349054260159,0.425673403324877,
TADA2B,13427,0.339280921966927,0.425781670279557,
THAP4,13749,0.342649426381059,0.425818600377663,
STARD4,13185,0.417245505673878,0.425880883887714,
PAWR,9623,0.211626943463659,0.426097406913335,
FGF5,4856,-1.38345660791718,0.42621120911707,
ZNF687,15964,0.42080614760065,0.426231380012074,
LEP,7341,-1.53714686420053,0.426336510768829,
CUL7,3284,-0.6024244806638,0.426353854665938,
RPF1,11581,-0.275839266937911,0.426380488188956,
IGHM,6390,0.716695134075911,0.426539558649943,
DCX,3506,1.40631800844388,0.426607727886269,
INO80,6609,0.465176660605647,0.426621839461913,
ZFP3,15544,0.488772542177038,0.426678564622743,
TMCC3,13899,0.280220284120249,0.426755568420064,
MORF4L1,8239,0.564432452982069,0.426763476013822,
ZNF154,15636,0.852413816923282,0.426795118296694,
CFAP70,2553,-0.818613692877131,0.426846166474435,
MND1,8211,-1.15315679889847,0.426886234086896,
LSM11,7615,0.423482647980653,0.426971203829352,
FABP1,4484,-1.00211702146958,0.426991779995999,
IQCK,6674,-0.587253464276084,0.426991805357207,
RPL35A,11618,0.142794725790988,0.427156798097206,0.796109783058766
RPL34,11616,-0.785991283544824,0.427196863347121,
FCAR,4783,-0.539255711535918,0.427270929595523,
GRB2,5629,-0.383450114543673,0.427286422133325,
NAP1L1,8673,0.712672759859602,0.427506226132843,
ADCYAP1,298,-1.05362177512828,0.427526960289348,
PIGK,10018,0.388064916129953,0.427536367261881,
SLPI,12686,-0.290758822043646,0.427571147196227,
SERPINB8,12116,0.489970937038181,0.427760073932939,
TMEM182,13994,1.79753779104983,0.427766435427467,
MACROD1,7707,-0.243172180358256,0.427779967481134,
SNX18,12851,0.317167494907134,0.427783268636515,
ACOX1,182,-0.17057039272369,0.42780914329261,
ZNF440,15797,-0.339054766116765,0.427838128228806,
ZNF630,15932,-1.38147890004802,0.427939555073253,
SERPINA12,12105,-2.31469711310432,0.428049333784319,
TRBV6-2,14414,0.736216859054893,0.428055079205252,
NSUN5,9199,-0.317806384928377,0.42822885352366,
FOXC1,4983,-0.560151322130128,0.428245058608231,
ZNF330,15736,0.623680518866822,0.428285543134876,
IL10RB,6510,-0.414804334973862,0.428380797983009,
AIFM1,435,0.437859917594328,0.428450329086372,
GHR,5310,0.815371147667214,0.428471895758821,
SHISA5,12256,-0.174162801190421,0.42854602605462,
HSP90AA1,6216,-0.230488169625319,0.428618825643192,
SH3PXD2A,12232,0.212679357502735,0.428710352177371,0.797164180200779
DNAH12,3752,-1.46781719566672,0.428749963946463,
SGK3,12192,2.31355181662889,0.428829612179727,
COG8,2919,0.212190872669636,0.428831594280755,
FGF12,4849,2.30945417216771,0.429138583884288,
PTOV1,10838,-0.19547744757138,0.429185073471954,
ANXA9,723,-0.921679156736955,0.429255566273178,
ARL17A,939,-0.555631557378629,0.429265319904742,
CCL17,2134,0.641057778134944,0.429293223999086,
BICRAL,1396,0.267654815006983,0.429339646895403,
PLSCR1,10240,-0.19450565042673,0.429366017302095,
SOCS6,12876,0.579599023588878,0.429476321130193,
CCNG1,2174,0.478882205256272,0.429606100673082,
FAM219A,4606,-0.466457388194002,0.429612524061041,
TPK1,14294,0.794635579002715,0.429678367679913,
NUP43,9285,0.963598938731666,0.429687579037687,
IGLV6-57,6483,2.30316186425941,0.429690358599502,
GSTM4,5697,0.351778519137833,0.429709527118881,
PHACTR1,9934,-0.463443620325836,0.429749126644354,
HTR2A,6253,-1.8636386460919,0.429789108413257,
CYP2U1,3379,0.916230486424637,0.429928731997395,
GPR158,5559,2.23892897421843,0.429968688452353,
FZD6,5103,0.284981404095054,0.429978722532989,
SDS,11993,-0.777079087049124,0.43001674783577,
RNPEP,11550,-0.383535956517266,0.430024219013149,
METAP1D,8017,0.613296244467754,0.430025696302248,
ATP6V0D2,1158,1.38261971772631,0.430127552187102,
CDKL2,2396,2.30450013651319,0.430132399706487,
ZNF629,15931,-0.451491447954028,0.430139553525178,
NLK,8986,0.562324416718696,0.430207524365627,
TTC31,14641,-0.256975937711097,0.430212405848656,
TP53RK,14279,0.259703169435794,0.430231057391907,
DLG3,3708,-0.434706575308915,0.430383457314995,
DDX3Y,3546,-0.8729143555887,0.430467746952402,
FOXD4,4987,1.01007021393778,0.430482237675576,
RFX5,11331,-0.260246485024372,0.430531334178205,
PEMT,9859,0.741195239075325,0.430538869834644,
XAF1,15326,-0.423678107206313,0.430622813427462,
OPTN,9387,0.183550918437329,0.430658335881848,
PTPRD,10866,0.616084429182903,0.430718334952175,
TIGD7,13803,0.564587793909188,0.430757021462103,
RSF1,11730,-0.148713878227478,0.430765633586094,
TIMP4,13825,-0.964408822752138,0.430773361006683,
AC010442.1,119,-0.469717436342337,0.430807197082611,
PTMA,10835,-0.697496332490521,0.430828618400094,
JUNB,6828,-0.232027398697372,0.430833997856688,0.79895680010689
PRAM1,10536,-0.756980280371833,0.430881785516907,
SDHAF1,11981,-2.29564508620718,0.43090561137806,
SBK1,11887,-0.511330393960986,0.43092100284751,
IGFL3,6379,1.52186370524366,0.430986287187165,
TMEM234,14033,-0.368688882486954,0.430990437052107,
SMN2,12763,0.212212052544568,0.431130879165406,
CCL7,2150,-1.00252018983111,0.431142545304099,
PPP1R12C,10460,-0.382520133132969,0.431194850825242,
TBPL1,13559,-0.669459764183873,0.431238178252101,
PCDHB11,9677,-0.871097080905386,0.431286976841209,
EXOC2,4431,-0.258083564438645,0.431316486326127,
SERPINC1,12118,2.18943257134245,0.431351443915466,
ANKMY1,632,-0.480270293406493,0.431541260215064,
MICB,8106,-1.10672525904019,0.431574372675841,
TNN,14212,0.951827560553661,0.431673941357872,
CAVIN2,1967,0.521188069377927,0.431693521667551,
NUDT14,9249,-0.596784898410214,0.431779630180586,
C1QBP,1666,-0.57591412366102,0.431795992465589,
RTCB,11748,-0.230087295206824,0.431871308677318,
AL022312.1,491,-0.556479363411878,0.431924684486174,
GALNT11,5158,0.260938647214862,0.43193238228569,
PCYT1A,9752,0.270474878625855,0.432084438441928,
MALT1,7748,0.452691275761754,0.432095548754194,
COMMD4,2970,-0.240216051257105,0.432103069250833,
BRWD3,1500,0.304035116964688,0.432111608256736,
CIRBP,2697,0.2119787097358,0.432141679972044,
SLC25A11,12424,-0.222105941418383,0.43215542783534,
HOXA5,6128,0.776436991832921,0.432237868225739,
CKS2,2717,-0.563404649256234,0.432240825812913,
DAXX,3440,0.261810834264655,0.432288407491273,
PARP10,9601,-0.3335447962354,0.432354326269307,
DYNLT1,3975,0.31426145451548,0.432382256514121,
TMEM126A,13938,0.461373133786258,0.432451016255591,
BCKDK,1326,-0.519913823094173,0.43245964580798,
PPP1R2,10475,0.410820532490845,0.432461695275456,
TM4SF20,13877,-0.92295393041648,0.432485196534887,
PSMD3,10768,-0.579014633502848,0.432527916426744,
PRKACA,10586,-0.397124754377641,0.432602893084453,
TRMT61B,14528,-0.253065647067905,0.432611910252289,
TNFSF10,14192,-0.381060202258945,0.432622857801207,
NABP1,8646,0.365762160357908,0.432637464922195,
NACC1,8651,-0.795361056348019,0.432641875426396,
SCG5,11921,0.781171833725796,0.432789226685037,
RIMBP2,11416,1.17633862958831,0.432809923158497,
SORBS2,12885,0.318067000128835,0.432914068088395,
LEO1,7340,0.463611861260537,0.433091094119325,
NSDHL,9184,-0.237164266219179,0.433136946761997,
MDH1B,7939,0.905628719185562,0.433253718127435,
AFAP1L1,370,-0.704313259451219,0.433271920399621,
TRMT6,14526,0.444042734292607,0.433301914898937,
RELL2,11284,-0.740743926871038,0.433318108342026,
PTPN21,10853,0.722460212471063,0.433469651673738,
AKAP12,459,0.494193754202593,0.433471671275119,
MAGT1,7738,-0.187740198682151,0.433493254739681,
CCDC181,2061,2.27955040800315,0.433600612326726,
NPY1R,9122,0.78467857270599,0.433719315696509,
CCDC40,2084,-0.736846665065993,0.433738893541691,
RPL39L,11627,1.43661576052102,0.433742199013923,
ZNF844,16068,0.825075477473471,0.433780292194254,
ACYP1,236,-0.287177345244277,0.433844069979601,
RPRD1B,11649,0.248048445274894,0.433900170046877,
NDUFB2,8804,-0.548597039484587,0.433942575048979,
RNASEL,11465,0.43706193011288,0.433954281489591,
GPX7,5616,-0.774885733334318,0.433993297493629,
SLC26A11,12467,-0.344112267900195,0.434001210258506,
PCF11,9715,-0.278412186483864,0.434009868809827,
SCN2A,11935,-1.88428054051963,0.434105495605506,
HLA-B,6030,-0.160920194428769,0.434344394488021,0.79895680010689
NT5DC3,9209,0.50385093185319,0.434450139712234,
PKM,10102,-0.198689763706231,0.43447109009372,0.79895680010689
FAM131A,4530,0.681534461659032,0.434477566341196,
RNF13,11481,0.667137634627487,0.43456675908805,
SLC16A13,12376,-0.540163051870613,0.434651015997493,
FLT3LG,4935,0.459350687404511,0.434891358173435,
ABCB8,56,-0.462557130873327,0.434990823847667,
KCTD10,6931,0.402543504960859,0.435004236145201,
ZKSCAN1,15585,-0.186329763027539,0.435071402183099,
ITGA7,6739,-0.516985877164428,0.435156958306429,
PLA2G2D,10119,-1.14581496675356,0.435278543572465,
THEMIS2,13761,0.263204181840765,0.43539762620582,0.79895680010689
ZSCAN2,16107,-0.411469993062063,0.435566757508134,
PNPLA6,10292,-0.25323493559976,0.43561627516672,
MED9,7985,0.658055616573294,0.435829678150596,
POU2F1,10395,0.553057875049567,0.435834974677842,
SHLD3,12265,-2.17466390131447,0.435868182652198,
BLID,1409,1.28528051744617,0.435906109721483,
CD27,2244,0.779883234811941,0.435926226801564,
ARL4C,946,0.239720552041485,0.436029821501467,0.79895680010689
IRX3,6707,-1.0875731709391,0.43606464983832,
HAGH,5796,0.306439701002034,0.436156142124446,
VCAN,15071,0.301035177002768,0.436171018369514,0.79895680010689
SLC22A4,12411,0.739895121445172,0.436182968346625,
LRMP,7524,-0.493234125631914,0.436220507166651,
C12ORF75,1584,-0.317617694319888,0.436265583571641,
DAPK1,3433,-0.254872028951407,0.436278494625123,
IL1R1,6534,0.383135350963553,0.436284938276701,
TSPAN13,14584,-0.531054309609692,0.436317481265093,
SLC9A3R2,12647,-0.273673900950799,0.436372200473697,
TPSAB1,14310,-0.978682851752891,0.436402337424981,
SFMBT1,12164,0.733189927283769,0.436519391267588,
SKIV2L,12337,-0.739409415426162,0.436520997369377,
TNIK,14203,-0.340858434432598,0.43657170455928,
LAMC2,7257,-0.258203119675847,0.436604645411572,0.79895680010689
FAM174B,4572,0.648339025855542,0.436679142343139,
FAM231B,4616,0.546573504443931,0.436751921103509,
KIFC2,7057,-0.709773263858078,0.436786903566937,
C16ORF74,1604,2.13956001572677,0.436971926063618,
AC092384.1,129,2.26578210325062,0.437029506051531,
TCERG1,13594,-0.490648723304135,0.437086815191881,
ZNF778,16026,-0.621679602897022,0.437202660144503,
POMGNT2,10371,0.468813913728647,0.437266179710799,
NBPF3,8717,0.378598190375145,0.437333006741391,
LCMT2,7303,-0.685564490565595,0.437447926018865,
EFHC1,4074,0.649955847063537,0.437524829117973,
PRPF39,10647,0.779194787419043,0.437558023678887,
MAP4K4,7810,0.192564925076644,0.437561563302234,
C11ORF86,1568,-1.69237689255197,0.437587803179869,
TUBD1,14696,1.06081087946149,0.437779252195324,
MEF2A,7987,1.22346970340426,0.437919424726746,
ZNF516,15843,0.801706980335851,0.43794120385279,
ATP6V0D1,1157,0.177112896108897,0.43794674221801,
SPIRE1,13003,-0.456439824543602,0.437960486363775,
SLC16A2,12378,0.622704500686183,0.438160410168182,
PPP1R8,10491,0.278025970403453,0.438171372970711,
RAMP1,11086,-0.4849564398907,0.438175976296436,
CD68,2282,-0.195730253244928,0.438243999006892,0.800142323978646
ZC3H11A,15470,-0.20883041901911,0.438250457346923,
ZNF782,16030,0.324071001457702,0.438358731444353,
CENPW,2480,-0.437643730674364,0.43836468952971,
ALDH6A1,515,0.595191657716221,0.43836555713602,
MRPS28,8374,0.674282600351154,0.438389960866619,
IGLL1,6458,-0.295506692208631,0.438702212762556,
PSMG1,10780,1.4263742279566,0.438801990632395,
RABGEF1,11034,-0.398580859552679,0.438874179563141,
RAB20,10971,0.32673771676205,0.438876240233222,
FASN,4697,-0.32515815144173,0.438916116333536,
PALB2,9555,-0.249516224701145,0.439003484477095,
COL5A3,2950,-0.585171143091637,0.439049533325856,
GJA4,5336,-1.8999666218335,0.439060706756003,
AL449403.2,493,-1.05268966490295,0.43912337596029,
ZC3H14,15477,1.15955134980422,0.439253880185715,
PPP1R3B,10484,0.258958456142644,0.439288373036584,
ABCC10,59,-0.32695085466016,0.439308073426117,
ACOT9,181,0.69206138541337,0.439391246437003,
VILL,15097,-0.296044047780089,0.439395033494247,
ANKRD62,682,2.25590803178745,0.439468157464695,
NPIPB8,9103,0.189001207765694,0.439474977713042,
NDUFAF1,8793,1.15256855126832,0.439551696575138,
SOX18,12904,-0.959023037214816,0.439687204590247,
ZNF865,16077,-0.447186030716542,0.439712846340907,
CXCL12,3304,0.595544392463873,0.439833292577816,
PCDHGB4,9706,0.917545619395363,0.439875532741074,
CBX8,1998,-0.639544048392768,0.439907457087178,
PLA2G15,10116,-1.19505092982019,0.439929965332253,
VTA1,15168,0.442674916454329,0.43993508330352,
CHAF1A,2586,-0.705292032209517,0.439953315538275,
HMGCS2,6072,0.783332103570221,0.440183227205172,
IKBKE,6501,-0.506564030501404,0.440184510178834,
C11ORF95,1571,0.478710290202431,0.440292970995652,
PIKFYVE,10051,-0.531258132364625,0.440442544885628,
CASTOR3,1956,0.307320943223857,0.440626366893766,
GDAP2,5252,-0.777033517309569,0.440712441373392,
SH3RF1,12234,-0.696159345951051,0.440746580079289,
ABCD2,69,2.24756056648412,0.440773563484594,
RP1L1,11570,-0.731870016838603,0.440796669986374,
RAD51AP2,11056,-1.23874421505342,0.440831620160502,
STK38,13228,-0.525705409569756,0.440980873433943,
ENTHD1,4267,-2.00395116318154,0.440985946816265,
C1QA,1664,0.573592699476564,0.441031440680439,
CASP12,1938,2.05596980025765,0.441057556274709,
SENP1,12067,0.350261339793762,0.44112103132179,
HSDL1,6207,-0.342250592639021,0.441160881606404,
TAS2R3,13489,-0.459089504231247,0.441324899904925,
ZNF223,15671,-0.689565052061009,0.441358294529773,
SETD7,12145,0.436677498596971,0.441382932618702,
FAM187A,4581,-0.892325039739489,0.441482104986939,
CCND2,2168,0.460468840112527,0.441521811407237,
RBM26,11195,1.17056429269837,0.441585696441495,
ARSI,1003,-1.1443985266301,0.441652311683748,
CCDC68,2096,-0.543118136961566,0.441769472266234,
SLX1B,12691,-0.242736672831133,0.441792474685611,
PCBD1,9641,0.302958887102415,0.441803387286256,
NFKBIZ,8908,-0.253271122105132,0.441882803861278,
ZNF674,15955,-0.496904705508157,0.442200374647075,
DGKH,3625,0.280923302197921,0.442254749600715,
MAST4,7860,0.685175989662629,0.442371780024694,
ITPRIPL2,6781,-0.479689924131176,0.442459769399771,
ALDH3A1,510,-0.848262356379528,0.442679474213387,
PLB1,10146,0.516580384221417,0.442690171225507,
SMIM19,12746,0.417728160335378,0.442917145147277,
MIER1,8117,0.200048161525628,0.442935560771912,
IGHV1-69-2,6400,1.77948101666167,0.442937742043437,
CYB561,3332,0.466251386798267,0.443132546347444,
WDR53,15243,0.712767047405537,0.443173362274525,
WDR47,15239,1.39128178648204,0.443251210577928,
SSTR1,13137,-0.64049278957333,0.443291393245422,
RWDD4,11795,0.259477809187441,0.443323968058816,
PPP2R3C,10504,0.690901908687348,0.443450348222198,
PAFAH1B3,9539,-0.265779245293404,0.443513016117163,
KDM4B,6960,0.279468262217296,0.443716598444352,
ADIPOR1,336,-0.274622714151216,0.443751426206322,
IL15RA,6519,-0.334588316958221,0.443846992123555,
NKD2,8967,0.434022169890981,0.443896015805565,
TNKS,14209,0.182650141241353,0.443909541092558,
IQCN,6675,0.927704655426584,0.443913715538367,
FAM3D,4631,-0.600638105098008,0.443947977165239,
E2F2,3987,-2.23811538510214,0.443953357831706,
CD93,2300,-0.399652870010261,0.443966511711024,
ZNF143,15633,0.798298944601633,0.444042579168844,
DCLRE1A,3481,0.643361309663642,0.444063522513368,
CELF2,2448,0.453402742361067,0.444096961539386,
HSD17B7,6202,0.431375648878861,0.44421418263808,
SLC25A51,12461,-0.550478337123762,0.444372558967684,
SLC6A12,12618,0.856375735537743,0.444381553772344,
HPX,6170,0.824876519215894,0.444641226815602,
BRINP3,1488,2.23121647777597,0.444914049215261,
CCDC96,2123,-0.75828750783003,0.444944642894186,
FAM76A,4649,0.218912327536559,0.445036715394688,
SORT1,12891,0.292006925136311,0.445474261572936,
MTX3,8511,-0.644904546956343,0.445478177945304,
SLC26A2,12468,0.668580549427033,0.44553405488458,
ADAM20,246,-0.892157790318458,0.445577474076883,
SEC31B,12016,-0.751069610430011,0.445628545932266,
SYNGR3,13381,2.22089329123824,0.445653078975924,
TSTD1,14617,1.47636975402981,0.445731861412224,
IGHA1,6382,0.517624098825128,0.445745188516236,0.812000828741766
PPP2R2A,10498,0.278070056124207,0.445940556831381,
ZNF585B,15897,0.165937914875107,0.446012467041549,
C4ORF48,1739,1.0335988715814,0.446014885631423,
ENSA,4266,-0.692711550364245,0.446028459489915,
SLC8B1,12642,0.138746923619204,0.44606108820657,
COL7A1,2955,-0.367853203629009,0.446207295555238,
ZHX1-C8ORF76,15580,0.293836746030606,0.446310676431495,
MAEL,7716,2.22600332489827,0.44637583387067,
BMP1,1426,-0.326704575771903,0.446376838532453,
SERPINA4,12107,0.506905700151279,0.446387721801512,
HIST2H2BE,6009,0.735434344743139,0.446460423330463,
RPS7,11691,-0.535888782230333,0.4467069047422,
LRRC69,7582,0.470195146203119,0.446773295682028,
ADM,340,-0.26739557256915,0.446940336057282,
TBC1D31,13531,0.657362928736134,0.446966479596135,
SLC30A9,12508,0.264855053593325,0.446973395542339,
PUDP,10890,0.414474782151652,0.447059116937901,
HNRNPF,6101,-0.232099600055337,0.447183502616543,
CLN8,2799,-0.33640738887716,0.447207546532568,
ACHE,164,-0.447604766396923,0.447265219707054,
NDUFA1,8778,0.234307199108052,0.447337356827483,
TIAM2,13790,-0.611869246021098,0.447345170772257,
PLIN5,10213,-0.551587144558189,0.447353596228531,
COQ10B,2999,0.673277136386399,0.447411991464449,
NDUFAF6,8798,0.706685247627647,0.447456901926885,
UGT1A8,14888,0.453041772532534,0.447470353574324,
SAMSN1,11856,-0.76357535582525,0.447484898787968,
GOSR2,5493,-0.383639085839321,0.447596943709193,
TRPM2,14541,0.474681683169091,0.447717153453224,
SKAP1,12333,0.725187775016135,0.447736821462677,
SERPINF2,12123,0.807583976511923,0.447818399069135,
SVOP,13349,1.95439517887644,0.447857497766626,
KIRREL1,7065,0.446158808148843,0.447978186342703,
HMCES,6057,0.247674025518788,0.448074051503633,
GIN1,5323,0.796126541610161,0.448074219726154,
TSPAN17,14587,-0.229315898268768,0.448097446170197,
ADRA1B,355,-0.896465237265183,0.448103490963851,
EVI2A,4418,0.422669667196088,0.448120311662536,
ECT2,4025,-1.10644502958105,0.448134654307068,
HERC3,5897,-0.992710377462092,0.448151143696224,
CD300LG,2255,-1.15025370808709,0.448187854726396,
MCPH1,7923,-0.170505893316955,0.448258999701,
PTGR2,10825,-0.458567447784077,0.448287152136613,
DCTN1,3494,1.12055619854376,0.448407313285052,
ORAI3,9424,-0.76126424292108,0.448421393382256,
KCND2,6874,0.810538697279547,0.448499105502361,
VTI1B,15171,0.188924397695976,0.448516477172414,
VWA2,15174,-0.49968282296005,0.448555461870979,
RPL27,11608,-0.229550022602683,0.448585154630857,
TLN2,13859,-0.509012845339908,0.448703221966358,
PPP1R27,10478,-1.84508375212754,0.44885630462036,
VAX2,15068,-1.14338872852384,0.449057747174863,
LGMN,7365,-0.360198389230313,0.449060772797743,
ZNF567,15879,-1.0660713513695,0.449191154007287,
SDR39U1,11991,-0.306972633345737,0.449251018511867,
TSNAXIP1,14579,1.60201049165578,0.449379367495905,
RPUSD2,11698,-2.20191142693521,0.449477046847961,
EXOC3L2,4434,0.843222705145832,0.449523664095841,
MMUT,8208,0.180520818851765,0.449590114752729,
ELL2,4186,0.51809577185604,0.449655450690273,
ACAD8,141,0.4468353297525,0.44973412172822,
VEGFC,15084,0.432368905720266,0.449779190632734,
C8ORF76,1781,0.462854805888257,0.449831365779953,
CPE,3050,0.759742654880841,0.449863452791772,
ENTPD8,4275,0.561795602336213,0.449885641091668,
SRRM5,13101,1.90226650275246,0.449901552389282,
MED7,7983,0.493028994883356,0.450092730698433,
TPRKB,14308,-0.857005137278277,0.450161378656722,
RBMS1,11216,0.36951663679556,0.450194428148352,
SLC25A4,12453,0.48554505723238,0.45037935976604,
FAM9B,4675,-2.20679835067246,0.450521675071035,
RAPGEF2,11109,-0.881148820036294,0.450565823658816,
FBXL6,4739,-0.599908316393191,0.450568771711954,
IRF5,6696,0.543897345816826,0.450611180707123,
TBCK,13550,0.622003242119254,0.450659059282488,
AMN,578,-0.538150920819375,0.450734106869407,
TIGD6,13802,-0.74845074966683,0.450993648815222,
RAP2A,11105,-0.578780335677859,0.450996367289425,
NMRK1,9014,0.545620346650389,0.451109253306251,
C4ORF46,1738,-1.01777610342863,0.451225312906535,
CIZ1,2706,-0.167012009156158,0.451329968575128,
ATG4A,1089,0.574182293079715,0.451435708158949,
SEPTIN2,12081,0.257521469903032,0.451489399704254,
CLDN10,2735,0.675991273719067,0.451526675458123,
C11ORF45,1559,0.955630123670795,0.451590670010688,
TMED1,13904,-0.719406316717921,0.451722499696033,
MAL2,7743,-0.293013320589891,0.45172480317044,
NDUFS8,8822,0.279318851396693,0.451745952443154,
CDRT4,2415,0.480363203922317,0.451755387494467,
ZNHIT2,16088,0.625684299538658,0.451882589651107,
KRT10,7191,-1.56866124553629,0.451968758890279,
TNFRSF14,14180,-0.222662498571018,0.452016696470071,
KIT,7069,-0.835566230189594,0.452035784205025,
CHRAC1,2644,0.530871203952844,0.452064532931852,
MCRIP2,7925,-0.357552666738159,0.452150645128234,
CCSAP,2203,0.565569347980232,0.452160700890255,
PRKAA2,10583,0.628182862826953,0.452271404668326,
CLEC2L,2765,1.08861935749506,0.452335224843468,
TMEM87A,14114,-0.348123969237024,0.452438976244796,
CRY2,3147,0.205096853035854,0.452444811989719,
NRIP1,9164,0.199219525145664,0.452496565976493,
PIPOX,10072,-1.10794882455797,0.452614659085993,
SOGA3,12882,1.65063851226072,0.452621165358226,
PLD4,10169,0.80955082463007,0.452676895889652,
RBBP8,11167,-0.617106510712407,0.452690191221954,
PYM1,10930,-0.194650201073934,0.452710171171929,
A1CF,12,0.777573084689071,0.452782145515118,
IQCJ-SCHIP1,6673,-0.659677260106487,0.452813365332987,
CLCN5,2729,0.568730677843951,0.452819043415882,
KIAA1191,6999,-0.69163274446842,0.452841595884888,
ZNF229,15676,-0.769803449947206,0.452861322051441,
C17ORF99,1621,-2.1853559983558,0.452870114414069,
PPFIBP2,10420,-1.22711776037962,0.45290067220835,
PLEKHG4,10191,-0.847691520979197,0.452988832616604,
C3ORF62,1728,-0.743510607033681,0.453097910905388,
LNX2,7469,0.333241276733961,0.453139513926489,
KIF21A,7035,-0.911889500471701,0.453140152669652,
SEZ6L2,12153,-0.305103309311575,0.45321391406882,
WDR82,15264,0.273778713346225,0.453331102521916,
ATP5F1B,1133,0.115202918115428,0.453333790941171,0.823248721082632
NTF3,9214,1.09356000190443,0.453527842454845,
5-Mar,6,0.699374982410453,0.453530284025569,
SPEF2,12979,0.555966227645709,0.453730643420856,
SPATS2L,12962,0.229539452684515,0.453847848949009,
EXOSC5,4448,-0.490524531474619,0.453853475520893,
METTL24,8030,0.562607485417901,0.453886182100796,
POLR2A,10341,-0.175535002480587,0.453959951526359,0.823248721082632
RAB6C,11020,1.1946048715575,0.453984594392881,
CMPK1,2835,-0.272933984161741,0.454034380767004,
RALGAPA1,11077,0.37871404041966,0.45414414526182,
TUBB,14687,0.237193159072009,0.45422107949445,
COA3,2902,-0.221273096405002,0.454251471100284,
NEURL1B,8876,-1.09741674260755,0.454394728522207,
RIPK3,11434,-0.27772377502949,0.454437413510422,
DHX37,3663,-0.708827223724523,0.454476412414258,
ELP3,4206,0.987421223238304,0.454668835356263,
RPS6KA4,11684,-0.565280219333886,0.45468343174068,
SLC2A4,12493,-1.07890016545944,0.454770092652511,
YWHAG,15406,-0.285285654150976,0.454787493721001,
UBASH3B,14780,-0.607089172401265,0.455015077123685,
FOXC2,4984,-0.777388988518483,0.455015186694336,
AVL9,1212,-0.143530981416532,0.45504045394961,
MVK,8533,0.879593615699383,0.455049156406942,
WDR75,15259,0.933730870283463,0.455242318429796,
SPCS1,12965,0.259097382767246,0.455262398139545,
AKAP5,464,0.845700854628228,0.455360196996423,
ZNF717,15992,-0.61616874769355,0.455362219819325,
SLX1A,12690,-0.203582140237904,0.455417367490721,
WDR24,15221,-0.275663225091651,0.455417608636701,
FOXH1,4993,-2.16667649746231,0.455459812180222,
SLC51A,12602,-1.20205497117511,0.455559574042526,
DUSP16,3945,0.36809106759988,0.455587350591706,
LRRC42,7566,-0.610244915300563,0.455620895472478,
SLC2A9,12498,-0.620435615014005,0.455643512296088,
ZSCAN18,16106,0.345571293683393,0.455674169729257,
CARD9,1917,0.666892655014277,0.455674985650502,
ARSG,1002,0.54684581875837,0.455694686884395,
NUDT18,9254,0.539946963057449,0.455752800208656,
ZNF205,15659,-0.459191077846209,0.455855008864945,
CACHD1,1820,0.680014342406117,0.455896517069167,
FBRS,4723,-0.306335337610346,0.455913609949114,
EDNRB,4041,0.600357621380666,0.45595662085259,
CREB5,3108,-0.847080971721685,0.456090578018919,
CACNA1E,1824,-1.27860321103419,0.456141353497141,
VWA5B1,15176,-0.685762216929534,0.456207106582618,
DNAJB9,3774,0.583603065351186,0.45643934872885,
SELENOS,12039,-0.380480499734649,0.456475772620376,
AKR7A3,484,-0.3885177941699,0.456489174061738,
TBC1D4,13536,0.358350503234971,0.456529735958255,
SIRPG,12317,1.50325905642789,0.45665289943777,
METTL2A,8034,0.500888522833679,0.456675548007012,
PPP3CC,10512,0.778928725806393,0.456705905490683,
DYNC2LI1,3971,0.50373701721528,0.456711624390574,
FUNDC1,5065,-1.03598389967088,0.45673448991421,
ZNF638,15933,-0.136432871768779,0.456814395052845,0.824427742367933
TAOK1,13470,0.202262423243487,0.456830275418487,
APEX1,773,-0.327672309111339,0.456841771589027,
SPTLC1,13053,0.679499725465065,0.456951689922182,
SPRED3,13025,-0.819756961672029,0.457044990297152,
ADGRD1,307,0.715971951257552,0.457047197205216,
BTG3,1527,0.543080235575412,0.457065534004845,
SRSF9,13114,0.165862602086829,0.457303200956457,
CHCHD6,2595,0.429467623359609,0.45734382904538,
DDX18,3533,-0.489536988265296,0.457456280926336,
NOSIP,9057,-0.277200962623177,0.457543546106427,
TCEAL6,13588,0.322169627345314,0.457557021800801,
TOB1,14233,0.180359866814887,0.457561305871915,0.824427742367933
SRPK3,13092,1.07329157164846,0.457674819109753,
ACTN4,218,0.121298520232048,0.457674880521479,0.824427742367933
VARS,15057,-0.306896653866722,0.457734737465467,
RBP7,11226,0.578754982514845,0.457738545094343,
SRD5A3,13069,-0.421467942381718,0.457777258033192,
UGT1A4,14884,-2.17096503470221,0.457813082527368,
CLDN12,2737,-0.516410060064232,0.457857885980345,
TTF2,14659,-0.400947942070848,0.457979745894372,
GAMT,5178,0.670961229930734,0.458014465729876,
SLC9A8,12652,-0.494994910854482,0.458126172621911,
GGT6,5305,-0.295086577535866,0.458137610993122,
TSPAN32,14592,-0.480182378586877,0.458138990154357,
LINC02694,7425,2.16464231800213,0.458142782041889,
ZDHHC3,15519,0.224531578502427,0.458150509554567,
CINP,2693,0.490217217232754,0.458191910687676,
IGLV3-19,6474,-0.868618403196873,0.458224398697954,
CSGALNACT2,3177,-0.361048493884361,0.45825756849113,
GALNS,5155,-0.184879213724489,0.458261363984291,
MYO5A,8595,2.16138005060664,0.458302988527295,
ZSCAN30,16115,0.700371907870948,0.458304291788292,
HINFP,5946,-0.718011801329763,0.458315796977679,
PDE7B,9789,-0.994154769281439,0.458321112795401,
HIST1H3B,5985,-0.598994493580728,0.458512294919812,
AC027097.1,124,0.699192671510972,0.458524292614157,
CUL9,3285,-0.538108313425478,0.458613155440271,
P2RY1,9498,-0.580012760582452,0.458658587166137,
ENTPD2,4269,0.379956311481469,0.458880917930275,
ZNRD2,16092,-0.498034122977108,0.458899843875776,
ARHGDIG,893,-1.70801905399316,0.458905114736277,
RAPSN,11116,1.91974040274093,0.458954838208885,
RPS13,11654,-0.722503556450847,0.459416782606267,
DENND3,3588,0.218973430624809,0.459460449469376,
TIGAR,13796,-0.261141983305032,0.459572874307103,
ZFYVE1,15566,-0.272805332128483,0.459590216645331,
ARSB,999,0.587212519576817,0.459668806826106,
PHETA1,9943,-0.282423987649344,0.459672301340188,
TMED9,13914,-0.631515362955088,0.459675942460695,
IGSF1,6488,-0.757564985291723,0.459701615326056,
PCDHB15,9681,0.74325467133602,0.459744158536845,
TMEM81,14110,0.672751652464129,0.459831997369997,
SIRT4,12321,1.41454233892035,0.459985581420948,
ZNF419,15783,-0.437089384224184,0.460021894366162,
RAD1,11047,0.218253291326746,0.460085937697999,
SUV39H1,13340,-0.663473161189102,0.460118203594668,
EFCAB3,4067,0.611077708475806,0.460193058746232,
MZF1,8618,0.262708406075244,0.460319409320672,
EPHA2,4299,0.439879244918366,0.460345040644242,
FGF10,4847,0.799065294132333,0.460366071764554,
SNAPC5,12799,0.425305329011336,0.460456975643897,
ORC2,9425,0.394140934988666,0.46051155882083,
TMED7,13911,-0.552843217603384,0.460516860856583,
HAL,5798,0.632670897303873,0.460578428231782,
PANK1,9568,-0.868436775201337,0.460625624421603,
LNX1,7468,0.619294360666547,0.460817709849214,
ARHGAP17,863,0.213210841939294,0.46089463358903,
PRIM2,10579,0.156370294419194,0.460895159215866,
HINT2,5948,0.212162909541417,0.460951144559482,
HDAC8,5856,0.318356354661876,0.460970107091049,
ATP6AP1L,1151,-0.580772229175487,0.461000303113606,
TOGARAM1,14236,0.645526955712544,0.461046481132326,
ULBP2,14905,-0.954916640301114,0.461153518045854,
SGCA,12184,0.454153806129474,0.461319810084975,
NR1D1,9129,0.457406990727132,0.461407600865135,
MTHFD1L,8464,0.454929313180849,0.461412866021124,
GPANK1,5505,-0.565548544084666,0.461507019171213,
FAM89A,4665,-0.644076653530293,0.46154205487593,
RPL9,11635,0.165549435286436,0.461610246299791,0.827762969256731
LINC00649,7417,-1.28869106667674,0.461623438476363,
CYP21A2,3361,0.903003962338828,0.461651958268518,
DAB2IP,3419,0.197180785125754,0.461708171556393,
AIF1,433,0.278798694916109,0.461740460453257,
SYN1,13368,-0.863590113840097,0.461781730942819,
TCP11L1,13618,0.488446106750397,0.461824733253778,
USP17L2,14979,-2.14463499193563,0.46189137326129,
ZP3,16096,-0.795520364395372,0.46199507739064,
PKNOX1,10107,0.476779642000599,0.46203662786434,
MARF1,7846,0.149955468484735,0.462046770444602,
AKR1C1,476,-0.61646471333693,0.462195234329456,
P2RY11,9500,-0.45551054108416,0.462200505144241,
RAB18,10967,0.27684910635721,0.462314895269652,
DACT1,3422,0.514903191429105,0.462355479270091,
FRAS1,5021,-0.446862269257092,0.462359918387956,
PSMD5,10770,-0.439023913316477,0.462401619851736,
MYOM2,8606,-0.994142696021637,0.462417973999064,
ST5,13155,-0.329723912020322,0.462525434787117,
GPC6,5523,0.623116138510098,0.462586904557433,
NFATC4,8890,0.353588706812583,0.462681120042066,
FAM111A,4511,-0.22920430997157,0.462711854072523,
SLC5A4,12609,-1.16835996726702,0.46277714069071,
SUSD4,13337,0.886933899146565,0.462891068669253,
HINT1,5947,0.235627345420674,0.462966823280034,
PDSS1,9828,-0.706940545791995,0.463028926722526,
FCAMR,4782,-2.13096696017955,0.463041986540705,
CPXM1,3087,0.489592137577095,0.46306446215121,
RGL4,11341,-0.669071922035092,0.463103043451335,
NME1,9000,-0.176699026433064,0.463207298041423,0.827762969256731
SGPP2,12199,-0.303981745063839,0.463249001225142,
AARS2,29,0.469371724189723,0.463249466952248,
RFXAP,11336,-1.10617171247308,0.463280852117761,
PPP1R36,10482,0.881711396837069,0.463294083609898,
GAREM1,5187,-0.705881031248358,0.463304372602247,
HSPB9,6239,1.21663454898168,0.463309948533171,
LSM12,7616,0.28745861624378,0.463494051104277,
ZNF214,15665,1.14245977383137,0.463550770468305,
SMPD2,12770,-0.709829511428436,0.463623591784382,
GZF1,5762,0.391291305314727,0.463624239119057,
ZNF195,15654,0.279671243539157,0.463681534728215,
TMCC2,13898,0.581204504982275,0.463683845508899,
G3BP2,5110,-0.207791830315633,0.463821811281142,
VRK2,15153,-0.243428508361721,0.463861125019776,
TCTEX1D2,13621,-0.340033391004492,0.463941720690673,
TMEM97,14124,-0.385066104827774,0.46395678231281,
RNF6,11541,0.236976817660136,0.463988178300704,
PIK3IP1,10044,0.170402525537312,0.464034666428051,
C16ORF86,1605,0.843420408220114,0.464094585413742,
SLC25A53,12463,1.45967880543646,0.464112170519145,
LYPD3,7676,-0.98276362658377,0.464271136783678,
DAPK3,3435,0.231219006909932,0.464292538447313,
ACTR10,219,0.265319357527068,0.464308594700534,
BRCA1,1470,-0.859793879545968,0.464346176252595,
DUSP7,3956,0.170592665989808,0.464373768139149,
PROB1,10625,1.97894510334423,0.464442773337548,
VSIG2,15160,-0.404262847241492,0.464523760035883,
HTR7,6258,0.867133646191448,0.464541703091689,
COX6B2,3033,-0.550121181191398,0.464552397987331,
SCD,11914,-1.97143331271533,0.464558742791757,
GLS2,5388,1.09436697997433,0.464621604512732,
CGAS,2572,-0.381803868270186,0.46470784545268,
RPL12,11591,-0.151174142257818,0.464716211582268,0.827762969256731
SMARCC2,12714,0.120534004813503,0.464719154228706,
ABHD3,94,-0.995584435586507,0.464730812083238,
HIST1H2BC,5973,-0.324622758688779,0.464775622704038,
TMED8,13913,-0.331538765703969,0.465098827441955,
DDX31,3542,0.564087950629328,0.465173894834603,
TRIM65,14493,-0.530454168000486,0.465257715461462,
NFU1,8911,-1.37133427039425,0.465269057153752,
H2AFZ,5778,0.283807110270002,0.465559596715795,
ZNF34,15744,0.526429036463864,0.465670112505874,
IGFLR1,6380,0.468913157660734,0.465679656688792,
EPHB2,4306,0.392483076296025,0.46572640587954,
TIA1,13786,0.136355599040335,0.465918535323115,
PTCD2,10797,-0.601923653384898,0.466078113272941,
MTMR12,8477,-0.293840355762256,0.466097897755184,
NUDT8,9264,-0.622147951275183,0.466284687189876,
RPS27A,11671,0.40335793228956,0.466292048768564,
ARL14EP,936,0.678669556086194,0.466469834770903,
EMX1,4239,-1.37400605807578,0.46651420251651,
DALRD3,3429,0.497613713646283,0.466546520040759,
SH2D4A,12214,-0.481510426774663,0.466554767255273,
FRS2,5037,0.235714287690275,0.466591752083779,
SNHG6,12809,0.438683803852232,0.466710333805908,
HMOX2,6082,0.808832284334063,0.466733091670909,
MSR1,8420,0.408799356774199,0.466742051951216,
CYB5R3,3342,0.156571882134061,0.466808485101765,0.827762969256731
BAG5,1270,-0.474274876471674,0.466836362544626,
PAK1,9549,0.196208062481784,0.466869921184627,
C17ORF82,1619,-0.909316228333429,0.466965971201965,
PCDHB8,9689,-2.11475503851042,0.466986612637352,
MUC20,8517,0.227273017786771,0.467048483439679,0.827762969256731
NPL,9105,-0.475807514428415,0.467088027897329,
AGO4,404,-0.197380307486485,0.467163599374884,
SCYL1,11965,0.326250862679523,0.467182840804803,
FBXO2,4747,-0.770944276374489,0.46732619511196,
CCDC189,2066,-0.696824503168258,0.467511359565966,
PTTG2,10888,-0.772583408649058,0.467519474539111,
EEF1B2,4052,-0.606384126127298,0.467547331733164,
SBF2,11886,-0.548033072644011,0.46758282197315,
CASS4,1952,-0.490987011057433,0.467682601558301,
ABCG2,77,0.553871353800221,0.468018198558253,
GPR31,5574,2.12253808150543,0.468054689448837,
C16ORF72,1603,-0.356569272311165,0.468083826763288,
H1FX,5770,-0.413093527545965,0.468128565949107,
TMEM50A,14086,0.277325387439262,0.468256860131589,
SUCLA2,13290,0.317877357939015,0.468319688470392,
MAIP1,7739,-0.758464423813005,0.468466861401487,
ASF1A,1029,0.488616214570746,0.468540319187269,
CRYZL1,3162,0.399321825304899,0.468624873088147,
DCTN2,3495,0.205378419697885,0.468625248762132,
CDC14B,2309,0.541989064959043,0.46863640016637,
CEP131,2487,0.523518072316061,0.468636566121364,
C7ORF61,1770,2.1095819882634,0.468644136391571,
P2RY13,9502,-0.446128102325092,0.468668861731795,
ZNF18,15646,0.300135188258548,0.468675240914496,
C16ORF58,1600,0.314224299534494,0.468692251873726,
CTNNBIP1,3242,0.131841156674625,0.468708869678344,
ZFP69,15554,0.505310814846337,0.46879537620471,
IVNS1ABP,6785,-0.242089764432904,0.468881404903558,0.827762969256731
CRIM1,3121,0.291915586361546,0.468958048652914,
PINLYP,10060,-0.785463699057475,0.468965915963376,
USP49,15013,-0.870205342733722,0.469024709019697,
GTF2IRD1,5723,-0.306913945892478,0.469030999218354,
ATF1,1069,-0.792420571777221,0.469157740835875,
TNFSF11,14193,-0.679577107476299,0.469160421025787,
ANKRD45,673,-0.831888400668747,0.469246473014591,
ZNF513,15841,-0.512181533480547,0.469260277289037,
CHFR,2611,-0.207426718913986,0.469351839108646,
HERC5,5899,0.549586864899366,0.469356976035633,
EIF6,4169,-0.172167277757797,0.469428425375838,
RAB40B,11006,-0.444382072834642,0.469482468855687,
KRTCAP2,7222,-0.260420388689103,0.469574742866433,
ENKD1,4249,-0.806690875552053,0.46957658796124,
PHTF2,9985,0.311054603584302,0.469645910934442,
AP2A1,740,0.338668351922398,0.469664853509608,
KRAS,7181,2.11031873263636,0.469846480412847,
TGFBR1,13730,0.158802483104988,0.469855955497432,0.827762969256731
PREPL,10567,0.378173902588048,0.46985656221126,
P2RX7,9497,-0.700070727510043,0.469866302222463,
TRBV7-7,14419,-2.10794144500481,0.469918107386663,
USP10,14969,0.388526293529556,0.469980175111907,
LMTK3,7464,-0.737320694461614,0.46999760037404,
C1ORF74,1663,0.512819970126132,0.470042236242805,
SUMO1,13314,-0.788037652292926,0.470090691008687,
HDAC6,5854,0.113813656065174,0.470119116817448,0.827762969256731
IPO4,6658,-0.449206231679687,0.47027147407047,
SNX12,12845,-0.154474159149867,0.470362053472881,
ZNF544,15860,0.304829228942969,0.470380699950782,
PRDX4,10558,-0.180941607097202,0.470553135145342,0.827762969256731
DNAAF3,3745,-1.27257389852833,0.470574118959012,
TRIM5,14482,0.436733253680427,0.470716873582004,
ABCG5,78,1.41570523585179,0.470717604532566,
ANKRD36C,666,-0.511537878178299,0.470721157462453,
CBLL1,1977,-0.979548672613737,0.470740836151136,
ITIH5,6764,0.521496399437836,0.470828058555552,
CDH23,2353,-0.388200867013211,0.470838052517613,
COLGALT1,2963,-0.169681584772374,0.47101116478041,
INTS2,6641,0.743584995393715,0.47104913840104,
PXYLP1,10919,0.623664654226822,0.471146939915834,
NR2C1,9135,-0.396700809833236,0.471179852274213,
CD3G,2266,0.543991104555792,0.471223737360853,
RMI1,11449,0.80721415241722,0.471269371510989,
LTBP2,7638,0.381515234997344,0.471276036950845,0.827762969256731
DNAJC14,3780,-0.321514120014264,0.471285773598715,
FBLL1,4714,1.62648662877947,0.471316810010931,
GPATCH1,5509,-0.385254050181152,0.471390765928803,
RANBP1,11090,-0.316446102428248,0.471488228753772,
COLCA2,2960,0.60861393096455,0.471555511697258,
CTSW,3267,-0.623454823390754,0.471571609814113,
CCNB1,2162,-0.540707551792642,0.471577532058894,
KLHDC4,7100,0.238266203158928,0.471596989143451,
UXT,15044,0.347073728311794,0.471641406613685,
ERCC1,4337,0.251319425104158,0.471782258956547,
AHCY,420,-0.306287284238978,0.471838285071459,
CTAGE9,3220,-0.526085078161865,0.471846311930803,
SNIP1,12811,-0.961591090870845,0.471892331831869,
FAHD1,4497,-0.590008867806786,0.471894507666792,
SLC10A6,12354,-0.853156478466572,0.471916770593616,
PERP,9866,-0.167958974488715,0.47207870860647,0.827762969256731
RFC2,11314,-0.71406663545237,0.472195021905774,
CUL1,3278,0.355918613316129,0.47226891506492,
CCNG2,2175,-0.326776684458077,0.47229069210007,
NMB,8998,0.507917032945426,0.472354231544283,
ACBD5,156,0.38790656802982,0.472445496485964,
PEX3,9882,0.937683672156192,0.472591783584367,
TCAF2,13576,0.51516546915292,0.472717314406401,
FANCM,4685,-0.576814489199237,0.472735446120191,
TIPIN,13830,-0.745180735710725,0.472778965798055,
IGHV1-58,6398,-2.08158150829144,0.472807821281203,
TMTC2,14152,-0.4402519384669,0.472882008683255,
SLC35E4,12532,-0.703933263212259,0.472948814085785,
NMI,9009,0.191556694833852,0.473054785185149,
PADI4,9534,-1.04590966660229,0.473071029620685,
PPP6R2,10523,0.241974916388399,0.473088238493552,
CAST,1953,2.0870732865585,0.473106225668586,
FBXL8,4741,-0.491518076728013,0.473208427296181,
COX8A,3039,-0.124948991855736,0.473268113464331,0.827762969256731
PICK1,10005,-0.394513090477817,0.473292507574522,
ACTR3,223,-0.0791957459290784,0.473375251193708,0.827762969256731
ADAM33,251,0.60586029969966,0.473482102971301,
ZFP37,15549,1.41143315481877,0.473497336017417,
CNOT11,2871,0.485516012146782,0.473513455745992,
PPFIBP1,10419,0.201505832365583,0.473529348638084,
DENND11,3581,-0.26378209097775,0.473660497238085,
NEIL3,8847,-0.87753129337771,0.473689659370717,
NAPRT,8682,-0.274759019675895,0.473849299669627,
CYP2W1,3380,-1.31568876665936,0.473897702311466,
TAT,13501,2.05738867978452,0.473901026783035,
GLRX,5384,0.311530586965604,0.47394224622501,
MYL6B,8574,0.502919473774143,0.473989750831549,
MCOLN2,7921,-1.07372262475566,0.474121639232997,
DDX56,3559,-0.454199879971686,0.474253462236628,
ACADM,144,0.668073848882565,0.474335663164071,
PALM2,9559,0.440723232304993,0.474360555348723,
RALY,11083,-0.495780307558668,0.474404563044748,
MEOX2,8007,0.753730218726222,0.474502359027403,
MTHFR,8467,0.657546600300846,0.474509739849064,
KDM4A,6959,0.612374414567737,0.474534611694091,
UBA52,14768,0.218085243197593,0.474542162056226,
GET3,5277,-0.436968735337452,0.474563418663984,
MAPK4,7827,0.979201794679014,0.47460599900486,
DRD1,3895,1.17935531081683,0.474661816397248,
RNASE13,11455,1.90754271000299,0.474663127542658,
CCN3,2156,0.50895517567986,0.474784234510641,
WWOX,15321,-0.999374427192955,0.474797590619157,
FBXO46,4769,-0.28541749788407,0.474835192545241,
ZNF300,15721,0.526302650290743,0.474855821469495,
SAMD9L,11853,0.269928756837647,0.47489347037823,
ZNF646,15937,0.357769485930975,0.475148424452398,
AFTPH,381,0.185929496982167,0.47522334456907,
INTS8,6648,0.699147968861909,0.475236430551358,
TMEM248,14044,0.206583414035564,0.475308350892321,
VHL,15094,-0.497795892887236,0.47531201646264,
EGR2,4100,0.616166263186165,0.475327772602489,
CNKSR3,2861,-0.470282931698025,0.475364179421206,
PODNL1,10304,0.439182664327617,0.475380878054005,
TRAPPC6B,14356,0.341099246812503,0.475408505835785,
SCARF1,11910,-0.527634988045698,0.475408876223228,
ARL2,941,0.486851281952704,0.475505603546158,
ZFYVE26,15570,0.157712283188612,0.475527885353628,
EEFSEC,4059,-0.650458860780118,0.475565581269751,
TGFB1,13725,-0.461563389915107,0.475687682852025,
ATP2C1,1129,0.147570132055926,0.475723206562029,
ACAN,148,-1.30568795794217,0.475848639765162,
YPEL4,15396,-1.09389519404183,0.475869383311748,
CIITA,2690,-0.206059747880769,0.475959889375894,0.827762969256731
ABCD4,71,-0.463664812619687,0.475984034248343,
EXTL3,4458,-0.638906038894149,0.476062056311083,
STK3,13221,-0.22816947468177,0.476085593948345,
GNB5,5432,1.04966463034554,0.476104693291258,
BMS1,1440,-0.151273584258537,0.476134125646684,
ZNRF2,16094,-0.198274560484526,0.47614550883016,
NQO1,9125,0.259993697938287,0.476154516485957,0.827762969256731
ZDHHC6,15522,-0.70026887226957,0.476197772474163,
GRK2,5654,-0.271618750684389,0.476203656109024,
APOE,802,-0.407766493494183,0.476217094337291,
ASPSCR1,1051,-0.523699380551236,0.47635199749998,
CTF1,3232,-1.49083896976856,0.476442418257904,
URGCP,14953,-0.489461683511758,0.476567123985511,
TRIR,14510,0.102252023138131,0.476636809124764,0.827762969256731
DNAL1,3803,0.822426797362992,0.476652013790012,
PROK1,10631,1.32036978529031,0.476711216348067,
NLGN3,8983,0.896842442081305,0.47686258642156,
TMEM141,13956,-0.241148438159223,0.477041486762138,
LMTK2,7463,-0.549203779554613,0.477146710421857,
TAGAP,13459,-0.341129846328896,0.477208495460108,
CEP126,2485,0.857686378068883,0.477220622334123,
LOC100652758,7473,-1.65161838641274,0.477243423336242,
DENND10,3580,-0.44542646087037,0.477256589085371,
REV3L,11307,0.429923665202439,0.477283625579721,
ESF1,4380,-0.368976271872582,0.477311960240407,
PRPS1,10656,0.43651883612602,0.477418919302107,
NDUFB5,8807,0.199388593315101,0.477475478378194,
PCK2,9724,-0.322994057643882,0.477558176036311,
UBXN11,14851,-0.238589677434028,0.477694199971311,
CCDC17,2053,-0.582646981540279,0.477772697814053,
JHY,6808,-0.655674533453607,0.477804269992104,
JCHAIN,6806,0.520335650498681,0.477835882176708,
KLRK1,7157,0.473438528287575,0.477840954755075,
AZI2,1219,0.382121785272044,0.477891121519818,
TMEM253,14049,-0.906662275941357,0.477952267690553,
GIMAP2,5317,-0.456143794975126,0.477993289553409,
AKTIP,490,-0.292108491860781,0.47811606396848,
PSMD9,10774,-0.594164288433885,0.478253171257458,
RAB6D,11021,-0.463179913613172,0.478368938416404,
INTS6L,6646,-0.699748214906389,0.478377549380513,
GJA1,5335,0.506631192862189,0.478580075886861,
BUD31,1545,0.349402332802441,0.478611869390521,
EHMT2,4112,-0.516888898390292,0.47864225028083,
ATP6V1B2,1163,-0.238677761587312,0.478724375676964,
AMT,586,0.556384259577097,0.478758824161974,
ANKRD16,643,0.777899717751702,0.478817248588187,
AGAP11,384,-0.169193624792528,0.478934527529701,
HIST2H2AB,6007,-0.360193678528551,0.478945158706888,
SCAF11,11894,0.148139090981963,0.479103822805013,0.827762969256731
SEMA4G,12058,-0.334814940038187,0.479120754145707,
NCKAP1,8742,0.235877069328411,0.479174314561718,
TCAF2C,13577,-1.171837218394,0.479214991355564,
PRMT7,10621,0.633556859282146,0.479288284946889,
DENND2C,3586,0.535635469327973,0.479319476185917,
BRIX1,1490,0.523479573291884,0.479331913039038,
AKR1A1,473,-0.203916255920814,0.479402148919221,
ZDHHC17,15512,0.269338717672142,0.479436989510409,
PDE8B,9791,0.913522075994032,0.479457529941779,
RNF26,11529,-0.388349705505843,0.479468801709124,
CHST12,2663,-0.338673338864553,0.47952710079525,
ADAMTS9,273,-0.366027621189306,0.479565071098559,
CNOT2,2872,0.286252951441703,0.479641437743215,
BPIFB1,1464,-0.673883003149198,0.47965496997593,
BAK1,1279,-0.705565128834584,0.479846959043683,
GTPBP4,5736,-0.162976046858673,0.479932373058475,
PPP1R21,10476,0.364655529312849,0.479961862240852,
PTPRJ,10871,-0.14153155043455,0.479993365221568,
ARHGAP11B,860,-0.48918702022843,0.480033589563109,
GPN1,5536,-0.348264622285891,0.480057834239125,
CCL2,2137,-0.357078215770473,0.480101545188458,
S100Z,11822,0.967273400854773,0.480132725615682,
ANG,606,-0.188418861581416,0.480165718547038,
SERTAD1,12127,0.187065360260105,0.480360424778404,
OVGP1,9480,0.797873414391009,0.480376277264658,
HABP2,5785,0.631960875836461,0.480414380933766,
TRAV8-3,14389,0.740470137935277,0.480459018233816,
NPM3,9109,-0.417758315544369,0.480711435907294,
PPP2R2D,10501,0.286914817821474,0.481096185555896,
PCDH9,9660,1.17585465849507,0.48113744423764,
RAB5C,11016,-0.256638270963512,0.481139514839158,
LIPG,7433,-0.680444313126769,0.481167954451066,
LSR,7629,-0.191422589040838,0.481176536462069,
VPS33B,15131,-0.342338861565525,0.481201647686755,
GPR176,5566,0.701076424009875,0.481205669225809,
TMEM223,14027,-0.483823484018692,0.481219612036669,
ANKFY1,624,0.162964363336859,0.481242188313692,
ENTR1,4276,-0.401386646065421,0.481262292915758,
FAM83G,4660,-0.589431333779833,0.48175109286978,
PCDHB7,9688,-2.04587813502378,0.48181505082208,
GRIN2D,5649,-0.431825928314886,0.48188711661433,
CNGA1,2852,1.46333390022123,0.481888466608124,
FBXO21,4748,-0.478637032641048,0.481916391409442,
SMG6,12733,-0.663780826090607,0.482002082581691,
ZNF737,16001,-0.276698821013667,0.482026038980815,
PIGT,10027,-0.206629858833591,0.482117262720646,
MRPL24,8324,0.516067463199224,0.482150304941811,
SELENOH,12032,-0.194941191423174,0.48218082664131,
TRIM10,14447,-0.724950445242531,0.482198341436773,
HIST1H3J,5993,-0.436424970494557,0.482285644822944,
MAK16,7741,-0.187915132549568,0.482400390886734,
SDSL,11994,-0.512202081160963,0.482441094286037,
FAM220A,4608,0.610227599481357,0.482480014499525,
MRFAP1,8294,0.137883275815606,0.482562242358971,0.827762969256731
ABLIM3,108,-0.405764063135324,0.48260367732186,
ZNF852,16073,-0.913374729096039,0.482682212742483,
HLA-A,6029,0.319084534031212,0.482799587356389,0.827762969256731
ADORA3,349,-1.20562301103612,0.482806557218373,
C6ORF132,1754,-0.22610714745246,0.482830299114634,0.827762969256731
MPO,8268,-1.41193886379108,0.482840332934123,
MX2,8536,0.259687502524849,0.482927419584202,
GAS6,5197,0.297154974524225,0.482932609411289,0.827762969256731
SDE2,11976,0.372911429408178,0.483013605766035,
RBM15B,11186,0.939692689872262,0.483067573047057,
HAMP,5799,-0.95576727519156,0.48311289782524,
CD163L1,2222,0.843194558975548,0.483137217893051,
SNAPC4,12798,0.404024589746971,0.483152237128362,
GAD2,5137,1.24629013020486,0.483205559702152,
RAB3B,10997,1.51774656858922,0.483215672567447,
AHSA2P,430,-0.277114360128785,0.483307521503098,
NPDC1,9081,-0.16074358512708,0.483330820362279,0.827762969256731
RNF14,11487,-0.196054572502074,0.483391620838779,
RHOH,11395,-0.676529729584709,0.483416322904263,
SFI1,12163,0.412472633999284,0.483600110318913,
STARD10,13181,-0.232671248765334,0.48360362875446,
EEF1E1,4054,0.273083251834252,0.483639054467563,
CCDC74A,2101,-0.551122808588167,0.483716372241041,
P3H2,9508,0.537398016320214,0.48374682253493,
CYP4V2,3394,0.306690707306336,0.483862317432828,
MYOF,8604,-0.148305445037719,0.483885299736504,0.827762969256731
SREBF1,13070,-0.509184450092107,0.483932487262547,
PTPN1,10845,0.355583456811474,0.484029744270948,
NKAIN3,8961,-1.15315465821386,0.48403175715766,
DDX60,3563,-0.662750154692219,0.484059166108478,
NEMF,8864,0.341272691000945,0.484078156333677,
PRKCG,10598,-0.978889278842674,0.484112063901245,
PRR5,10676,-0.515536473666125,0.48418287340733,
CHAF1B,2587,-0.651863559564323,0.484307152370186,
TESMIN,13679,-0.933999752674121,0.484406850296057,
TMC4,13892,-0.250278959192507,0.484479964793715,
PRRC1,10679,0.258219407206588,0.48449811003201,
ADGRE2,309,-0.4816590960177,0.484551484053907,
CHRD,2645,0.584225422253203,0.484600828755987,
ZBED1,15415,0.458435076339428,0.484704815262221,
ABCB4,52,2.0429934445192,0.484723434088283,
FFAR1,4835,1.00719198699484,0.484741817433414,
TTLL13P,14668,0.897713776364314,0.484768840151245,
SLC27A5,12479,0.701896127658639,0.484866985967381,
TIMP2,13823,0.280952438172087,0.484922801641422,
ZSCAN22,16110,0.584858559811165,0.485025446933417,
DMRTC1,3736,1.435416946919,0.485045660941112,
TRPC1,14537,0.565914568387325,0.485203150504558,
NPY4R,9123,0.577682458794406,0.485212695982552,
COL8A1,2956,0.601496787449544,0.48526452997701,
AK3,448,0.580971658081902,0.485293437868737,
TSPAN6,14596,0.477551792702332,0.485299203909747,
CHRDL2,2647,-0.601573034452886,0.485331779745796,
PCDHGC3,9710,0.312848144039486,0.485357851798413,
SPOCD1,13009,-0.532715121626359,0.485364838569842,
ZNF484,15820,1.17731394529415,0.485366873779627,
NIPSNAP2,8954,0.165577332914609,0.485422010601993,
MACC1,7704,-0.302329180435756,0.485465269354607,
HMG20A,6060,1.63107983868503,0.485485584934812,
SASH3,11876,0.335770707532564,0.485691507369542,
MAPT,7842,0.866973480662208,0.485733007214786,
HCN1,5843,2.0392588740832,0.485756971906076,
NIT2,8959,0.174745246171122,0.485757723893668,
SMAD9,12702,0.866231997911663,0.485768984574586,
ABHD6,97,0.451902174005687,0.485796433940142,
MGMT,8089,-0.293756214102786,0.485883164721031,
PACC1,9525,-0.371895899557408,0.4859231020442,
SLC4A10,12592,1.25683645213633,0.486233007892318,
TSFM,14567,-0.167169209761563,0.486280969290079,
GIPC3,5331,-0.889981472006713,0.486359602078188,
TEFM,13651,-0.489349306319678,0.486385946770289,
SYPL2,13393,1.0495399692294,0.486434047274637,
SCGB2A1,11922,1.10735385735273,0.486451079075745,
CCDC85C,2112,-0.433061400888028,0.486473359276919,
SLC4A3,12596,-0.502206055663133,0.486603117365506,
RPRD2,11650,-0.252825318453506,0.486689541076861,
ZNF678,15957,-0.632300508535494,0.486698163636171,
GTF2H2C,5717,0.191409643503046,0.486779653446351,
NMT1,9015,-0.338148103852091,0.486955753900657,
DMXL2,3742,-0.328823518016753,0.486994094954975,
DPP9,3875,-0.2276055041315,0.48714938632111,
ECHDC3,4015,0.810397724193682,0.487196505022311,
PCDH15,9653,-2.02639900463553,0.487263037027284,
CNRIP1,2886,1.03195542829317,0.487304728504484,
RASA4,11127,-0.306086872844123,0.487344734578584,
IGLV4-60,6479,1.1863968623405,0.487423138020194,
CCK,2128,-0.882949150490193,0.487467144398526,
DZANK1,3983,0.564451029530987,0.487483659830806,
SPTBN4,13051,0.63441334570444,0.487583829076003,
SNHG14,12807,0.476642515760857,0.487617820518108,
SPINK13,12998,2.03542755053895,0.48763623760858,
MRPL32,8329,0.235014430372095,0.487750373331545,
DMTN,3739,-0.294473197903246,0.487857929926485,
EPHA1,4298,-0.352678415562588,0.487906205604157,
MVB12B,8531,0.387158200052903,0.487908660588849,
B3GLCT,1232,0.424172703337263,0.487914791869682,
HYAL3,6271,-0.745392313497074,0.487932901323159,
S100A16,11811,-0.434069281949563,0.487984823346554,
TIPARP,13829,0.240247513085022,0.488017195403753,
CCDC24,2073,-0.93686881453709,0.488073540866432,
KHDRBS1,6977,0.213827845295647,0.488111441427439,
PPDPF,10414,0.148384668427516,0.488167095738244,0.827762969256731
SECTM1,12025,-0.44473000601399,0.488176097941026,
RSPRY1,11741,0.169767385837572,0.488192997956267,
NIN,8941,-0.329966189962617,0.488381407617802,
ORMDL3,9434,0.213980163403138,0.488392344402878,
PPEF2,10415,2.02441436011586,0.488426623206067,
RPEL1,11580,-0.305536130708931,0.488629035105719,
CCL13,2130,0.820916153880409,0.488729363364637,
LRP8,7535,-0.402908793732788,0.488909316656138,
WDR1,15213,-0.0985956466181432,0.489025545732504,0.827762969256731
TEX29,13692,0.938093204409533,0.489083401075265,
PARVB,9616,0.373013615181047,0.489216996882641,
KLHL5,7135,0.614505476257853,0.489221279094342,
ZNF830,16059,-0.480586865009155,0.489254863810638,
RAVER1,11157,-0.163086522337773,0.489283682904402,
POGK,10310,-0.234412493687002,0.489366900191677,
ACVR2B,233,0.57422795762227,0.489472262089489,
UNC93A,14924,-2.00741212777952,0.489493008005892,
EFEMP1,4072,0.490773221192439,0.489508038781051,0.827762969256731
CLEC9A,2775,1.17164321986989,0.489569521347666,
CEP162,2489,1.07834136535159,0.489791178190993,
TCTA,13620,0.478951700371393,0.489821164959732,
PCDHA4,9668,0.650275306727132,0.489898282164038,
MSH4,8406,1.59795737250585,0.490107053301129,
C15ORF39,1593,-0.287726276163889,0.490111873115217,
TPD52L2,14289,-0.369008046270815,0.490117559386818,
GANC,5181,-0.302193363383448,0.490138481389181,
RET,11300,-0.9410937562554,0.490175927583167,
SIAH2,12280,0.386574362387136,0.490194664396894,
RPP25,11643,0.655242147147878,0.490273176267337,
GTF2F1,5713,-0.16372652161336,0.490365664443605,
PPIF,10430,-0.602914688011975,0.490467956183692,
EDARADD,4029,0.695586881913653,0.49048877315355,
DENND1B,3583,0.290739175932883,0.490521036773845,
CROCC,3136,-0.391448263015055,0.490560358277497,
HNRNPR,6109,0.543301745811238,0.490582423698856,
MAP3K19,7794,-1.4027757277294,0.49062068748382,
VSIR,15162,0.576651756566127,0.490633335468604,
DCT,3492,1.43018928942322,0.490688768789633,
ICK,6292,0.284872863835479,0.490719309447721,
MSS51,8425,0.419868065797938,0.490833799029673,
CA3,1802,-0.761258364343174,0.490966379988815,
BHLHE40,1387,-0.185566808624581,0.490972017180063,0.827762969256731
WDR11,15214,-0.182060430047263,0.49098652779165,
HNF4A,6086,-0.458436742626931,0.491018931539325,
RBBP5,11164,0.434987587700867,0.491027824241618,
EPB41L2,4285,0.56349119062321,0.49109333770723,
SYTL2,13408,-0.270248302886627,0.491109466946307,
SLC16A1,12372,0.481924857638826,0.491222549958863,
GLT8D1,5390,0.22216525644021,0.491227579056745,
RNF7,11542,0.531907810260048,0.491379633213893,
DAZAP2,3444,-0.140487894730229,0.491453236218975,0.827762969256731
EP400,4281,0.309476166633396,0.491611880257916,
YES1,15378,0.518277604530587,0.491646409899133,
DTL,3919,-0.401021368830779,0.491813825566963,
PFDN6,9892,-0.202478403790101,0.491952872775167,
ITPR1,6774,0.397087868281729,0.491987229596191,
C16ORF96,1610,2.00818485513555,0.49201581899244,
SMIM30,12753,0.305206015892866,0.492022844725417,
PHLPP2,9979,-0.579902866617675,0.492066485968989,
PJA1,10087,0.492705087821738,0.49217375823556,
ING2,6597,-0.296237478723553,0.492237339200398,
E2F8,3993,-0.642227715844147,0.492239392294354,
LHFPL6,7374,0.489050769486139,0.492266447850582,
ERBB2,4332,-0.152604904843571,0.492313818148281,0.827762969256731
UFSP1,14874,-0.631530132361778,0.492418656446716,
IFIT1B,6329,-1.13062039773534,0.492460977627876,
WDR41,15233,0.329389983741686,0.492495078268239,
DDX21,3537,-0.480640530656308,0.492523460173506,
CLC,2721,-1.20633217881294,0.492707575669707,
MTMR8,8484,-0.835678103695733,0.492778883067175,
DCAF8,3469,0.103901859798684,0.492830511940517,0.827762969256731
COPS8,2994,0.248643552758295,0.492848187236945,
IGLV1-51,6465,-0.777349048879733,0.492907051766302,
DNTTIP2,3827,0.314877422631384,0.49293481804772,
PCSK6,9746,0.23471898300281,0.492994330002123,
SELENOT,12040,0.604099729446747,0.493243075776313,
JRK,6823,0.41584412076604,0.49329160991829,
TIAF1,13787,-0.694670037133579,0.493372844176627,
PDIA4,9806,-0.323565115111866,0.493404173451503,
SULT1C2,13308,-0.389863679893138,0.493584920743456,
COX17,3023,-0.341448518281688,0.493633792990075,
GNE,5433,-0.482685438944185,0.493739246200899,
MIEN1,8116,-0.254693055709977,0.493794456232426,
MST1R,8428,-0.315002738263322,0.493820613840527,
PDHB,9802,0.235980154480576,0.493824050346812,
ARID5B,927,0.183081497474789,0.493842819146888,0.827762969256731
RALA,11074,-0.676918539195734,0.493861226858323,
SAMD13,11844,-0.545302809708141,0.493982176268866,
RBM39,11202,0.110452873626522,0.494102014469085,0.827762969256731
PLOD1,10220,0.243279442456558,0.494111381263629,
BRAF,1467,0.288237562886481,0.494154299282598,
DPH1,3862,-0.762290327427159,0.494189156918624,
PRKAR2A,10592,0.447871587661289,0.494281651915973,
ZNF708,15984,0.504566029102105,0.494320771925467,
TRPS1,14547,0.647274922529986,0.494321902318704,
CRYBA2,3150,0.880482204455665,0.494420038901653,
TRIM59,14487,-0.997026063384638,0.494420773985517,
LIMS2,7405,0.392798897827809,0.494460960173956,
GPR132,5544,0.474041328995277,0.494492576629049,
DENND5A,3592,-0.246769739264737,0.494508115881708,
ANO6,699,0.401678207975336,0.494541142317385,
ANKRD49,675,0.395616153305951,0.494547154873854,
ZFP64,15553,-0.479385454307245,0.494575541952347,
ATP9B,1181,0.824730995763117,0.494599297203678,
RBM41,11204,0.165137865049571,0.494613917795451,
TIMM8A,13819,-0.370324230922392,0.494726853819416,
LSMEM1,7625,-0.390827035821896,0.49473350052684,
SHROOM4,12275,0.765853307823231,0.494816152568522,
CBLB,1975,0.365093178788496,0.494878368194659,
STX1B,13271,0.730968561869321,0.494930264205272,
GRM4,5660,1.98770058652583,0.495015530080463,
ARMC5,963,-0.434427369986137,0.495017279954586,
SNW1,12841,0.346576724709481,0.495095138616951,
RUNX3,11785,-0.275553717245673,0.495112719700087,
MAP6D1,7813,-1.4528422387216,0.495165364693246,
PITX1,10082,-0.462607090925572,0.495180522016378,
HEMGN,5889,-0.77778470296524,0.495187847902634,
KDM4D,6962,1.98838985937932,0.495226717484358,
USP5,15014,0.207902264832008,0.495233039801395,
AAMP,24,-0.261518768449872,0.495250976440965,
HAUS1,5816,0.489381574624029,0.4952939511594,
USF1,14961,-0.190205280982998,0.495351728276159,
OCIAD1,9334,0.375834094983066,0.495353868838946,
KAT2B,6842,0.331270187374244,0.495355500843231,
CHMP4C,2632,-0.406629622122891,0.495361570444697,
NPTX1,9118,0.694045128502925,0.495362192052945,
CBX2,1992,-0.639604670849442,0.495366709731615,
FGFR3,4868,0.459214540148014,0.495564842020952,
EHBP1,4103,0.157055469119373,0.49556590393961,
MED10,7956,-1.73753234637353,0.495610418997614,
ARPC1B,983,-0.124314551859794,0.495713086056605,0.827762969256731
ING4,6599,-0.412693502682528,0.49573647155633,
SH3BP2,12222,-0.145424087434557,0.49581459978598,0.827762969256731
PTK2,10831,-0.366096684390768,0.495978436255518,
HCFC2,5840,0.603770301350388,0.496036037395085,
DNMT3B,3823,-1.98465859692654,0.496131016652954,
CHMP4B,2631,-0.105129975535444,0.49615949326116,0.827762969256731
LNPK,7467,0.173639342995852,0.496238523522648,
CNPY2,2882,0.137840749744578,0.496291943694839,
ITIH1,6760,-0.84710419913937,0.496332946658232,
STOML2,13241,0.701572230482074,0.496349597936093,
DIPK1B,3683,-0.778572645160203,0.496394049672269,
CCNT1,2186,0.248093518832024,0.496501686455068,
CEP57,2503,-0.567356839212227,0.496579631987762,
CAPN3,1894,0.29290754026804,0.496586772189466,
KANK1,6832,0.327566263685312,0.496599026573253,
CIAO3,2682,-0.545971614600378,0.496728209373525,
SPHK1,12986,-0.234608380350996,0.496886350983979,0.827762969256731
IFI6,6326,-0.253209223129506,0.496903000361197,
TMEM80,14109,-1.72421253481205,0.496909656779792,
PPP1R3D,10486,-0.555084852900549,0.496933370447369,
CDK6,2390,0.214943461658218,0.496973721569106,
RADX,11066,0.607449190810624,0.497001296238337,
MINDY1,8127,0.657725032183423,0.497023658138716,
ANKIB1,628,0.232174842608716,0.497055082818629,
SSC5D,13124,0.480722817244916,0.497129064818228,
PSORS1C1,10784,-0.436539503521728,0.497224032222072,
PET100,9868,-0.243811566653687,0.497381162018343,
HLA-E,6046,0.455048644318197,0.497387921918853,
PURA,10894,0.245474477887102,0.49749638216203,
SLC9A3R1,12646,-0.493545842495884,0.497516305800896,
DCAF16,3462,0.209169072645315,0.497553578623472,
HADH,5793,-0.821672847238805,0.497573459327431,
ARPC3,985,0.205934792110606,0.497687910330264,
FCER1G,4785,-0.203511877263174,0.497702741020736,
ZSWIM8,16126,-0.2146939325919,0.497770231277648,
C11ORF24,1557,0.22333577897323,0.497900171754641,
IGHV3OR16-9,6426,1.68871539051757,0.497900404223582,
MORC2,8236,-0.518911359528466,0.497964390221691,
MAP1S,7779,-0.100626398173779,0.49811743007616,
C1ORF162,1649,-0.565890815601152,0.498143279741283,
IMMP2L,6580,0.415286537997759,0.498227995337677,
RPS6KB1,11687,-0.178189986474783,0.498260002231248,
PPP1R32,10480,0.792557348170518,0.498355026967465,
PELI2,9855,0.244825991369864,0.498367513533217,
SCP2,11951,0.168615847502108,0.498432953297272,0.827762969256731
RTP4,11770,-0.369143810408559,0.498493116287542,
ERBB3,4333,-0.320332863250213,0.498501504061354,
IP6K2,6653,-0.115099123675619,0.49850409300963,0.827762969256731
PEX12,9875,-0.708675435892804,0.498533544903296,
RPS14,11655,0.189792797101684,0.498684540471313,
CCR3,2194,1.13862065297875,0.498687226649864,
MSANTD3,8401,0.263261167216476,0.498805205813714,
NXF1,9304,-0.714537135199383,0.498932015205913,
SLC30A4,12503,0.69119841842555,0.498977704327874,
ARRDC2,994,-0.298919851017885,0.499098135917516,
GPR141,5549,-1.1195109784444,0.499109731413912,
MROH7,8307,-0.681619853456443,0.4991390141809,
CLEC18A,2758,0.590885182660925,0.49920956380593,
TTLL7,14673,0.669189942639544,0.499222094638175,
OR2V2,9402,1.98101211384595,0.499279374108296,
SEPTIN1,12078,-0.732326546569382,0.499445414183345,
SH3BP1,12221,-0.802951310848823,0.499458290338568,
LIMS4,7407,-0.283711625628496,0.499490041793204,
GPD2,5527,-0.248879051282406,0.499497891212078,
KIF13A,7021,0.11343274437007,0.499504288128103,
ARRDC1,993,-0.193699485517612,0.499518658127398,
HES5,5906,1.56909665301402,0.499550234951084,
TXNDC9,14738,0.120355635723124,0.499718904555007,
LGALS3BP,7354,0.227500912270706,0.499728295446411,
C1QL3,1669,-1.97992115992771,0.499805440902282,
SOX21,12906,-1.07322820834005,0.499829556205442,
TRIM62,14491,-0.457314816207175,0.4999277098469,
GABARAP,5119,-0.226053311086336,0.499952584751095,
ZRANB1,16099,-0.577693105880364,0.499998378612259,
RUVBL2,11790,0.361756531481601,0.500016043147941,
NRTN,9176,1.02113452333465,0.500028050733152,
SPTB,13048,-0.597839759046764,0.5001857183862,
KIAA0753,6992,0.135957527050712,0.500221192749786,
RAB11B,10956,-0.117522023316336,0.500258203929516,
IGHV1-69,6399,-0.854313573281421,0.500365759860655,
SLC20A1,12398,0.167001198428059,0.500474562923186,
MOB4,8223,-0.495088340881507,0.500502419255978,
KIZ,7071,0.876531323676314,0.500526406368783,
CLCN4,2728,0.51554697736942,0.500589727037265,
EIF1B,4120,0.199445663576806,0.500652835141886,
ARRDC4,996,0.173112260782527,0.500704435039383,
C17ORF97,1620,-0.577335788666065,0.500728571122918,
CDH17,2349,-0.407096098999948,0.500753681958272,
TMEFF1,13915,-0.592788941351701,0.500776252131941,
SMOC1,12766,0.744356577177487,0.500800638931521,
SRSF1,13103,-0.133892437932204,0.500902938927675,0.828447241903318
PAIP2,9547,0.21138101235854,0.500955003806141,
PPM1F,10445,-0.273426910156711,0.501171508078043,
RPL18A,11598,-0.195594345158708,0.501214455716011,
NANS,8672,0.221810682033425,0.50124270908394,
RAB36,10991,0.699766822509546,0.501251820821399,
CPS1,3073,0.794646127493943,0.501373549423728,
QPCT,10937,0.315285372738568,0.501382615817821,
FSTL3,5051,0.295990102517786,0.501393431676962,
SP110,12915,0.2301863331111,0.501412297850256,
TRAV8-1,14387,1.42593198596803,0.501497381940206,
UQCR11,14944,-0.769492316219392,0.501516626379393,
HSD11B1L,6191,-1.11550294848676,0.501523413630773,
PDLIM5,9818,0.183249171362005,0.501576454871862,
ZNF814,16052,-0.730347549878208,0.501686153353494,
HIBCH,5933,0.349513992910162,0.501707294550641,
ADRA2B,357,-0.7165287844968,0.501820231385352,
BHLHE22,1386,0.801200465992992,0.501821260827864,
PREB,10561,-0.359182612825417,0.501927310316407,
RNF111,11471,0.340772197123491,0.501975973843371,
U2AF2,14759,-0.11709928520689,0.50198452401819,0.828447241903318
CD44,2270,-0.131268369487153,0.501995912380078,0.828447241903318
TFEB,13710,-1.01694097612021,0.502051127575605,
PPARG,10407,-0.383244070092104,0.502086715102305,
MYEF2,8561,0.552950423785163,0.502123528879693,
TIMM23B,13815,0.30221861120524,0.502195056858533,
7-Mar,8,0.152144396944174,0.502256806596297,
PBDC1,9631,-0.320017504824251,0.502277662219601,
BRIP1,1489,1.27464513301389,0.502337530244935,
SLC9A2,12644,-0.486974568731445,0.502460694328088,
PRDX5,10559,0.226681572688809,0.502464975887122,
FAM189A2,4583,-0.936282953958193,0.50257209759799,
BARX2,1287,-0.421456951554934,0.502641668906556,
GFM2,5284,-0.409939885694342,0.502663244692552,
ARMCX6,973,-0.321692102414882,0.502711424364774,
NUDT10,9245,0.704043471292115,0.502768503346968,
UBE2J1,14799,-0.185571726101236,0.502769706783341,
SH2B3,12208,0.495910477184631,0.502773734787039,
LRRC1,7539,-0.354657882374712,0.502822013946262,
PEPD,9861,-0.431181394482733,0.502830417887676,
CAPS,1904,-0.393335897060636,0.502843422533771,
RPL13,11592,0.134376187742234,0.502872544863669,
KIAA0232,6985,-0.430498258085009,0.502876111462364,
ZNF771,16019,0.573343540305126,0.50289787996143,
CUX1,3288,-0.140503527622207,0.502995656538796,
EDC4,4031,-0.286430407235595,0.503078508539262,
PTPRU,10880,0.45500423523397,0.503177693502556,
VEPH1,15087,-0.836886176001539,0.503180193813159,
SUPT7L,13328,-0.258117307881178,0.50323312895179,
MTF2,8455,0.128132003820335,0.503288902462237,
C5ORF30,1746,-0.418884957669045,0.503321305388659,
TMEM164,13973,0.284465173863257,0.50337660897528,
MMADHC,8178,-0.342920500754732,0.503440036678725,
GNGT2,5441,-0.773019463367427,0.503573465723668,
BBS7,1307,-0.547019446961899,0.503580034069955,
FASTKD1,4699,-0.55789260775484,0.503592736450974,
HRC,6173,1.21119500028258,0.503713323959819,
TMX3,14159,-0.292059589181993,0.503734275833104,
CASP10,1937,0.424538975155843,0.503781677602431,
P2RY12,9501,-0.981103424165997,0.503790571158346,
RAD51D,11059,0.686944217026854,0.503988213797269,
AKAP9,469,0.0905491204347542,0.504016956377925,0.83008506897344
UBE2D2,14788,0.460738226820004,0.504019378916192,
TRMT2B,14523,0.418388478548169,0.504043370312206,
AMMECR1,576,0.433960773610045,0.50405104404762,
GAL3ST2,5148,-1.22869779312563,0.504256693065363,
TMEM190,14005,1.94581209144385,0.504416023930914,
SYNM,13386,0.633216643681061,0.504482377092743,
DUSP15,3944,-0.903982864784312,0.504516590583085,
PKP2,10110,-0.233780989848465,0.504532481968082,
PDZD2,9834,0.966408610542822,0.504539733615071,
ZNF510,15837,0.414317896859916,0.504746126323838,
STARD5,13186,0.426218022268091,0.504827086343141,
B3GALNT1,1224,-0.51298916411387,0.504970923661871,
BUB1B,1541,-1.33828378880823,0.505290880003456,
ZNF423,15784,0.49020949306746,0.50536564423098,
ANKRD20A4,652,-0.513779787469553,0.505406359752079,
TNPO1,14220,0.352800171169342,0.505556556415069,
TOR1AIP2,14262,-0.179866237735118,0.505578830418425,
TFAP2E,13701,0.714057339197787,0.505764851853055,
HES4,5905,0.301637306849199,0.505783720333891,
LLPH,7441,0.219306330862095,0.505856556700695,
PRSS35,10704,1.93995883982352,0.505916061217085,
ANAPC11,598,-0.39278329908813,0.5059488242186,
EPHA7,4303,-1.9448776676019,0.506031759867782,
GABRG3,5133,0.565600032917798,0.506043784024538,
C10ORF88,1554,-0.288967758984371,0.50609469218566,
CHD2,2599,-0.122989990714422,0.506108313761801,0.830677982180699
FRMD6,5033,0.482215897819177,0.506139611156907,
DCUN1D5,3505,0.565417644875786,0.506173840283809,
SLC25A2,12433,-0.656824553507975,0.506239445537146,
BTBD3,1516,-0.196263329456894,0.506247242087997,
TRGV4,14438,0.619496964186903,0.506357574037567,
PF4V1,9886,-0.904504604251906,0.506527838068839,
SYT16,13401,0.6380252347433,0.506544722590563,
KCTD20,6942,0.157698411760852,0.50663893308118,
HCST,5846,0.299940386674183,0.506712963338652,
MT1F,8435,1.02253585885819,0.506794675984581,
SST,13136,-0.658581879069848,0.506871707204237,
SCAPER,11905,0.289432073272594,0.506899484672672,
ZNF468,15811,0.55058531247737,0.506908730875465,
ARHGEF17,901,-0.479537391680687,0.506935081777666,
GANAB,5180,-0.15306481192528,0.506998349795421,
CLIC2,2780,0.406553067608974,0.507016437780179,
CTNND2,3245,-0.634441664928593,0.507092798537789,
ANGPTL2,613,0.398207965779914,0.507140806902449,
CBFB,1973,0.135739589790355,0.50716804349248,0.830677982180699
TTLL9,14674,-0.478818434057557,0.507233565084737,
DFFB,3613,-0.566405806615704,0.50732039257645,
HNRNPA1P48,6092,-0.162944220893049,0.507489454295232,
NARS2,8686,0.313391929415177,0.507626095178949,
ZNF670,15952,0.379986864424377,0.507717851430536,
SLC30A7,12506,0.170532704613127,0.50773539217387,
HIC2,5935,-0.588293029700185,0.507790185020179,
LINC00672,7418,0.86834603973121,0.507889997580121,
AC106795.1,131,-0.221512125837911,0.507896253067179,
EXOC1,4430,0.531013595728106,0.507917547178689,
AKR1B1,474,0.262437284349205,0.508141034114936,
ACY3,235,-0.541210475282636,0.508143773306289,
WDHD1,15211,-0.839090357736734,0.508177535706692,
TARS,13481,-0.767539989748374,0.508177622678519,
NOXO1,9072,-0.947136219340891,0.508211825960612,
ST13,13144,0.780474051371035,0.508288493205186,
JAKMIP1,6798,-0.947866762661672,0.508303901483409,
GNL2,5443,-0.339048239794041,0.508346798098298,
MINAR1,8126,-0.660719576618573,0.508362435608822,
ZNF527,15852,-0.694150891626426,0.508393889284805,
WIZ,15291,-0.172334935219474,0.508436273166937,
SV2C,13344,0.996081060994108,0.508439983910304,
CASP7,1945,-0.313933959986476,0.508465607231116,
MTHFD2,8465,0.313685512013019,0.508493742688707,
CAVIN1,1966,0.290288186780636,0.508504329592772,
TM9SF4,13886,0.304252791882423,0.508514791911151,
P2RX5,9494,0.912654205165936,0.508608888334598,
PIGR,10025,-0.325197092008883,0.508642511714819,0.830677982180699
MAK,7740,1.14835646700525,0.508737151132912,
SFR1,12168,-0.620569517609935,0.50876188577312,
MUL1,8525,-0.350643116931635,0.508808732465904,
ANKLE2,631,0.316568415152462,0.508816989619479,
MMP17,8191,0.683463541297044,0.508831337655566,
TCAF1,13575,0.686618848981656,0.508896662819727,
ETNK1,4403,-0.121973187407942,0.508991843048412,0.830677982180699
NKPD1,8971,1.86993601790888,0.50919120691991,
TNFRSF25,14187,0.62723500671566,0.509253874488629,
FOLR3,4974,-0.736074580243298,0.509312761467154,
OLFML2A,9366,0.421617592701807,0.509377282743005,
WNT2,15299,0.654219737117137,0.509413320477482,
TMSB10,14147,-0.103230259021092,0.509523669367344,0.830677982180699
UGT1A5,14885,-1.52654353404401,0.509592065962488,
SLC12A7,12361,-0.14817813511353,0.509642153520481,
HOXD9,6151,1.1339777225975,0.509659534739769,
IGHV3-53,6418,-1.22233308071222,0.509738598900729,
SLC36A1,12541,0.293177367997589,0.509943927407418,
CAPN11,1888,0.795669863385543,0.510046060052019,
RRP8,11722,-0.575903758091114,0.510147787641841,
ZNF529,15854,0.367002706922956,0.510157396687454,
GNPNAT1,5451,0.439078605641194,0.510437573922984,
RHBDL2,11379,-0.421999411508967,0.510484940859209,
ARF5,843,-0.309301280263745,0.510508025444674,
SNAPC3,12797,-0.265764291312329,0.51054793766797,
ARL4D,947,-0.582640567611644,0.510627999558244,
BATF2,1290,-0.585879164731903,0.510706782912761,
SPACA9,12928,0.663417433166585,0.510749190862993,
COPRS,2986,-0.223170457748049,0.510835790012238,
BCS1L,1356,-0.505537462258795,0.510976311604061,
UBE2Q1,14808,-0.16454684641371,0.510985531281898,
FUT5,5076,-0.258650052710734,0.51098596694213,
SLITRK1,12678,1.92136068915563,0.511020122434803,
SETDB1,12147,-0.320737209119468,0.51102077354946,
CTC1,3224,0.254062410604559,0.511060553131154,
TMEM40,14077,-1.00753672615181,0.511236954385536,
TDGF1,13626,-1.02553585404907,0.511292117915959,
NUP210,9280,0.242076831221761,0.511395705133436,
CHST14,2664,0.455362951356828,0.511402284864238,
RSPH1,11734,-1.90929346674442,0.511569531210437,
WIPF3,15288,0.687891245558905,0.511644886990017,
MRPL15,8315,0.479345766070513,0.511657992228752,
GNA14,5418,-0.513369130272576,0.511674283019768,
BYSL,1547,0.407034184461155,0.511696306527213,
SLC35G1,12538,0.845911745174938,0.511705935525973,
TRAF5,14332,0.737916160821401,0.511755768472252,
ATP10B,1108,-0.408984940883024,0.511855699750364,
DCST1,3489,1.12086267148173,0.511904283730473,
CBX7,1997,0.4762186883764,0.511918624823703,
FYTTD1,5097,0.318724299839703,0.511926970011962,
TOM1L2,14241,0.348010920434784,0.512013066766612,
KLHL29,7123,0.523718921501199,0.512037124897268,
PDCD5,9763,-0.111595276162494,0.512050310815196,0.833114114572305
C4B,1732,0.328516139707818,0.512103919251604,
MTO1,8487,-1.10436456648829,0.512172254479469,
UGT1A9,14889,0.877359342058325,0.512318789934573,
PNMA8A,10283,0.683630129380415,0.512321386998921,
SPDYA,12970,1.64995067544645,0.512352190221998,
PLEKHG4B,10192,1.90445527961994,0.512417725729913,
MAPK12,7821,-0.490843806357675,0.512486275127431,
TFB2M,13704,0.436627537004633,0.512490199944044,
ELMSAN1,4194,0.549375840619769,0.512521247610717,
EML6,4234,0.792965083085199,0.512599667061868,
SRGAP2C,13079,0.167629049712563,0.51262607834866,
MTOR,8488,0.332285630324979,0.512648735239709,
MAP4K2,7808,0.492869733241439,0.512805801575492,
PGBD4,9912,-0.643903053725616,0.512809192831719,
HSPA5,6229,-0.147667479550901,0.512882875187831,
MAPRE3,7841,0.397582578913071,0.512982739604945,
TTC30B,14640,-0.658965292533143,0.512990622234097,
HSF4,6212,-0.29109768223336,0.513008456698687,
PRR13,10662,-0.131477175718746,0.513224990611903,
SAMD5,11850,-0.530207543500429,0.51323396001843,
FAM234B,4618,1.0572648370145,0.513264611053139,
GPR137B,5547,-0.210529182024721,0.513333415360612,
SOSTDC1,12894,-1.28690006419661,0.513338528174571,
RSAD2,11726,0.572611326719575,0.513348414796399,
TIMP1,13822,-0.211354492240014,0.513382494324967,0.833600951549795
ELOVL6,4202,-0.642059203197045,0.513394191019439,
NAE1,8656,0.321918663416708,0.513399970008752,
RPGR,11583,-0.449682937515311,0.513403092726174,
HELZ2,5888,-0.272690901723997,0.513474075992695,
P3H4,9510,-1.14805244318932,0.513488947913882,
SPATA9,12958,0.743655374412937,0.513553462200685,
NEO1,8868,0.242034692367489,0.5136270754179,
SLC50A1,12601,-0.186138669904513,0.513641913318025,
TMEM120B,13934,0.510183271027779,0.513853768364139,
RIPOR2,11437,-0.512112433865267,0.513866245438576,
PLOD3,10222,0.415272760721417,0.513983727575239,
ALDOC,521,-0.582532175496881,0.51400185172549,
PTPN4,10857,-0.269966930062509,0.514042750019398,
SF3A3,12157,-0.219766401982204,0.514074671038662,
PTCHD4,10803,0.634539249963558,0.514128790801181,
CLECL1,2776,0.713515690574118,0.51412943525839,
GIMAP1-GIMAP5,5316,-0.361750547534554,0.514250993916475,
TRPM8,14546,-1.89688274333574,0.514263538601847,
SERTAD2,12128,0.289787776435266,0.514281937772085,
PAX5,9625,1.26876632775019,0.514289516929581,
UTP18,15031,0.448444851224738,0.514468916164169,
DPF1,3859,1.90129858362394,0.514486730016628,
NDUFS1,8815,0.37093570338898,0.514490736178971,
LYL1,7671,0.312310438746852,0.514495058263361,
TLR6,13866,0.532085815816542,0.514540618971627,
MTA3,8444,0.279675374676794,0.514564483901073,
IFRD1,6343,0.267037668100595,0.514606702985338,
MRPS33,8377,0.441167705721545,0.514766230403489,
CDH24,2354,-0.486666852028232,0.514818394948333,
DRC3,3894,-0.573686757510633,0.514907353925831,
SUDS3,13295,0.172678558716145,0.514957947423155,
POMT2,10375,-0.292795578849422,0.515041674645958,
PANX2,9574,0.631126625718644,0.515106925466366,
MAP3K14,7793,0.255450170592734,0.515178281739517,
MIER2,8118,0.306204022193594,0.515338004851145,
CLDN23,2742,-0.265681047351445,0.515415342274425,
SIX1,12327,-0.866419710158531,0.515437924027452,
GRTP1,5669,-0.259211418863195,0.515475683025069,
FHL2,4881,-0.375841452797411,0.515492154875974,
PRPF19,10642,-0.223630037079644,0.515527670128536,
GIT2,5334,-0.549044140710644,0.515599001009188,
SYBU,13356,0.665494270743713,0.515609541969637,
IKBKG,6502,-0.44052127465156,0.515700858870634,
GPER1,5528,1.37468644842631,0.515800910768454,
WNT4,15302,0.454981305163861,0.515917314815424,
C2CD4D,1701,1.88808842277453,0.516216913344864,
COL16A1,2928,0.236897763669157,0.516243106401589,0.835535624935329
APOL2,805,-0.244086397311251,0.516245872409318,
DEPDC7,3600,0.6533251721149,0.5162539429626,
TRIM33,14467,-0.545211311636497,0.516375941385361,
ZNF397,15771,-0.267510875392561,0.516413810339693,
PTPN23,10855,-0.370821090799749,0.516461956666911,
ZNF107,15615,-0.391577351413978,0.516503618692809,
THNSL2,13764,-0.336820235016181,0.516648800834981,
EPN3,4317,-0.37871602896139,0.516672593087495,
KDM6A,6967,-0.437717278907549,0.516722203840515,
PLCB3,10151,0.272769365346012,0.516747238691008,
SYNE2,13375,-0.32450442793048,0.516785887776824,
LRRK2,7600,-0.322550893329053,0.516871173298927,
PRG2,10571,-0.637238427322513,0.517011025824838,
KPNA6,7177,-0.155355750074249,0.517051842171728,
BMT2,1441,0.4969065556025,0.517209281743774,
DCC,3473,-1.89510783547503,0.517243801183856,
PPIP5K1,10438,0.203940396266109,0.517353925788933,
OLFM1,9362,-0.505825125142741,0.517391230241262,
ANKRD65,683,0.692586030368218,0.517420521865944,
PLCXD2,10164,-0.449528381060106,0.517500533232616,
ZDHHC7,15523,-0.69272074347153,0.517519062615081,
FPGT,5016,0.873603126417566,0.517527393044764,
LRPAP1,7536,-0.366198368693447,0.517608675152976,
TMEM14A,13960,-0.204970574103819,0.517717053354208,
CYLD,3355,-0.337191902450294,0.51780605098957,
KCNS3,6927,-0.387522185437905,0.517832484715767,
CCL16,2133,1.88283494105498,0.518004780392093,
CERS4,2522,0.721004467116668,0.51801488717055,
RIMKLA,11418,-0.825338210609538,0.518061811051567,
TMEM86A,14112,-0.37733428002608,0.518120976188245,
CYP27A1,3364,0.243408610540617,0.51819842507926,
IAH1,6277,0.235277540097124,0.518333721447008,
CHTF18,2674,-0.97277926456895,0.51834692729315,
ASH1L,1033,0.317438173355941,0.518437402256288,
HLA-DQA1,6037,0.499826640593178,0.518438196812846,
BCAP31,1312,-0.119233933095016,0.518494792300713,
MAD2L1BP,7711,-0.872259681934842,0.518507528586414,
TBX21,13568,0.642867966093716,0.518578193197536,
PAQR8,9588,-0.319913645675684,0.518646660460353,
CCDC142,2034,-0.525365765085919,0.518844430380633,
TSEN34,14565,-0.233871101470386,0.518852402365912,
NINJ2,8943,0.422573384719727,0.51887095241064,
AFF1,373,0.248235784420495,0.518904369679124,
C9,1785,-1.49839040846888,0.518904592046475,
RPGRIP1,11584,1.27679204030429,0.518925744879789,
PCDHGB7,9709,0.557529975125613,0.519028392893986,
PEX19,9879,-0.550675900455073,0.519030154811027,
TRIM51,14483,-1.16039800472259,0.51905711126004,
ZNF460,15808,-0.136498162092681,0.519129405670367,0.835535624935329
CCL21,2139,-0.559850849469467,0.519189696195512,
YTHDC1,15399,-0.139201131016757,0.519258712236453,
LIG4,7386,-0.350232133119485,0.519277719989701,
ZNF736,16000,-0.906912907574432,0.519302718666429,
CEBPZ,2439,0.14561730201148,0.519437727469653,
TBC1D13,13513,0.251242726036502,0.519487244675422,
IL17RC,6525,-0.502553468861422,0.519514137203441,
HSPE1,6243,0.25658259349304,0.519631372070431,
EMP3,4237,0.166558198291665,0.519792081826839,0.835535624935329
RHBDD3,11375,-0.3040997993738,0.519928534976097,
ENO3,4253,0.548110036294442,0.520061931441194,
SFTA2,12177,0.466397436366217,0.5200620364564,
PYCR2,10922,0.317853041362747,0.520136254998209,
CLDN6,2746,-1.03753820878617,0.520139028468462,
ADAMTS17,262,0.624812127786272,0.520149745396014,
TP53I11,14274,-0.490633414895283,0.520156096062186,
ATP1A3,1119,1.05607734150081,0.520182300604888,
ALG11,525,-0.41798962925738,0.520197954255113,
IQANK1,6665,-0.611930685514693,0.520393853178228,
SPPL3,13021,0.217131507326711,0.520406735089641,
FAM71A,4643,-1.87177196232239,0.520482834537352,
FAM47E,4634,1.14045039951476,0.520497445678986,
C22ORF34,1693,-0.588898038160616,0.520612642199737,
GPR3,5573,1.77563021118359,0.520614754571909,
GML,5408,1.87211369759581,0.520687832650004,
FCRLA,4811,0.801288077517991,0.520711662954958,
FGF7,4857,0.446537734782802,0.520808564865458,
SHISA3,12254,0.721107035539367,0.520903443621468,
ZNF124,15621,-0.224005886609091,0.520974678700298,
ALDH2,509,0.181711485136453,0.520980212187744,
UBE2R2,14812,0.150229473319969,0.52102876073128,
PPM1L,10449,0.753496702991718,0.521141930643998,
STARD3NL,13184,-0.546726072245005,0.521247375178872,
ARHGEF4,913,-0.605167020255228,0.521298979939564,
STAR,13180,-1.86961948232702,0.521347668815541,
PCP4L1,9741,1.88098983323836,0.521438025528459,
SCHIP1,11925,0.711194478715437,0.521473908412252,
PPP1R1A,10472,0.679800960316918,0.521504644260626,
CLIP1,2786,0.399149769378499,0.521574331460548,
RPS27,11670,0.142979883515595,0.521590962398747,0.835535624935329
HLA-DOA,6034,0.537026867271184,0.521643139709993,
ETV4,4409,-0.440205298303447,0.521657629438918,
ZNF446,15803,0.442646078856018,0.521730796941511,
PEAK1,9844,0.273084543563472,0.52173231177243,
LRRD1,7594,0.782233873936601,0.521764208788999,
PIK3R5,10049,-0.468538082876794,0.521825417994759,
ZWILCH,16130,-0.393300550101555,0.521991079849481,
USP32,14995,0.315553037260567,0.521991284003781,
PDCD10,9757,0.166162363579743,0.522067534528299,
ELOF1,4199,-0.297077709614698,0.522104142827683,
MTM1,8473,0.257296178141421,0.522115100159644,
TRBV12-3,14395,1.10599159661476,0.522228663051037,
SLC25A18,12431,1.18431684710146,0.522285622590799,
ACAD10,139,-0.230543444761971,0.52231646115924,
RTKN2,11754,-0.890699347777323,0.522589783334233,
GNA11,5415,0.794622733330324,0.522641846216916,
AP1M2,736,-0.209120815276785,0.522642233268693,
ZNF366,15758,-0.611785388768576,0.522708786315998,
CCDC34,2081,-0.490895319742021,0.522730754946869,
DNAJC21,3787,-0.137632091222424,0.522782359995638,
STRAP,13251,0.268224731070073,0.522826447759595,
IL16,6520,0.366800779444914,0.522862942147794,
ACO1,171,0.20117443103839,0.522872226887174,
MAB21L3,7703,-1.03354983987562,0.523136954130778,
CLIP2,2787,-0.217432333419336,0.523351570897904,
SYNGR2,13380,-0.15613302722952,0.523464605218232,0.835535624935329
C6ORF226,1760,0.529001063544012,0.523525787856734,
FAM171B,4568,0.473057316408469,0.523546836595903,
BLOC1S5,1418,0.319707565157541,0.52361166105376,
FGD4,4843,0.104501875595914,0.523675899104005,0.835535624935329
ABCA10,38,0.654082650377245,0.523702344298333,
FAR1,4688,0.341463733217887,0.523778962226593,
OAZ3,9327,1.46259359620719,0.523779532331152,
RUSC1-AS1,11787,0.72814083709458,0.523841040741327,
LST1,7631,-0.307385048635872,0.523848132376664,
MRPS2,8367,-0.581454988691396,0.52385775215296,
HS2ST1,6179,0.258657497564967,0.523892844863972,
PCDHGA6,9699,0.449115457350285,0.523967310400451,
OGFOD2,9352,-0.348207237962994,0.524060598805929,
SAMD9,11852,-0.223516283469773,0.524202514250964,
KMT2A,7159,0.148535081456922,0.524217206186202,
CEBPB,2436,-0.228101071044545,0.524219955996858,
NOD2,9029,-0.663560448859818,0.524248368692543,
FNDC4,4964,0.485738855778915,0.524251882772182,
SFT2D3,12176,-1.07811813435524,0.524264524767016,
ERAL1,4329,-0.218324014339153,0.524347532321927,
SKP1,12339,0.328430044146088,0.524414596501537,
STEAP1B,13202,-1.42530523912409,0.524598255330684,
CDK11A,2368,-0.345762207105014,0.524668119026284,
TRIM58,14486,-0.617312708875154,0.524673557077765,
RBBP6,11165,0.132243453979377,0.524794746681511,
C20ORF194,1683,0.394896338427172,0.524892953338666,
ZNF793,16042,0.575451604667668,0.524913471107478,
ESAM,4376,-0.385489675119153,0.524931147870415,
CPSF6,3079,0.931413338777871,0.524953238763873,
ABCD3,70,0.368006822158018,0.525050538080232,
MGAT4B,8084,-0.141397949006561,0.525365852658297,0.835535624935329
JRKL,6824,-0.437368320833803,0.525386646452517,
SS18L2,13118,-0.41236781252208,0.525419450599561,
XRCC1,15354,-0.210500241966987,0.525467488951097,
PPP1R9B,10493,-0.181263082961186,0.525471446243287,
SLC17A5,12386,-0.164440443395731,0.525504653210971,
RBM3,11198,0.235309427547688,0.525532421308896,
PDCD1,9756,0.897511008234338,0.525592542592273,
IER3,6312,-0.30301547964652,0.525635140933662,
ANO8,701,-0.334626481485363,0.525645068829407,
DPM2,3869,-0.496343915721679,0.525713507894986,
DTD1,3916,0.259025703079829,0.52575861840523,
PNN,10285,0.121120644495849,0.52577783665127,0.835535624935329
COPS3,2988,0.528597307883716,0.525799711285559,
LRIG1,7520,0.24424926192241,0.525901957874005,
PRKX,10613,-0.551681374107268,0.525918577417056,
PGAM1,9903,-0.234005678344836,0.525994230845456,
ZNF75D,16009,0.366664758304968,0.526102452396855,
COA5,2904,0.39964348903366,0.526130390572978,
CADM3,1842,1.14420197005472,0.526156227194559,
LYSMD2,7688,0.426758460021212,0.526502443650547,
GLYCTK,5398,-0.293808914472285,0.52653393483473,
ZNF329,15735,0.319975105328163,0.526671922918436,
LDB1,7314,0.15705289359795,0.526768389274929,
DLX6,3722,1.8486689093815,0.527028187316368,
TLN1,13858,0.158979062062043,0.527033992189186,
RHPN1,11402,-0.311609976907374,0.527041328331041,
RAB21,10972,-0.100889943460275,0.527056689588855,0.835535624935329
FAM241B,4621,-1.11457353885932,0.527063619088647,
NRG3,9161,-0.691645313278945,0.527178493021615,
NHLRC1,8925,-0.778787514378432,0.527207474784377,
PIK3C2B,10037,-0.520523448328346,0.5272485781486,
USP15,14974,0.547561301126625,0.527306098063548,
XPC,15343,0.230204270799087,0.527367150260546,
MYSM1,8614,0.400362419604567,0.527375171047235,
NR1H2,9131,0.250594194273816,0.527402875422608,
ZNF610,15915,-0.668382506237069,0.527461028459866,
FARS2,4692,0.473607664385443,0.527545815835923,
SSU72,13141,0.0991510263866387,0.527622943306905,0.835535624935329
ELL,4185,-0.167935285518807,0.527639055449469,
VMAC,15107,-0.163341721431266,0.52765368312741,
MARCKS,7843,0.236856597829407,0.527667888883161,
ZNF781,16029,1.84198008107906,0.527678588257593,
FAF2,4495,-0.449677355344267,0.527702224884739,
LRRIQ4,7598,1.85263368093949,0.527766502205508,
RBM24,11193,1.1102804092958,0.527941227313209,
COP1,2979,0.222762134638882,0.527986623772047,
PDIK1L,9809,0.774424145387336,0.528045462750846,
SMYD2,12783,0.521324262400889,0.528047120634286,
TERF1,13672,-0.327952883726885,0.528058519255456,
LRRC66,7581,-0.583367731030624,0.528135653136423,
SYP,13391,0.528944147909005,0.528268023843718,
KTN1,7227,0.419423676924205,0.528346240434791,
EFCAB5,4068,-1.05937641069646,0.528375934365103,
MICOS13,8107,1.13604332514933,0.528405314073147,
SLC38A9,12555,0.317630980744504,0.528428049736966,
SMC1A,12719,0.471036288767567,0.528444736789558,
CTSF,3259,0.421059262357075,0.528493111811404,
SIGLEC9,12295,0.274638241741767,0.528514328469661,
PRR11,10660,-0.717699916063268,0.52851795112233,
PROSER1,10637,-0.504036619734588,0.528524082271703,
ATP5MC1,1138,0.864003901965476,0.528579774400904,
BBS9,1308,0.473802272328904,0.528613452744122,
TLCD4-RWDD3,13845,-0.385859343559584,0.528632443829143,
WAC,15185,0.304069617916988,0.528685700035845,
HERC6,5900,0.464880395359809,0.528699915021854,
ZNRF3,16095,0.343375634824976,0.528707693639869,
SLC6A13,12619,-1.32458598118067,0.528788311979927,
NIPA1,8946,-0.464028939530805,0.528827531469212,
HPS6,6167,-0.26150838348091,0.528862195427077,
CARHSP1,1919,-0.295638341080189,0.52886570993066,
FBN1,4719,0.740093672530504,0.528933629213847,
POMGNT1,10370,0.279639317495345,0.528953087201111,
RIPK2,11433,-0.159837016843319,0.529024387458077,
LGR4,7366,-0.43758541042444,0.529232441079563,
GTF2A2,5709,-0.475298405356791,0.529260591703512,
TRIM8,14499,0.0841199425305787,0.529271354601887,0.835535624935329
IFI27L2,6321,0.30317112295457,0.529298930815359,
GIMAP4,5318,0.19967102249453,0.529416463576049,0.835535624935329
SLC9A6,12650,0.462868304306593,0.529656633138568,
NAF1,8657,0.297832572465248,0.529788709716371,
AQP11,820,-0.744271289974296,0.530001978769129,
VRK3,15154,-0.423602767187615,0.530014060374329,
C21ORF91,1692,0.700266183947994,0.530186316506761,
NHLRC2,8926,-0.146546866548912,0.530189246668284,
ZNF654,15941,-0.367244377493969,0.530210093775478,
LSM6,7622,0.176360992259955,0.530295306546274,
ALDH7A1,516,1.54961830704214,0.530394538772396,
SIRPB1,12314,-0.288237031383421,0.530497726686054,
PSMC3,10756,-0.197883874571819,0.530530185403641,
TMBIM6,13890,0.104840247983943,0.530589174345311,0.835535624935329
AURKC,1208,0.638567948094321,0.53061240434021,
HNRNPAB,6095,-0.1332767348389,0.530624976017887,
GALNT9,5172,-1.42128923876005,0.530662766851846,
HBP1,5832,0.0979136922236019,0.530946258471131,0.835535624935329
LAMTOR3,7265,0.43215052851255,0.53099136745294,
RPS28,11673,0.143444956619912,0.53108955608037,0.835535624935329
ZNF233,15680,1.10322282285376,0.531100893580146,
NRN1L,9171,0.995660780823965,0.531108170181339,
SLC22A5,12412,-0.21604693475978,0.531219182685153,
EDAR,4028,-0.699076657194014,0.531224417068829,
PLPP5,10230,-0.307516609370805,0.531272030808777,
CCT2,2206,0.311144208498441,0.531335043149832,
SLC2A14,12490,0.531932337086527,0.531381332584368,
PRICKLE1,10574,0.328772127215272,0.531469846184873,
TTC28,14637,0.54387005946594,0.531531790279266,
NOXRED1,9073,-0.904934534312512,0.53160630639829,
GPR52,5582,0.802745925667912,0.531635895488719,
ECI1,4017,-0.120317183113403,0.531641546600944,
RPH3A,11585,1.82349340336876,0.531649191837665,
RTKN,11753,-0.128701771212021,0.531649412535678,
PROSER2,10638,-0.395237492182079,0.531658954142401,
TP53BP1,14272,0.512202476261915,0.531736401621001,
TRIP6,14508,-0.147688564895827,0.531761334281727,
ANKRD54,679,-0.322015265609615,0.531803745888426,
RWDD1,11791,1.8179801070685,0.531836268777509,
EMID1,4225,0.532273771402589,0.531837690030904,
CORO2A,3013,0.343585127923152,0.531879272119055,
SCIMP,11926,-0.555463779054851,0.531957841779071,
HBA1,5827,-0.645098345691523,0.531985886826546,0.835535624935329
CBLN1,1978,-0.964130202911472,0.53199731928169,
ZDHHC15,15510,0.692176895927555,0.532115531245002,
UBIAD1,14826,-0.418035250517149,0.532132749688207,
KNSTRN,7170,-0.308628469490575,0.532142284891678,
RNASET2,11466,-0.189378588448434,0.532175106836133,0.835535624935329
BMP5,1431,1.12210679303508,0.532228312046799,
CEP85,2512,-0.379328470573694,0.532256770952469,
LIMD1,7399,-0.200300667240105,0.532347271042412,
SNX5,12865,0.362483691025753,0.532603335094124,
POGLUT1,10311,0.32050426154127,0.532685050618179,
ZNF846,16070,0.520727808334588,0.532695066725478,
OR10AD1,9388,-1.8069689807048,0.532831700277936,
KLF11,7081,-0.443471455540166,0.532889482039797,
ACSL1,196,0.217251117190514,0.532893084009032,
NSD1,9181,-0.240957746844402,0.532893220637722,
PLEKHM2,10201,0.239304498011777,0.532954879472788,
SHE,12249,0.589114407487587,0.532974275103496,
EIF3B,4137,-0.108752022031493,0.533048221611561,
PTPRR,10877,-0.463281999970374,0.533052859189108,
GLI2,5366,0.862772937320387,0.533081688704057,
ZFYVE28,15572,-0.418754720138849,0.533120726321472,
SSBP3,13122,0.577762456526248,0.53313033606172,
TIMM22,13813,0.697943062346525,0.533157663337813,
ZNF492,15827,-0.626731044143952,0.533176013711541,
SLC66A1L,12613,-0.568843030555621,0.533213849558569,
STK33,13225,0.479743197814767,0.533221311764581,
PEG3,9853,1.01122540014433,0.53325007073781,
CD300C,2251,-0.580366490135072,0.533302978041123,
STYK1,13286,-0.385938510949608,0.533391262819148,
KLHL18,7113,0.351366163112722,0.53350994725541,
OAS2,9321,0.484337150885774,0.53351437484253,
OVCA2,9477,-0.360584823116774,0.533547296173863,
BTN1A1,1530,1.81800480211027,0.53367678137387,
TMEM237,14035,-0.446890133878982,0.53373211098241,
FCHSD2,4801,0.510265804766484,0.533814743792174,
CHRNB1,2657,-0.566042304323328,0.533849033544239,
SLC35F1,12533,1.36679339320867,0.533873854354275,
GLIS2,5373,0.502743771338371,0.533894312548384,
DGAT2,3615,-0.359509664709437,0.533989753333208,
AC020928.2,122,1.35403629743199,0.534015722390871,
EEF1A2,4046,0.476365644113877,0.534016269484886,
ATP6V1FNB,1170,-0.45863015204103,0.534079725404914,
IPO5,6659,0.466061203709299,0.534141332718895,
GCSH,5249,-0.419416196066593,0.534204597998417,
NELFB,8860,-0.13342795130871,0.534341433742667,
TRA2B,14319,0.225802123831198,0.534369035966837,
TJAP1,13833,-0.19858514761111,0.534499978058291,
SETD4,12142,-1.80388263236247,0.534536099646945,
ALG6,534,0.280061419057519,0.534545933638428,
ARMC1,958,0.219937204476275,0.534563906597908,
SLC45A4,12584,-0.224846206808209,0.534578406182775,
C4BPB,1734,-0.371250160082986,0.534620172173869,
FBXO22,4749,-0.341854137770976,0.534780519279417,
ILRUN,6577,-0.216467998733683,0.534864760297458,
IMP3,6582,0.297405821815929,0.534907924568343,
SMG7,12734,0.366194013220151,0.534914402616429,
ZFAND5,15534,0.41305012590767,0.534943700735222,
TFPI,13717,0.284602089990881,0.53500039444384,
GID8,5313,0.177456768366923,0.535144695457492,
THOC6,13769,0.132319356043653,0.535272544695767,
HYI,6274,0.396215412041773,0.535273788411883,
LIMD2,7400,-0.361360967296804,0.535306468725273,
TASOR,13498,-0.459069267443262,0.535460099710502,
SVBP,13345,0.6551094281335,0.53546482542139,
IL10,6508,0.660376468722767,0.535536433570247,
SMURF2,12782,-0.835122868491615,0.535596373090695,
CACNA2D4,1831,0.65573966494095,0.535605706561675,
SIRT1,12318,-0.497833336716292,0.535616045085829,
CDH2,2351,-0.529197032040893,0.535685413807413,
GDF15,5257,-0.277785011426292,0.535722712028738,
CYGB,3353,0.378791381445367,0.535802710262463,
RBM4,11203,-0.301568727090253,0.535852505507622,
PLPBP,10225,-0.329101540992983,0.535873443239101,
APOOL,812,0.203690379433318,0.535910946693921,
ZNF254,15691,-0.313220825167733,0.535949621286095,
ARHGAP15,862,0.386285002801198,0.536052114377393,
SERF2,12093,0.110592940364633,0.536081436062766,0.839550181691861
CHCHD1,2589,0.135004008446697,0.536130851528537,
TP73,14282,-0.788897558173111,0.536146606748677,
B9D2,1255,-0.459753077801622,0.536162721266059,
PHGDH,9964,-0.421990852592354,0.536228385757094,
C1ORF122,1646,-0.731230386582501,0.536250159863181,
TMEM187,14002,-0.800092335235611,0.53628724657097,
IGHV1-69D,6401,-0.971382523166629,0.536368024941102,
PCDHB13,9679,0.642531666793228,0.53654830530238,
KRI1,7188,-0.142296068049701,0.536635442648593,
GRWD1,5670,-0.790031241675345,0.536646743510874,
CCDC113,2015,-0.528844334061251,0.53665901757642,
SLC5A7,12610,1.5087415478791,0.536703268315085,
ELF1,4175,0.16234051739255,0.536812755579926,0.839550181691861
FUCA1,5063,0.325516336720536,0.53689766769063,
HIST1H4F,5999,-0.301350096805179,0.536916922151625,
BRF2,1483,-0.388262657770637,0.536928795884279,
TTC5,14651,1.18306886632039,0.537078747697521,
ULK1,14907,0.224613448964507,0.537105376179408,
ADGRL4,326,0.409535268456437,0.53721541639469,
QARS,10934,0.22462545626888,0.537321729370345,
ZNF181,15648,-0.551695708991692,0.537605768450115,
TMOD2,14133,0.468548579354218,0.537692850527828,
EMC9,4219,-0.563171713507105,0.537820579015266,
THOC1,13765,-0.138015804375887,0.53783009775724,
FLT4,4936,-0.697083434518983,0.537890854060906,
LRRCC1,7593,-0.692841953967693,0.537950456665387,
FAM160A1,4550,-0.581726569407057,0.537991451362236,
TRAPPC10,14345,0.219938996264913,0.538048272414121,
ZMPSTE24,15598,-0.559746829965506,0.538112952040329,
RYBP,11800,0.281254922923036,0.538123566785361,
NBAS,8702,-0.548426227617024,0.538241860745583,
TANGO6,13468,0.211059721746568,0.53832207420057,
NRG4,9162,-0.627311203106307,0.538322556495997,
TBL1Y,13555,-1.78888294815297,0.538358977273278,
MTERF1,8450,-0.553416412927296,0.538361979097131,
MEGF6,7992,1.03527594361379,0.538440142618448,
DGLUCY,3629,1.00430005045485,0.538460461998355,
C14ORF28,1591,-0.385734389486601,0.538524558823808,
MOSPD3,8250,0.283645850382425,0.538525631735446,
IGSF9,6496,-0.473528496149968,0.53858867354605,
H2AFX,5775,-0.171742738400008,0.538597775213536,
LSM2,7619,-0.246502660653028,0.538648630623282,
ULBP3,14906,-0.388019117959764,0.538679413781814,
XKRX,15341,1.1665535253041,0.538843041298929,
ZNF470,15813,-0.565704078196502,0.538980180515952,
CCDC162P,2050,0.915361272569155,0.539001568979277,
RCC1L,11241,0.275699295150309,0.539017551418575,
STXBP6,13285,0.449533983751454,0.539047619370306,
HAUS6,5821,0.398031247636232,0.539163385091025,
CXORF65,3327,0.858726395132435,0.539208353065974,
PSMC1,10754,-0.382651327793554,0.539232916280244,
SDCCAG8,11975,-0.414917855383123,0.539371409733803,
APOM,810,-0.646567291142768,0.539383367574866,
CLEC4E,2769,-0.457903204560093,0.53941880255082,
C17ORF53,1614,-0.978018872313865,0.539440069570612,
PXK,10915,0.307264962259408,0.53953769150108,
PLEKHF1,10186,-0.600759983151374,0.539658921195485,
LPAR1,7489,0.363077529658351,0.539730841577834,
LDLRAD4,7325,0.272379286306472,0.539790295337948,
CPM,3060,0.54815518382713,0.539792419370517,
TSTD3,14619,0.610668441125321,0.539804319742409,
PRRC2A,10680,0.163654495393971,0.539880296159871,
TMEM150C,13964,-0.402269539753771,0.539911958194534,
ZBTB45,15453,-0.252041813769559,0.539991511211294,
VAV2,15066,-0.1368233436095,0.540029427175737,0.840247174481461
KLHL2,7114,-0.185646178514142,0.5400560186065,
ZNF398,15772,0.30199244017482,0.540071495891109,
LAMP1,7259,-0.103337475629534,0.540281271381225,0.840247174481461
TMEM191B,14006,-0.640022031305019,0.540282211093092,
CD320,2257,0.492700897529094,0.540336978252844,
RRAD,11701,0.700667503647653,0.540349724589589,
ADAM9,253,-0.159470691577376,0.540449610739715,0.840247174481461
TMEM231,14031,0.750076946413856,0.54046434121894,
CLMN,2794,-0.247008521215777,0.540466642172156,
LARGE2,7274,-0.832222431334333,0.540513928331401,
IRS1,6703,-0.447336368781839,0.540545049509396,
TMEM134,13951,0.300010356906674,0.54056509899331,
SLC6A20,12626,-0.672869283230096,0.540572387553288,
SNRK,12815,-0.275072913215227,0.540599640239395,
BUB1,1540,0.584657225493267,0.540676911820628,
LRRIQ3,7597,1.27857698739867,0.540738014777151,
ZBTB6,15458,-0.496147646754093,0.540746526461447,
DDX60L,3564,-0.15500517161904,0.540900553020082,
CCDC50,2087,-0.746994309005974,0.540924162962209,
TTC3,14638,-0.213942488207218,0.54092426062732,
IGHV4-39,6431,0.653630170293023,0.541076680902424,
NCOA2,8751,0.205817387076878,0.541116702902974,
UPP1,14938,0.25747924966261,0.541133618007901,
SEC14L2,11999,-0.553433876159658,0.541150400435235,
NSRP1,9195,0.181703067884852,0.541159620667386,
ZNF79,16038,-1.07174655431821,0.541163647998969,
SLC31A2,12510,-0.599643379532931,0.541291244117954,
NPHP1,9087,0.469669554859133,0.541358553710222,
HK3,6027,-0.441050209604928,0.54137330645258,
IGHV4,6427,0.485341462119974,0.541423210322627,0.840247174481461
CRTC1,3143,-0.267897738898759,0.541440124668821,
AGAP3,386,-0.700122166954949,0.541447662680864,
ZNF649,15938,0.309771827830318,0.541557459784705,
PES1,9867,0.155282798296234,0.541601270121264,
SFXN5,12183,0.328113466577438,0.541651635115104,
AP1S1,737,-0.18701510361315,0.541794134784577,
C9ORF116,1787,-0.806406216798344,0.541861045855316,
RHCE,11380,-0.972729847245115,0.541998608143075,
PPCS,10413,0.168953550898084,0.542028163119322,
PTPN6,10859,-0.304634886466826,0.542060501010211,
HLA-DPB1,6036,-0.56131421127674,0.542070093815691,
HIF1A,5937,0.279919745471305,0.542106840424409,
SIK2,12299,0.394064346790043,0.542127712898026,
TRAV1-2,14360,1.77484945279078,0.542148910086685,
RBMXL1,11221,0.54185073360809,0.542324094652926,
NECTIN3,8834,0.296642553510997,0.542569055779125,
GALNT12,5159,-0.474935391935832,0.542633819194225,
APTX,818,0.307304645722068,0.542644958100174,
TMEM175,13984,0.121555797537123,0.542654962064645,
TEX264,13691,0.28496432326365,0.542662442234499,
GAPVD1,5185,0.155686765882738,0.542721087961453,
SLC39A14,12560,1.77589366339891,0.542900512569272,
PTPRT,10879,1.75082315272656,0.54304394505247,
ETFDH,4400,0.2510779220147,0.543085760296813,
B3GNT3,1235,-0.200056929018937,0.543102689485905,
LAD1,7243,-0.169316964648896,0.543159599394888,0.841323986010891
FLRT3,4932,-0.322851804548373,0.543224871722356,
TRIM47,14480,-0.348307560600417,0.543277383454842,
ATL1,1098,-0.823311780983148,0.543334369219543,
SLC22A15,12403,1.19392991903543,0.543358310718136,
MARK4,7850,-0.616492124097446,0.543372995286061,
COQ10A,2998,0.395869972227043,0.5437284779463,
CBY3,2000,1.76577954583612,0.543778009240905,
TMEM179B,13991,-0.220450522477647,0.5438028522823,
HAPLN4,5807,0.754954146052699,0.543820325066942,
PRMT1,10616,-0.193616077381423,0.543826043147402,
SMAP1,12704,0.286476136421745,0.543921744628302,
L1CAM,7232,0.570099188202481,0.543931276938009,
PABPC3,9520,-0.596833372656337,0.543986392713779,
SLC25A24,12437,-0.397464489537093,0.544062842765797,
USP46,15010,0.424451263084332,0.544087296166314,
POU6F1,10401,0.418734672554374,0.544087530014835,
AVPI1,1213,-0.336151487245186,0.544172407202925,
FANCF,4681,-0.25758585396508,0.544177302721449,
DNAJC17,3783,-0.245600930702766,0.544216040777795,
ARHGAP1,857,-0.315033536365427,0.544314370870434,
SETD3,12141,0.165974696965971,0.544405812632421,
IFT172,6347,0.374598797144637,0.544420763137189,
CYP2E1,3375,0.599409661641504,0.54443595355307,
POU5F2,10400,-0.363882013059471,0.544452166555672,
SLC2A6,12496,0.696336072293505,0.544527948643172,
CARD19,1913,-0.403946414592311,0.544566768305377,
CDV3,2420,0.168712276470584,0.544666048131225,
KAT6B,6845,0.253083838538183,0.544692915590057,
CCM2L,2153,0.651402293203062,0.544815700748903,
GDNF-AS1,5262,1.76558909217011,0.544824963120566,
TMEM178B,13989,1.07684564913814,0.544920989323178,
GTF2E1,5711,-0.465981217536915,0.544983962349386,
MPC2,8254,0.160879568254052,0.544995049166276,
EMC4,4215,-0.256330391602762,0.545040246070345,
NT5C,9202,-0.337836983987091,0.545048671727875,
NPFFR2,9086,0.824872397767052,0.545069467484893,
ICMT,6293,0.537214942418106,0.545093251028385,
POLE2,10325,-1.18557335498952,0.545212523677878,
ETV3,4408,0.11825790131441,0.545213117962726,
L1TD1,7233,0.920586952984106,0.545265954475735,
PMP22,10266,0.46578406078614,0.545303326895467,
EXOC4,4436,0.12272494044323,0.545333613440733,
NCOA6,8755,0.261649905343113,0.545346767331558,
PPP1R18,10471,-0.299778302460665,0.545365007081633,
SKP2,12340,-0.275024098343359,0.545382440844274,
TFAP4,13702,-0.383425072158289,0.545453927558593,
TRAV23DV6,14372,1.14907035336785,0.54552815020036,
INSYN2A,6634,1.41225746078828,0.545566662469567,
KLHL22,7117,0.376472011435689,0.545573217835102,
ZNF746,16005,0.237006768381645,0.545649123432379,
DPF2,3860,-0.15096651557478,0.545659062181285,
RPS12,11653,0.160115788742708,0.545712435487355,
DUSP23,3950,-0.198425231899559,0.54581329551584,
PCDHB14,9680,-0.546833975296312,0.545929422144941,
CCIN,2127,0.876314793109384,0.545962071262572,
RNF128,11480,0.212288193285237,0.54596589750024,
MFSD3,8069,0.476768271665855,0.545982852586275,
TIMELESS,13806,-0.575357638141072,0.546004035432888,
SMC5,12723,0.211440265137428,0.546076285319795,
NDRG4,8775,-1.17746048272287,0.546096056783028,
RND1,11467,-0.639471868990152,0.546103646830055,
TOP3B,14257,-0.354669535991512,0.546207481036105,
CABCOCO1,1811,1.4777684127742,0.546213997772315,
CLN5,2797,0.271043844406336,0.546239309348385,
ALDH5A1,514,0.629517916970518,0.546311832282338,
CST2,3201,0.493545496616425,0.546339294421084,
TRIM44,14477,0.157312916264154,0.546359911702683,
TAS2R50,13497,1.12951886344832,0.546422313408534,
BAG4,1269,-0.310725429772198,0.54643699526037,
STIP1,13210,0.387592849328186,0.546588396575877,
CYP3A5,3384,-0.224698994298564,0.546596462175866,0.843568829909679
CHADL,2585,-0.478146766892014,0.546708551247107,
EIF1AY,4119,-0.836845250673071,0.546745430744175,
SIX4,12329,0.655479931747317,0.546894814969965,
TAF7,13450,0.234483696624144,0.54690654414942,
FAM3B,4629,0.40548280596183,0.546926292060476,
EFTUD2,4089,0.257037662549338,0.546964623165626,
NR2C2AP,9137,-0.787180081477305,0.547042199801643,
BRD8,1479,-0.186350642064693,0.547043267246923,
MTNR1A,8486,-1.42580131756603,0.547045931079978,
C19ORF33,1629,-0.189796734767596,0.547073593419473,0.843568829909679
IGDCC4,6360,0.712677116044479,0.547090606783629,
CA8,1806,-0.805498986384594,0.547128305146073,
ERCC5,4341,-0.16071714783957,0.547283168415589,
SLC35B3,12522,-0.321293465431016,0.54736976545276,
FUT4,5075,0.243163435311191,0.547422693411298,
STMN1,13233,-0.356744715935744,0.547436571908638,
IGHV4-61,6432,-1.75594577462099,0.547522286493448,
MS4A6A,8396,0.758479831378237,0.547559459175774,
COL4A6,2947,1.11778313523179,0.54756040239189,
QRSL1,10943,0.557850099433838,0.547593318802081,
PPARGC1A,10408,-0.578998842749652,0.547610926018591,
SH3BP4,12223,0.173794988126821,0.54767572953948,
COX7A1,3034,0.499823955404107,0.5477028055998,
NOX5,9070,1.09832699327012,0.5477096032708,
EIF1,4117,0.0979950629703324,0.547744816446929,0.843568829909679
HPDL,6157,-1.61355114224929,0.547880367659662,
ADGRB2,305,0.647313898704949,0.547895337067196,
FASTKD5,4702,0.474224061515446,0.547917404716084,
KDM7A,6969,-0.452953867392438,0.547925266777054,
INAFM1,6590,-0.316202264545013,0.547974009926729,
FCER1A,4784,0.548238312056752,0.548032452598149,
PLEKHH3,10198,-0.179169855830044,0.548154791561771,
ERCC4,4340,-0.481709965666656,0.548363103484967,
ECE1,4009,0.146970032933024,0.548405452935659,
XRN2,15361,-0.168708914412463,0.548578934268881,
LRATD2,7507,-0.320581247195863,0.54876403143734,
ATP6V1C2,1165,1.11541153172785,0.548827034327547,
RNF122,11476,0.496162340192006,0.548877657623083,
AOC3,727,-0.346261047182041,0.548884335423008,
ZNF546,15861,0.872540305838151,0.54897252659306,
IL17C,6522,-1.7533876906844,0.549004345668039,
AGTRAP,418,0.441976547580424,0.549204060649162,
ZSWIM6,16124,-0.124605432463032,0.549363150518726,
PPIA,10422,-0.143857836570429,0.549365183778104,0.844452768207485
AURKAIP1,1206,-0.171389750386412,0.549430247512742,
PRSS27,10701,-0.741336447247584,0.549435907003679,
EXT1,4454,0.164757893210596,0.549480715771912,
PIAS2,10000,0.333974137620705,0.549497973922583,
LEKR1,7332,1.51247051673065,0.549534582217264,
TLR4,13864,0.874305705457997,0.549756974137947,
NAA20,8631,-0.222179745790007,0.549835275429898,
FAM53B,4641,0.431260491034589,0.549876809796566,
ZNF74,16003,-0.324014684316222,0.549955224979411,
PTPN14,10849,-0.182112402032316,0.549974352509269,
GPR84,5590,-0.868743983435749,0.550072242423761,
FAM20C,4597,0.21408434565946,0.55008420249233,
TEX2,13688,0.33789337211057,0.550150598511495,
GTF2H2,5716,-0.342849754171275,0.550175600611149,
CEP70,2507,-0.451372959315618,0.550195513061229,
SLC30A6,12505,0.344318820948748,0.550217719885794,
MRPL43,8341,-0.183225351833779,0.55029427167928,
L2HGDH,7234,0.790504083356288,0.550300362600553,
VPS9D1,15151,0.629007449144886,0.550384222434136,
VCPIP1,15074,0.116193254618739,0.550388680580331,
ALOX15B,550,-0.923867408053664,0.550458331933334,
OBSCN,9330,-0.400808688542125,0.550460871225522,
TIPRL,13831,0.305589111320908,0.550623502073727,
KIAA0586,6991,-0.274776593509595,0.550628838025296,
ZGRF1,15578,-0.658652881827598,0.550664947425955,
NASP,8687,-0.20933651185053,0.550669822902718,
FBXO10,4742,-0.51480161973149,0.550699254748904,
RCL1,11246,0.368097213761508,0.550723329997747,
RAC3,11044,0.657129115537423,0.550730368023387,
ZNF77,16017,-0.652419651075466,0.550761825145125,
SLITRK2,12679,1.31562366697096,0.550764995673987,
PTPRM,10873,0.387871863577283,0.550798900225429,
PAXIP1,9629,0.959493369818848,0.550828449047454,
IL13RA2,6517,0.89653978494794,0.550868172149598,
PCBP4,9646,-0.316805202537075,0.550886815366611,
ZNF800,16046,-0.507399913625812,0.550936997936811,
HIP1R,5951,-0.468259983416024,0.551040617592062,
CSK,3179,-0.143785486241305,0.551153357535926,0.845590797588388
COPS7A,2992,0.510236741969953,0.551182295753274,
ARHGAP28,874,0.758580451997996,0.551247528518809,
JAM2,6800,0.587101532863968,0.551282162657256,
ZNF346,15748,-0.235874124707215,0.551362232241104,
RB1,11159,0.323660217440962,0.55139553121949,
PTPRA,10862,-0.439990158733495,0.551399825470991,
CMTM3,2839,0.240228781849113,0.551420155549105,
MMP9,8203,-0.458405419266802,0.551463771598803,
PTHLH,10830,-0.438685010481145,0.551603201831712,
MAP1A,7774,0.497213412786261,0.551631096183755,
KRTAP10-1,7214,-1.73572131286605,0.551637241767795,
SLC45A1,12582,0.633077406350468,0.551798131420062,
LRRC8C,7590,0.304984557056656,0.551877324363537,
DOK7,3848,0.492301248697751,0.55190316102426,
EMC3,4214,-0.123523466779225,0.551983575164933,
MYOZ3,8610,0.84735592740867,0.552027776409928,
KBTBD8,6861,1.48600738708495,0.552059499160268,
NRBF2,9151,-0.462888056172502,0.552098852802698,
REG3G,11277,-0.748689971678042,0.552193269693616,
CYFIP1,3351,0.117160562285459,0.552250730257229,
IGHV3-30,6411,-0.746655036974112,0.552254189742202,
GPALPP1,5503,-0.494135143945647,0.552299182693075,
LAMTOR1,7263,0.463428281512621,0.552355370144863,
POC5,10302,0.577106501180614,0.552362989412095,
A4GNT,16,-0.713093865145801,0.552363583715165,
TRBV15,14398,1.49766149843735,0.552365965241367,
MNAT1,8210,-0.323008161989329,0.552410903803443,
DUS3L,3937,0.248533790682409,0.552491048487785,
EIF2S3B,4135,0.0782476076799342,0.552496900491458,0.846043640790525
SPRY3,13037,0.839172513724207,0.552520437241998,
RPL32,11615,-0.380694268494172,0.552622313385628,
SP2,12918,0.243691412939959,0.552734247962842,
PFKL,9897,0.228971867481928,0.552769905276791,
NUTM2D,9301,0.546736617966744,0.552838165473529,
PAM16,9564,-0.25879108395218,0.55285087226169,
RAB43,11009,-0.160543962251267,0.552922348860932,
HMGCL,6068,-0.429890432417432,0.552948400577835,
PSMG2,10781,1.58556666846632,0.553006265030234,
TFDP1,13707,-0.151351042197524,0.553031805447278,
SH2D6,12215,1.10259339083342,0.553069051483383,
TRIM61,14490,-0.420196538211127,0.553127226442601,
ZNF713,15989,-0.523514689660232,0.553149845044524,
ANKFN1,623,-1.63831055786123,0.553254336713506,
ZNF7,15974,0.341713762497158,0.553436546579166,
CAP2,1884,0.510760628882101,0.553454339024186,
TMEM186,14001,-0.460663894806636,0.553466432934136,
HBA2,5828,-0.499714000631109,0.553650638970999,0.846204669790902
CEP57L1,2504,0.364044341644966,0.553661629821848,
CA13,1799,0.76623146064267,0.553727585227538,
SAMD10,11841,-0.618166801182787,0.553806816618578,
SLC25A52,12462,0.944340928658438,0.553866935410669,
ACVR1,229,0.169544341226231,0.553902200152388,
FOPNL,4975,-0.350083246279633,0.553902995017243,
CIDEC,2689,-0.591130124707759,0.553959200809361,
DLGAP2,3712,-1.72395294137797,0.554016525573597,
PUF60,10891,-0.573349846119598,0.554037265854163,
FAM104A,4503,0.261786192956798,0.554047817436158,
FOXJ3,4996,-0.260183776427335,0.554151556521747,
ZDHHC23,15517,0.477122149052083,0.554159622839844,
SMIM32,12755,0.775111162190582,0.554189148369929,
TAFA1,13455,1.72413301242625,0.554222193982937,
RABAC1,11028,0.796859577485535,0.554277139971456,
CS,3163,0.236845333879354,0.554411708137411,
PRKG2,10609,-0.818158150231949,0.554425172322296,
UQCRC2,14946,0.162675175439111,0.554452559299971,
DTNB,3921,1.02806666810014,0.554629745093013,
SNX8,12868,-0.259464931151189,0.554663403836338,
ANKRD9,684,-0.455705010088809,0.55470071052439,
TEX9,13696,-0.503477314207806,0.554828538584972,
DNAJC2,3786,-0.381574796337871,0.554841076699317,
ADCY3,292,-0.203635012043216,0.554864759640796,
P4HA3,9513,0.693397557169218,0.554898297757456,
SMUG1,12780,-0.304796688329935,0.554962246783463,
ANKRD50,676,-0.404930450976284,0.554988651290348,
PLEKHG5,10193,0.23513135739716,0.555073562789344,
TUT7,14714,-0.364483641948563,0.555197631088674,
ROBO1,11554,0.380178917522392,0.555299833293517,
MCU,7931,-0.285261087443015,0.555328406646528,
TMEM127,13940,-0.207355912637443,0.555369836854587,
MRPL19,8319,0.289297705955689,0.555375283271673,
PIF1,10010,-0.816437388663835,0.555430917661133,
CPVL,3086,0.346915892871298,0.555520428878112,
MCFD2,7905,0.203790558057103,0.555855679779874,
ARNT,978,0.160230988949913,0.555885204101824,
HPS5,6166,0.482555294853487,0.555936480706393,
CLEC2B,2763,0.219372975296957,0.556014276317568,
ZNF131,15622,-0.379120897552273,0.556015636099219,
CES3,2528,0.590614002541901,0.556075710759153,
MGAM2,8078,-0.347136499397665,0.556089837021479,
VHLL,15095,1.70946840866182,0.556100435383952,
CDK14,2372,0.39200268093647,0.556148581630494,
RIBC2,11405,0.855036609803291,0.556206651370745,
WDR77,15261,0.393256209436216,0.556323009058186,
TIMM10B,13808,-0.165585794323899,0.556329027613884,
GDPD2,5264,-0.518117433288762,0.556401737955652,
ATL3,1100,-0.179362703821351,0.556407279047723,
FGFR1OP,4865,-0.474316210030054,0.556417261152952,
TYRO3,14750,-0.450111981618501,0.556541082156304,
NDUFA6,8788,-0.170963367758509,0.55666225983917,
FRMD5,5032,-0.467750129845097,0.556677375647024,
CHST15,2665,-0.392171657395699,0.556745906706746,
SLC37A3,12544,-0.251848521738842,0.556766592276365,
SMCR8,12729,-0.237935118853373,0.556781158592711,
CCDC71,2099,-0.237666027590574,0.556829016524584,
GPM6A,5534,0.931311485046965,0.5568894822084,
LRRC55,7573,1.71015932466447,0.556994223626847,
SLC39A4,12562,-0.360750106618942,0.557158279050084,
ZNF282,15710,0.200935600401645,0.55718815246214,
UBE2D4,14790,0.483156032057332,0.557306396526343,
RPN1,11639,0.0865965643956691,0.55748480680783,0.850023299765915
NDUFS6,8820,0.154353422012458,0.557507477506468,
IGLV7-43,6484,1.7070040325376,0.557526825101671,
PRKD1,10604,0.457069906030793,0.557563777678725,
TK2,13838,0.391057924389046,0.55765112092856,
IMPACT,6586,0.455437052855611,0.557818968991378,
SPDYE3,12974,-1.2930440004726,0.557932326370644,
COMMD10,2967,0.438880242360657,0.557935426817091,
ANKS3,687,-0.390941829040676,0.557943518513169,
CCDC61,2092,-0.287262774319369,0.558020980955554,
ZNF565,15877,0.323197535059245,0.558058405111594,
GATAD2B,5208,-0.160027931588085,0.558104306556757,
H2AFY2,5777,-1.17335609644306,0.558110386506227,
STS,13258,0.224828943654286,0.558160859415834,
ZNF519,15847,0.517400328782061,0.558219586045143,
HDDC3,5860,-0.406633836491251,0.558243251614235,
TPT1,14316,0.106193014567759,0.558255698731022,0.850023299765915
ERICH2,4357,1.13832122148413,0.558283808034823,
ANKMY2,633,0.313323798847649,0.558330735739057,
LRRC56,7574,-0.290880721189238,0.558350667873251,
HYAL1,6269,-0.5797828913789,0.55848571017802,
ITPR3,6776,-0.166294585061247,0.558508132742424,
ZMAT1,15592,-0.580726561743471,0.558527908809295,
COX5A,3029,0.235068030213861,0.558555834915358,
B4GALNT4,1246,-0.662978964903642,0.558639944617881,
TECR,13646,0.316994429926029,0.558709434036021,
TCEAL2,13584,1.68690439640353,0.558814094863782,
LDHD,7321,-0.68958457560141,0.558817677057663,
TMX1,14157,-0.689303845655962,0.558838909250846,
PCID2,9721,0.346520993200377,0.55887660205296,
WTAP,15316,0.190918194482482,0.558971432237235,
PIGC,10014,0.541843560424009,0.558996186179048,
KHK,6980,-0.44026000227586,0.559003316084172,
TMEM177,13987,0.928863142156594,0.559004046889657,
CENPK,2468,-0.334730025290005,0.559163424514094,
ABCC6,65,0.361316267703866,0.559225998504423,
ZNF236,15683,0.418178619417442,0.559335975553472,
ANKRD40,669,-0.433423043584431,0.559410156788783,
ZYG11B,16135,0.532693802793651,0.559489137229678,
MED11,7957,-0.364541509147958,0.559491793355457,
DPP3,3870,-0.307608066419482,0.559536609216764,
ID2,6297,-0.135759587837414,0.559583364408391,
MIXL1,8146,-0.756010170569583,0.559594387016285,
ROPN1,11563,1.69874440444359,0.559639871257781,
MUC2,8516,-1.11279351859186,0.559684124403379,
YIPF4,15384,0.147803316497895,0.55970477349431,
CDKN2B,2404,-0.414359576820541,0.559720738621938,
RCBTB2,11239,-0.401117875200291,0.559788359937727,
ALG5,533,0.110484886241615,0.55994638444516,
RETREG3,11304,0.119798950864,0.559970316955089,
DEXI,3611,-0.449773746433514,0.56007402645105,
SEMA4F,12057,-1.29774682322414,0.560398062599364,
MAP3K9,7805,-0.68449343734673,0.560432150947739,
TTC14,14625,0.306893942639314,0.56049949771404,
FST,5049,1.69394434764265,0.560646694368737,
ARVCF,1009,0.576154399335275,0.560683707153565,
TRAV13-2,14364,-1.69223866823284,0.560795683399022,
JAML,6802,-0.495551958847259,0.560825613826628,
FAHD2A,4498,-0.155064642999084,0.560864017594705,
MMP3,8200,-0.80711084607793,0.560903627345156,
ZNF532,15856,0.209800342076927,0.560910128187365,
LARP7,7280,0.367537232047488,0.560916545174391,
SLC35A4,12518,0.321170430559789,0.560947253241801,
VBP1,15069,0.534249291826254,0.561013084067018,
HTD2,6249,0.483113619036153,0.561059026520464,
CFAP44,2545,-0.480917623012134,0.561092504819775,
KCNJ11,6892,0.583162141557693,0.561212392915467,
ZNF691,15968,-1.53164804372482,0.561269310258237,
TUSC3,14711,1.13906585381173,0.561274123865344,
CCDC74B,2102,0.55596933080781,0.561283271275918,
KCNJ1,6891,1.38246713973619,0.561453320550349,
BIN1,1399,0.230335513258775,0.561500932036411,
TPP1,14300,0.107746614505701,0.561511788602883,0.853371023356923
SDF2,11977,0.106046864219629,0.561542822711108,
NUP54,9287,-0.151249508144866,0.561548308022307,
SULT1A3,13305,-0.311029339640687,0.561575710099149,
HOXA3,6126,0.932128263222554,0.561592631229019,
BIN3,1401,-0.607111527215757,0.561622683943993,
FXR2,5084,-0.513152975026467,0.561653413959923,
MBLAC1,7882,-0.707919491567697,0.56167504396385,
VSIG10L2,15159,-1.69028225662299,0.561683257165069,
MSL1,8412,-0.240572142072322,0.561693288553478,
ANKRD26,657,0.759557541436149,0.561717596883879,
PIK3R6,10050,1.07575205076564,0.561744338378543,
RBSN,11231,-0.311700371198418,0.561900502713583,
VWA5A,15175,0.284796054161042,0.562180767898605,
FMO5,4950,0.30083741195862,0.562323270484564,
TMPRSS11E,14138,-1.68025101346859,0.562328568026716,
LRCH1,7509,0.175194957450934,0.562350116606962,
MUSTN1,8528,-0.464643291065242,0.562400103978987,
LGI4,7364,-0.530525527807994,0.562409608176066,
ARMC9,967,-0.297355359279412,0.562473771986381,
NELL2,8863,-1.65519127036925,0.56248208794855,
SURF6,13333,0.226835476211401,0.562494862121063,
CIT,2702,-0.568401483236548,0.5625151222212,
PABPC4L,9522,0.722385385538248,0.562533022040592,
DCDC1,3474,-0.757599851029203,0.562578279024539,
INTS3,6642,-0.0946124869817737,0.562677689120415,0.853535517143186
THUMPD3,13783,0.414766243228428,0.562955093308103,
EPB41L3,4286,0.319925207967159,0.563014012942585,
HAVCR1,5824,0.590397424328431,0.563192879956582,
IGLV10-54,6466,0.886960307392127,0.563195587096985,
TMEM33,14069,-0.181532621167523,0.563306212819087,
IGHV3-35,6413,0.741939823448501,0.563308825904157,
NTN1,9219,0.908907793293468,0.563333298991698,
ATF7IP2,1078,-0.310001133594336,0.563368633845769,
AC092118.1,128,1.06259701350758,0.563413785629704,
KIF7,7053,0.343961612379531,0.563431783811064,
ARHGAP45,886,-0.41023776280821,0.563434498061556,
CYP4F12,3390,-0.360292542651749,0.563500194168842,
NGRN,8922,-0.368198546805266,0.563527399699124,
HFM1,5918,1.0081462450758,0.563668188193536,
EEF1AKMT3,4049,-0.339405619828596,0.56372000856463,
IGKV1-16,6439,-0.620931112936891,0.563721936709279,
HDGFL2,5862,0.21695104452814,0.563794710444366,
HIST1H4E,5998,0.287855315774722,0.563910580698631,
RRAGD,11705,0.447379105884475,0.563942294687594,
RAD51B,11057,-0.15957121146421,0.563954861811246,
TFB1M,13703,-0.534216540403757,0.564039632578872,
TP53I13,14275,-0.134475159383203,0.564109242933649,
FKBP1A,4906,-0.295901709126785,0.564199891581797,
ILF3,6574,-0.124081704750254,0.564298293289852,0.854387847438857
TUBA4A,14685,-0.222090880497633,0.564298951698012,
VANGL1,15053,0.378791880839726,0.564306927720778,
ANKRD28,659,0.315633217018614,0.564315963173284,
RPS4Y2,11678,-1.34296487753864,0.564354007000621,
CASP9,1948,-0.307896766200562,0.564486610779423,
ITPRIPL1,6780,0.579497616351058,0.564556940507071,
NCAPD2,8724,-0.464488529335331,0.564559945397212,
APELA,772,-1.08293876651593,0.564575701233574,
DDN,3521,-1.67558529612824,0.564635863344894,
ZNF700,15976,-0.305477572095958,0.564644836795657,
P4HA2,9512,0.271254522035289,0.564660001169879,
SKA3,12332,-0.850626153663926,0.564662739296246,
KLHDC7A,7101,-0.629475834858264,0.564704642265016,
KIF5C,7052,-0.754513205850913,0.564721977547517,
TNFRSF4,14188,-0.585632791713771,0.564752291674876,
E2F4,3989,-0.551323310101321,0.56478648321988,
RFX1,11328,-0.316881924848923,0.564889635822466,
NHLH1,8924,-1.67068494859027,0.565106468143314,
MYBPH,8550,1.67478816397659,0.56510727372002,
UCN,14864,-0.721804697662884,0.565115884226387,
COA1,2901,0.298559517495251,0.565143665315692,
PLAG1,10140,-0.722300917319653,0.565170486992334,
KLF8,7094,0.637647387899631,0.565219493260817,
MMAA,8175,-0.410882190440269,0.565249231086943,
GVQW3,5753,0.349567783892461,0.565251108854211,
CDH10,2346,1.6744674880194,0.565258029672052,
ANKH,625,0.384696759788282,0.565278018321884,
ITGA6,6738,-0.304190916734304,0.565328618689364,
PGPEP1,9928,0.22362427970329,0.565370128403043,
TNFSF4,14200,0.476103164553067,0.56560649263217,
TAS2R13,13485,-0.358135174866872,0.56571800521066,
HAND1,5800,1.66613451883498,0.565937505284494,
SLC35E3,12531,0.259033923535177,0.566046208271839,
CHRDL1,2646,0.591446927476069,0.566232469928388,
RAB5B,11015,0.173926383561049,0.566323790531043,
SSH2,13126,-0.245208338953808,0.566364197079463,
FAM90A1,4668,-1.23750822750315,0.566437997298039,
PIK3CA,10040,0.424610298249666,0.566468979642825,
PAQR3,9583,0.289865619670777,0.566521467218397,
ATAD3C,1065,-0.751460598596702,0.566619554201104,
WDR45,15236,0.0929634740199209,0.566651372891338,
NFATC2,8887,-0.458677101117529,0.566670001146326,
HPS4,6165,-0.23439219283942,0.56672915570342,
GOLGA1,5457,-0.195103383417234,0.566805982722155,
COLGALT2,2964,-0.633812508985453,0.566812477710841,
PDK2,9811,-0.508804425472123,0.566824527434641,
ITM2B,6768,0.272705673958753,0.566849955252931,
PGAP1,9907,-0.557125792007703,0.566934813412604,
PCDHA5,9669,0.846382289658185,0.567013018036575,
FAM189B,4584,0.277280470923554,0.56701334668018,
JPH2,6820,-0.566987462614594,0.567089918092211,
SNAP25,12791,0.874691314576395,0.567247694516865,
CLTCL1,2821,-0.781863923785142,0.5672660139899,
RBP1,11222,0.258806909769863,0.567282184555912,
LRRN2,7602,0.611496569108599,0.567416319354717,
TMEM222,14026,0.354486075697092,0.567510209541085,
MMACHC,8177,-0.598091913199968,0.567581061494794,
PRAF2,10534,0.382416999710344,0.56772223771939,
TCF20,13599,-0.282389722146883,0.567956680361208,
PPM1J,10447,-0.521959278856407,0.567962548188134,
FMO1,4946,0.547771562548281,0.568000065448326,
HEY2,5915,0.537078908746044,0.568055335172497,
TPPP3,14303,0.318890068407133,0.568207303623964,
FBXO15,4744,1.23783219740674,0.568356233908587,
PELI1,9854,-0.209503197118325,0.568405355832571,
GNMT,5447,0.650769690482612,0.568433257801578,
NOTCH4,9063,-0.42289250897359,0.568440610075027,
MFAP5,8053,0.397456152282238,0.568477302854764,
SOX4,12907,-0.292082930185545,0.568482113671011,
LRRC37A,7558,-0.29809681814469,0.568523917464807,
SHISA4,12255,-0.249630005542464,0.568710185587716,
MLLT1,8164,-0.252084097999361,0.568782883069415,
NOC3L,9025,0.32461814364088,0.568938737998247,
SMIM31,12754,-0.588679157290652,0.56894130713987,
PTAR1,10793,0.12862113332824,0.568943911107077,
UNC119B,14914,-0.235034293812778,0.569101940724588,
MYO1E,8590,0.125580073202782,0.569143539519184,
BTBD17,1513,1.66153903383495,0.569211335213359,
CLDND1,2749,0.211668903151952,0.569309090896385,
DIP2C,3681,0.344262235564528,0.56939314334208,
ZNF843,16067,0.811810051882674,0.569418732967884,
TBCCD1,13546,-0.436445163452335,0.56942920849818,
LPCAT4,7497,0.586595544779471,0.569538933685381,
MBD3,7877,0.346579127547043,0.569612488948452,
C1ORF43,1657,0.135845001310472,0.569740010437438,
ZNF138,15628,-0.336010473818726,0.569799017668038,
TRIM66,14494,0.442926478549212,0.569838285247003,
ACKR1,166,-0.882692416058061,0.569892871855559,
NR2E3,9138,-1.65469323082941,0.569910744452027,
RPL8,11634,0.139308321180465,0.570054864961325,0.861487408284249
ZNF551,15866,-0.41494012324613,0.570061352507793,
C6ORF62,1763,0.181790796325941,0.570064476179599,
BRD3OS,1476,0.593095016145285,0.570068673247492,
ATP6V1H,1172,0.235466621295214,0.570079167974409,
RAB19,10968,0.572716262992286,0.570099897027224,
RILPL1,11414,0.330582305165015,0.570112989138416,
ACVRL1,234,0.64535617743271,0.570306429252062,
EZH1,4462,-0.517956570131041,0.570307739512214,
ZNF534,15857,0.395634011814485,0.570441309754153,
GPAT4,5508,-0.384083969327831,0.570616369059846,
DDX51,3555,-0.170996837207286,0.570742528489965,
APOBEC2,789,0.821230710026868,0.57080161627024,
EVA1A,4413,-0.483550950506759,0.57082599196103,
MRPS21,8368,0.536231562263698,0.570953257251385,
SLCO3A1,12662,0.237588963829721,0.570984609377321,
RBM19,11189,0.158593679682168,0.57101990600482,
ENOPH1,4255,-0.134280908218202,0.571065102972853,
SLA,12341,0.4259245204578,0.571241873659867,
CTDP1,3227,-0.457633011638412,0.571245171754802,
TIMM13,13809,-0.289195683101668,0.571266958420202,
ISY1,6725,0.874021813915917,0.571608275683664,
ARPIN,989,-0.237880764111707,0.57161812620674,
SAP30BP,11861,-0.603925752766986,0.571632537432617,
NR4A1,9144,0.483119666797368,0.571674826703994,
DPY19L3,3880,0.298851424287854,0.571772729360167,
SLC16A4,12380,0.416773895270747,0.571846743182398,
PDE1A,9772,0.494968416257078,0.571851902602254,
RECQL5,11267,-0.26676419613962,0.572047607993266,
ELMOD3,4193,-0.755131239428149,0.572059252013048,
OSTM1,9462,-0.278432799351973,0.572148184122991,
YWHAB,15404,-0.224800214635182,0.572230598707234,
SPRR2F,13032,1.64886450518473,0.572334329949103,
PRPS2,10657,-0.574276986533301,0.57244215548902,
TMEM25,14046,0.279967360569665,0.572487417006412,
SLC11A1,12356,-0.2600610299641,0.572490260208182,
CRACR2A,3093,-0.328510321304147,0.57267685722123,
CDK2,2378,-0.499194993256182,0.572754494519345,
IL11RA,6512,-0.589959191151996,0.572755486251677,
CCL25,2142,-1.48562542096426,0.572775915567285,
ARHGEF33,908,1.40507157562699,0.572800069301778,
LRRC24,7548,0.890290671820846,0.572888730372446,
FAM24B,4622,0.455185549529833,0.572890301934041,
AASDH,31,0.42545996038866,0.572946907749521,
RHOV,11401,-0.64382244701211,0.573009543081187,
TRAV26-2,14375,1.64054277018074,0.573032187507477,
ZNF334,15739,-0.548966409934871,0.573036903595047,
IGSF11,6489,1.48201614050893,0.573037300927961,
UHRF2,14902,-0.475827279606861,0.573053468204835,
ATG4B,1090,-0.200772236568706,0.573114066520152,
CTNNA1,3237,0.155312292590914,0.573190931788021,
RTN4IP1,11765,0.434951985200232,0.573201958762848,
OSGIN2,9454,0.191529459803258,0.573233672115762,
ECHDC1,4013,0.164545849446283,0.573271717070696,
COL14A1,2926,0.473487149736382,0.573367893670105,
SMURF1,12781,0.184798710262236,0.573468687323671,
DNAH9,3759,0.733378892451992,0.573536204928854,
ARMC8,966,-0.101410330013771,0.573643658726511,
SFMBT2,12165,0.614487770337019,0.573969934308381,
ENGASE,4248,-0.232981354791866,0.574140105557261,
KLHL14,7110,-1.64117387715183,0.574183174456279,
DNAH14,3753,0.730763601752968,0.574425862068555,
TNF,14162,-1.64305525370519,0.574478485953383,
SPIN1,12992,0.203650808575834,0.574500207900152,
SLC6A9,12629,0.694123256575129,0.574539908744013,
PRELID2,10562,0.420629957820808,0.57455578526331,
SYT7,13405,0.683212596218828,0.574583131648267,
WIPF1,15286,0.253156137067575,0.574691051545624,
DNAJA2,3762,0.133130079219309,0.57469614802222,
ACER2,162,-0.23255594767804,0.574743433637335,
PGLYRP1,9921,-0.742298145466524,0.574777781108127,
KLK10,7141,-0.362688798939022,0.57482641810086,
FMNL1,4943,-0.260164213162456,0.574859851723532,
USP54,15018,-0.366840837592867,0.575049101651172,
CCDC12,2019,0.149025448223869,0.575079830916989,
NUGGC,9269,-0.413721287278151,0.575090848898599,
FBH1,4711,0.145106463598313,0.575178874919572,
AKAP2,462,0.252209073381168,0.575207522297042,
ABHD8,98,-0.444906707063697,0.575242343758969,
MAP4K5,7811,0.194747749041783,0.57526568604796,
CTSS,3265,-0.179527493631688,0.575271980770397,
ATP8B3,1178,-0.487303753091559,0.575330115446586,
SMIM12,12742,-0.214399723499924,0.575358656031321,
PHF21A,9956,0.194737371245558,0.575414041962854,
PLA2G12B,10115,-1.2119684048965,0.575472693961029,
USP47,15011,0.150969217640869,0.57548992313302,0.865453737685967
RNF39,11534,0.87878874127126,0.575549751407634,
TTC25,14634,-0.635242516909648,0.575580478134754,
CAVIN3,1968,-0.261266864674763,0.575603223981963,
DAPK2,3434,-0.26206545599993,0.575688093867952,
PYCR1,10921,-0.528400456899737,0.575734624782818,
FAM107A,4505,0.534064192001141,0.575738341432213,
AAR2,26,-0.732159719526582,0.575771634503826,
DELE1,3579,-0.27504359051623,0.575847154970862,
ASXL2,1058,-0.318612950467225,0.575869706081993,
MOCS2,8226,0.496816384524776,0.575898533934915,
TTBK1,14620,-0.954039491505153,0.575903375833844,
VCP,15073,0.0828032355654127,0.575925503511855,0.865453737685967
BACH2,1264,-0.491198525967824,0.575950693216338,
TMEM45B,14084,-0.419774152420673,0.575963363184991,
PSEN2,10729,-0.379262360855661,0.576007938919293,
NDP,8771,-1.52713896506071,0.576084988808384,
FPR2,5019,-0.434925139560181,0.576093512889936,
C2ORF73,1714,1.62433043998255,0.576231338796517,
C12ORF73,1583,0.541748631550049,0.57625329728919,
RBPJ,11227,0.175861340817309,0.576297807891668,
OLFML3,9368,0.35697004430886,0.576372322855529,
BTBD19,1514,-0.363953131768387,0.576425625685396,
NOC4L,9026,0.186914609202526,0.576442088769189,
RAP2C,11107,-0.91336499544153,0.576504858035932,
VGF,15090,-0.73622558271365,0.576510819169411,
VASN,15061,0.833371938355182,0.576549936111612,
CABYR,1818,0.405549278439627,0.576648018594136,
MMEL1,8181,-0.56474622569247,0.576688469304089,
CNNM3,2867,-0.425010706804191,0.576811923718393,
RTRAF,11771,0.15271876202728,0.576891535552625,
RDH12,11257,-1.53752496210838,0.577013171011568,
LBHD1,7292,0.378194093510597,0.577024649923093,
CES2,2527,0.151300533371628,0.57708932626435,
NME5,9004,0.774205570287828,0.577119033165542,
ZXDB,16133,0.351691141422944,0.577126426666622,
SRPK1,13090,-0.130026017286436,0.577259394944089,
C12ORF56,1579,1.08538071876565,0.577404328322403,
CYB561D1,3334,-0.274722540080438,0.577410032310759,
KIAA0100,6984,-0.193486646306533,0.577501098106554,
NPEPPS,9083,-0.158501944656777,0.57755197760934,
MFF,8054,0.165704678352659,0.577567137548803,
CRKL,3129,-0.161232811997568,0.577918088331695,
OARD1,9319,-0.146385604966872,0.577931468153686,
PTAFR,10792,-0.231556931892981,0.577960399066462,
ZNF439,15795,0.354616114613014,0.578092527687495,
FAM110C,4509,-0.298811664157396,0.578095243884228,
DISC1,3692,-0.276394723904755,0.578238551055617,
SAV1,11882,-0.120425792113374,0.578247120501274,0.865453737685967
ANKRD20A8P,653,0.764870382775623,0.578325611859105,
LRP5L,7533,-0.295629707087661,0.578397401134845,
HIST1H2BN,5982,0.359867677825196,0.578414287409711,
IQSEC1,6679,-0.179348320301388,0.578448376386852,
RAP1GDS1,11104,0.342257381866025,0.57850430138598,
HNRNPUL1,6111,-0.0752226488816208,0.578817196900371,0.865453737685967
PRUNE2,10716,0.575567067070204,0.578831581872081,
ZNF883,16081,0.703659699544254,0.57888998074592,
UBD,14783,0.241309966003897,0.578959432942424,0.865453737685967
PHF2,9953,0.226789219812369,0.578993764712498,
RAB4A,11011,0.488595243368285,0.579046413575542,
NUBP1,9234,-0.25794475975301,0.5790618353751,
IGFBP4,6372,-0.222039800820313,0.579107424927894,
EHF,4109,-0.1378223312866,0.579117991492089,0.865453737685967
PLCB2,10150,-0.36461118569061,0.579177878832211,
QPRT,10939,-0.345805550957513,0.579231846063234,
CFAP221,2539,-0.743212081569362,0.579342014963093,
PKD1L1,10091,1.61770103846603,0.579380057687389,
ZNF512,15839,0.204420365225983,0.579464696393844,
ITGB7,6757,0.636359012459813,0.57953781886915,
INSRR,6632,1.2318076192005,0.579580604476231,
NUAK1,9231,0.549274487203713,0.579634135321451,
NDUFAF7,8799,-0.702255883054154,0.579648730076019,
POLR3GL,10363,-0.168122680685882,0.579766672878192,
RTL8C,11760,0.266638390835834,0.580018258567144,
TGFBR3,13732,0.232117800295545,0.580048001534998,
MAN2B2,7763,0.31736642194026,0.580190192656152,
DPY19L2,3879,0.478867598935861,0.580218888089996,
TNFRSF17,14181,-0.740663706725363,0.580229402834043,
HM13,6054,-0.158104062393079,0.580322739200702,0.865453737685967
NAA30,8633,-1.59727313750504,0.580357982915681,
RASSF3,11150,-0.249116394864211,0.580364734744612,
NCAPH,8728,0.583901031772437,0.58038224456349,
SSBP4,13123,-0.216745318102956,0.580393152384786,
HEATR1,5869,0.455042484347262,0.58045400049887,
RAB2A,10982,-0.272383273315611,0.580471764114091,
AL845331.2,495,-0.755534704676391,0.580507209992774,
TAPBPL,13476,0.225569516298736,0.580522609975668,
CD74,2287,-0.180073174532526,0.58056501831571,
CACNA1D,1823,0.473550241654623,0.580652820847115,
GOLGA3,5459,0.139460537740214,0.580694272122023,
SNAP47,12793,0.181959111195488,0.580777232476256,
IL2RG,6553,0.391864203223517,0.580778574997559,
CRYAB,3149,0.466248876572438,0.580838129983946,
NECAB3,8829,-0.320912217249429,0.580882430420353,
PCIF1,9722,0.158777149292783,0.580929818723735,
ZNF395,15769,-0.562910698726755,0.580949753859737,
OFD1,9347,-0.172009445698175,0.581076549583434,
ANKDD1B,622,-0.477459733773931,0.581147837244726,
NANP,8671,0.347516434643915,0.5811535347262,
CD247,2242,0.456054598037644,0.581163168183372,
RALGAPB,11079,-0.2489305380046,0.581176998020066,
C2ORF69,1711,-0.14429911085092,0.581187119577445,
KIF1BP,7031,0.375395612847076,0.581189232534195,
ARMCX4,971,0.435329220277828,0.581222916198553,
NBPF9,8719,0.134290472788057,0.58125889197744,0.865453737685967
CFHR2,2563,0.406205415676453,0.581272171139051,
FBXO34,4759,0.25516858665484,0.581295019395812,
RRM1,11711,-0.271371192141313,0.581346392307313,
DEFB136,3575,1.16326468149263,0.581465923072565,
1-Mar,1,0.267741821357076,0.5815436397127,
CKS1B,2716,-0.315978740880967,0.581614648324644,
SMPDL3B,12774,-0.409452531930396,0.581623680787791,
DNAJB2,3770,0.748415078815321,0.581676651431872,
CCDC149,2039,0.221217654892563,0.581724278602963,
TACC1,13420,0.28339280063001,0.581910293425413,
HIP1,5950,0.180004033155937,0.58199967604068,
PRB2,10537,-0.876026934266557,0.582032115020321,
IL18RAP,6531,-0.37484747282848,0.582074937029927,
UBE2E1,14791,-0.465947183215121,0.582146123942999,
MYO15A,8581,1.34061658639435,0.582235118830728,
NUP133,9274,0.279548136909065,0.582437002372459,
MAP10,7772,-0.431897700080399,0.582524617750993,
CCDC65,2094,1.23022997449891,0.58254356996336,
TECPR2,13645,-0.54343338747572,0.582649309944488,
REM1,11287,0.48486477236773,0.582722065097379,
SORL1,12890,-0.267707573168522,0.582743550217091,
HNMT,6088,0.194051253091543,0.582757058534293,
THBS2,13756,0.338556218663668,0.582800078040261,
DYNC1I1,3966,0.642305601299898,0.582826089680729,
ADRB2,360,0.582654763815947,0.582855711172511,
MED18,7967,0.191113722563644,0.582941177412977,
OSMR,9456,-0.182196090426081,0.583093823449663,
CSGALNACT1,3176,-0.395429721888928,0.58310394922637,
IGLV1-40,6462,-0.63477870354633,0.583133322677046,
OLIG1,9369,-1.39252663530008,0.583155872105038,
ALOX5,551,-0.331886330562217,0.583183928719469,
ARL6,950,0.305374732415143,0.583261919742129,
NOVA1,9065,0.711684796086878,0.583270838467624,
NPIPB11,9096,0.144314110216712,0.583298223062589,0.866721336013818
FEM1C,4822,0.254373923159283,0.583331808202641,
NDUFA12,8781,-0.357998666771195,0.583433012392487,
MDH1,7938,0.426370366210313,0.583471553364245,
TMC6,13894,-0.401091046891424,0.583553851091151,
TNFRSF18,14182,0.521379521542708,0.583688602689735,
PRR36,10674,1.0093424072696,0.583715496703896,
EIF2B2,4127,0.146118502566034,0.58373089362074,
ZNF19,15653,0.467769845783028,0.583745156834771,
SAPCD1,11863,0.416869059227135,0.583882553251101,
SRD5A2,13068,1.59989323971998,0.583896779868547,
TRDV1,14424,-0.968507469611491,0.583915582845868,
DNASE1,3806,-0.236237755823894,0.584022426272583,
MLLT10,8165,-0.298787915540045,0.58406708208384,
HOXA13,6124,0.607067920624488,0.584079184119916,
CILP2,2692,0.564817567792077,0.584093627854611,
TRAV39,14382,-1.56716568454468,0.584133238056536,
NAGS,8662,0.469790124468464,0.584143527781887,
ACVR1C,231,0.787066698454427,0.584207121901423,
RBM12B,11182,-0.225034094826553,0.584207227394298,
ANXA8L1,722,0.430252857864572,0.584209436563672,
JAK2,6796,-0.554844094909369,0.584225770226793,
DCAF10,3456,0.298814821132717,0.584237279820382,
MBD2,7876,0.49572090954378,0.584239396832572,
QSOX1,10945,-0.12620989797726,0.584258248812289,0.866721336013818
ZNF117,15618,-0.415538531679581,0.58429146963911,
KDM4C,6961,-0.107565406910232,0.584349091785301,
TMEM92,14121,-0.478529078382472,0.584366688960494,
MFSD4B,8071,-0.403613269895012,0.584432004963301,
MPP1,8269,-0.178062348996005,0.58443884368928,
ADAMTSL5,278,-0.333508247856925,0.584500172489657,
CDC20B,2311,-1.59112681050509,0.584932008487918,
NATD1,8696,1.5928070992806,0.584969236657627,
CENPS,2475,0.470702560593571,0.585052267827831,
MRPS34,8378,-0.134191451979863,0.585125877892069,
LYVE1,7691,-0.507762908570401,0.585142501915231,
SLC25A33,12446,-0.543545402075603,0.585164953031703,
MARK2,7848,-0.331320877757939,0.58518654230162,
CYP4B1,3388,0.577498250569002,0.585237348142832,
BDNF,1361,-0.521805962986738,0.58532942002941,
FAM49B,4637,-0.198046873637315,0.585343283349949,
SH2D2A,12211,-0.423719244125946,0.585390158824125,
TWNK,14724,-0.734700270888589,0.585398773222331,
TRBV6-4,14415,-1.5845549025847,0.585459435166171,
CCDC150,2041,-0.595191898575314,0.585471016804552,
MYL5,8572,-0.27088075492264,0.585581311961838,
INTS12,6638,-0.378786888268083,0.585701721913686,
RNF223,11524,-1.58806777296182,0.585888482622126,
KYNU,7231,-0.241426790827416,0.586014525963292,
NPEPL1,9082,0.313220824328892,0.586066872013413,
PER3,9864,0.409446713952466,0.586083040142858,
ATP5PD,1148,0.123507404544304,0.586245404037851,0.868073469832193
MCM8,7916,-0.550507616785282,0.586279942168202,
CASP6,1944,-0.239002063512156,0.586397093720625,
GFRA1,5289,1.58376711543584,0.586523697488238,
PIGF,10015,0.414448452125186,0.586578365088136,
B4GALT6,1252,0.687482836347091,0.586584367408183,
ILKAP,6576,-0.248132034401271,0.586662368194081,
WDYHV1,15276,0.403068225470724,0.586669312530474,
ARMT1,977,-0.544056163886637,0.586730478534145,
ACTR3C,225,-0.545045869067869,0.586734680649922,
TSR3,14610,0.569930112832886,0.586765485086719,
HDDC2,5859,0.16531397646428,0.586849670825697,
SESN2,12133,0.31374757451571,0.58687295195692,
PTGDR2,10810,1.58531396836655,0.587031151825566,
ABCB11,51,-0.559731102178948,0.587298630230517,
MIS18A,8140,-0.622803848373175,0.587310736164669,
HSPA1A,6223,-1.32523118219712,0.587465336649381,
MED28,7977,0.310223977723493,0.587480406084156,
CIC,2687,-0.459566582908872,0.587541865566122,
ZFR2,15563,1.44473001145436,0.587595363288418,
DIPK1C,3684,1.02520641893229,0.58771423699065,
CPT1C,3083,-0.413836800668351,0.587770294579077,
DDX50,3554,-0.218751993911028,0.587789144717009,
ATP5MC2,1139,0.092431454820524,0.587798923844832,0.868779728100329
RARRES1,11120,-0.262828930377301,0.587821366206649,
ADAMTS12,257,0.443410461091414,0.587852708311645,
GPR171,5563,0.307187853465323,0.58785946031342,
MTCH1,8446,0.149175964101007,0.587955592039075,
HCAR2,5835,-0.524000115929194,0.588034832200421,
MAML2,7752,-0.480864927830172,0.588087495342992,
GRHL3,5637,0.585429891289586,0.588098742611412,
EGFL7,4092,-0.359734097849738,0.588187317126709,
PNPO,10295,0.457326712755472,0.588288847943816,
LONRF1,7479,0.303048238594935,0.588381625209853,
SCN9A,11942,-0.29062325361614,0.588517184651752,
KCNG1,6881,1.0002570089834,0.588519858523369,
SLC35B2,12521,0.140648915879621,0.58854110371961,
PTPRG,10869,0.357299501113504,0.588541646541947,
UBE2D3,14789,-0.151283511388795,0.588545700980398,
ING1,6596,-0.222323748475497,0.588552414174303,
MSH6,8409,0.370081487330657,0.588554564217668,
ANK2,619,0.537208814295985,0.58857206149483,
CFAP69,2552,-0.668287547557686,0.5885763410233,
HIST1H3I,5992,-0.600022066177414,0.588631911455455,
ARMC6,964,-0.265946141940569,0.588654438700339,
SULT1A2,13304,1.03009583575214,0.58868186288824,
USP22,14987,0.121711285127767,0.588708922463058,
HNRNPA1L2,6091,0.0826624741961031,0.588799834882336,
FUT7,5078,1.57283904267154,0.588890382654206,
OSCP1,9449,0.669761898501627,0.588960991888798,
TEAD4,13642,0.454010859122373,0.589011068810652,
NOMO1,9043,-0.113360049205031,0.589018565313762,
JMJD1C,6810,0.181092184428191,0.58912487531301,
ZNF132,15623,0.53196563688814,0.589205318634089,
CLHC1,2778,-0.50447188042599,0.589220916345878,
TSKU,14575,0.187657313874633,0.589328774881804,
TIGIT,13804,0.48990576514146,0.589450483751974,
RGL3,11340,-0.188218930076598,0.58951003207561,
TRMT13,14520,-0.371621647578532,0.589753018627913,
HOXB3,6133,0.195273443229615,0.589900300669773,
CXXC1,3329,-0.299107369649836,0.589951398278217,
MKRN2OS,8154,-0.485245688266749,0.589976514266003,
GKAP1,5351,-0.909504429895351,0.589981434200953,
ADRB1,359,1.07106880930355,0.58998371198623,
GNS,5456,0.194218481213006,0.590012247614377,
IGHG2,6387,0.39293870465637,0.59003265643693,
CAPN9,1899,0.561830965006972,0.59011212015964,
CCDC92,2121,-0.202514654341279,0.590188462925419,
CCDC191,2068,-1.10841248072733,0.59024562113897,
EVI5,4420,0.289631620666792,0.590260743381626,
ACSF3,195,-0.389538647861244,0.590357736304347,
EFEMP2,4073,0.306432826434088,0.59051387081804,
RCN1,11247,0.154881303854688,0.590561969656872,
FSBP,5042,0.371162308945992,0.590614081198326,
ALG1L,529,1.08638284242861,0.590679124899586,
SMIM22,12748,-0.32897272505039,0.590738866947499,
BCAR1,1313,-0.120948600918069,0.590822189980777,0.869695668979858
NOB1,9023,-0.288265450538551,0.590941052358466,
SIT1,12325,0.433406873300379,0.591047714862471,
GIMAP6,5320,-0.511707819016644,0.591055550578388,
GNLY,5446,-0.345008189413549,0.591089390204335,
ZNHIT1,16087,0.522723445158107,0.591107408447781,
CHMP2B,2628,-0.590310842698354,0.591235931662526,
VTCN1,15169,-0.333036408731755,0.591250650057807,
BCL2L11,1334,0.160203380886037,0.591290800708387,
THEM6,13760,0.399659449966871,0.591357017262373,
ZNF20,15656,-0.555528434838217,0.591398301211199,
SUSD3,13336,-0.52312470031615,0.591438290446019,
RFT1,11324,0.305124083967911,0.591480826594368,
TGFB3,13728,0.547780339939934,0.591488002903458,
XRCC5,15358,-0.0772374407180409,0.591555828411315,0.869695668979858
AREL1,839,0.698728610754834,0.591565271506283,
A2M,13,0.227705329284952,0.591651700458416,0.869695668979858
DSCC1,3906,-0.319851850553297,0.591704579032398,
APLP1,782,-0.425680079288216,0.591806660390318,
ARHGAP18,864,0.480079916402095,0.592031346745266,
RBMX,11219,0.400173696231547,0.59224348005295,
DIS3L2,3691,-0.257433080709986,0.592259939990424,
CHST6,2669,-0.492084449186517,0.59235132634188,
SCYL3,11967,-0.39506179191784,0.592430981014935,
PRKN,10610,0.597485305444198,0.592511649490322,
TMEM50B,14087,0.440217510978472,0.592561504214166,
CYTIP,3410,0.231294245310111,0.5926236714392,
NDUFB10,8802,0.151309138495799,0.592661385138331,
DLGAP1,3711,-0.854319876978856,0.592796141477795,
NIPAL1,8948,-0.618305999958541,0.592798036431963,
TOP1,14252,0.192041068805041,0.592851160871795,
ATXN1L,1193,-0.288813392037885,0.592942518979973,
HYAL2,6270,0.170883150392783,0.592978362877684,
PAFAH1B2,9538,0.197792431693061,0.593156604908121,
PLVAP,10244,0.322673359133806,0.593218394395186,
KRTAP5-8,7220,-1.09632763221429,0.593270989352599,
ATP2B4,1128,0.159676821612597,0.593355118857714,
GPR55,5583,-0.80470258014147,0.593355523082407,
TRPT1,14548,0.503113891950986,0.593464062116202,
CDCA5,2340,1.55979880536581,0.593521878256111,
PPIE,10429,-0.327372502051154,0.593643219211861,
LYPD2,7675,-0.688160721172518,0.593646506484404,
CDYL2,2424,0.376564258776402,0.593660670508005,
PAXBP1,9628,-0.298676591530305,0.593668102023631,
NFATC1,8886,0.422784065645714,0.593670727365663,
PCTP,9749,-0.31747566475351,0.59379148883347,
AMBP,565,0.587095727944561,0.593987907697076,
GTPBP6,5737,0.234133483366726,0.594010798917325,
SLC35A2,12516,-0.480119197267224,0.594078345579533,
OPLAH,9384,0.308499443613611,0.594087799805978,
ADM5,342,-0.656484230484252,0.594109471431099,
UGCG,14876,-0.154673566260308,0.594143234098045,
SIAH1,12279,0.316851778720288,0.594174256516931,
RCE1,11244,-0.238911122398577,0.594174638878597,
ANKRD23,655,-0.540807917229228,0.594178938406986,
SNRPA,12823,0.133887358881688,0.594221624344439,
CGREF1,2579,0.318586385573341,0.594235543978434,
IYD,6787,-0.430963562863025,0.594244204305377,
LETMD1,7347,0.208795645471772,0.594455275325645,
TAOK2,13471,-0.288684984311617,0.594455890481019,
KIAA1211L,7001,0.298818290171193,0.59448211745331,
GRAMD1B,5619,-0.468443383818058,0.594484300464006,
IGHV1-18,6392,-0.488925363422871,0.59453466373837,
REV1,11306,-0.162324289218621,0.594607573688508,
PTGER4,10815,0.39239532747347,0.594696918117284,
SARS2,11872,-0.300015669423496,0.594818967313431,
MYO9B,8602,-0.289828738554775,0.594881038584891,
ARPC2,984,0.0773881942225813,0.59495762730777,0.87071124970529
WDR48,15240,-0.574359993473866,0.59501808922771,
GPR157,5558,-0.358522275859704,0.595034203127819,
FAM135B,4535,1.55188724267465,0.59503712607951,
UTP25,15034,-0.471298154800811,0.595213459897558,
TMEM43,14081,0.217009884755998,0.595300760150865,
TROAP,14535,-0.983399416418241,0.595394580079904,
UST,15026,-0.250588801503866,0.595496080279761,
FSCN1,5043,-0.182851741972547,0.595547471456093,0.87071124970529
CCR1,2192,0.308426739767636,0.595616084027127,
FCER2,4786,-0.605315065208583,0.595636272037319,
COL3A1,2941,0.24668424448037,0.595747654544919,0.87071124970529
HINT3,5949,0.317003340466145,0.595764226184166,
FAM25A,4623,1.54240505199419,0.595802271137519,
PIGP,10023,0.361783405819951,0.595906917371734,
HIST3H2A,6017,-0.377982320918799,0.595947952675098,
ABL2,105,0.306759906910214,0.596121960389314,
SLC30A8,12507,0.721545794205405,0.596160082373123,
TRIM49,14481,-1.03289089370659,0.596212512089961,
WDR5,15242,-0.270048773860437,0.596289743028237,
PDE5A,9783,0.355353651511538,0.596345937048456,
DUOXA2,3934,-0.585930673963307,0.596536699877629,
BORA,1458,0.360755817118142,0.596818214379744,
FKBP1C,4908,0.219351459110752,0.596819053979897,
NFE2L3,8894,-0.149479817190254,0.596867141368271,
POLN,10334,1.3800277974819,0.596941812897211,
ITPKB,6772,0.365147710052012,0.596967320579275,
RESF1,11298,0.128840651828817,0.596969959047395,0.87071124970529
HNRNPDL,6100,0.673704133431175,0.596982053852265,
CLCA1,2722,-0.811580014394472,0.597055303932653,
WDR60,15249,0.293656058489122,0.597104283184573,
MAPKBP1,7838,0.385624213052752,0.597144273132685,
PAFAH1B1,9537,0.167001918221035,0.597253435452962,
RNF169,11502,0.387989845908217,0.59730446423219,
MIS18BP1,8141,-0.59789346748334,0.59741801221518,
ADSL,362,-0.688726957560656,0.597489857425036,
TSHZ2,14572,0.50255899809966,0.597538655969531,
PPP1R16A,10469,0.203401651377841,0.597571328950739,
KCNIP3,6890,0.71498284056087,0.597593627279131,
SLC23A3,12417,0.643098810283762,0.597613031145311,
PLEKHF2,10187,0.151301743230527,0.597704018866427,
TM9SF2,13885,0.108883276226969,0.597737338707225,0.87071124970529
IFT81,6357,0.215057244237499,0.59775532491995,
TMEM125,13937,-0.467666815313318,0.597771535508243,
PELI3,9856,-0.577659740809429,0.597774809983201,
ZNF558,15871,0.280988597314898,0.597799989798723,
MEI1,7995,0.452612743059528,0.597815787888695,
BAGE2,1272,0.201312606092245,0.597918526729763,
ATOX1,1106,-0.266465761097878,0.59795304051645,
KDM1A,6953,-0.640875885946138,0.597968006550586,
ARIH2,929,0.148672167946874,0.597984030927868,
DNAJC3,3794,0.0966875164694494,0.597998160586091,
FAXDC2,4709,1.16002301313294,0.598044390477066,
ZNF438,15794,-0.338912027082458,0.598069916416037,
MRPL23,8323,0.0981956635105303,0.598093058929625,
OMA1,9373,0.520031045973188,0.59821291365691,
IFITM2,6335,-0.262468151689859,0.598239743577878,
MFNG,8059,-0.28500355793629,0.598320888960753,
GALM,5154,-0.300483595924596,0.59833063853172,
FAM78B,4652,0.641300228556277,0.598416201419292,
GTF2A1L,5708,0.70786484496247,0.5984817915023,
SLC39A5,12563,0.390092398804189,0.598502169704744,
SLIRP,12674,-0.705236617803364,0.598669260560275,
C1GALT1C1L,1641,0.593570631084882,0.598866686640502,
RNF34,11532,-0.183100442320697,0.59896627231362,
SLC66A1,12612,-0.291831429518436,0.599034946727891,
GOLGA8R,5476,0.329299091329903,0.599041748987363,
ADAMTS19,264,-1.5315126342202,0.599185213849088,
RRS1,11724,0.260119528948246,0.599218117715286,
PHF3,9959,0.120759443338196,0.599307062070601,
NOA1,9022,0.195489377789796,0.599515583597094,
MRPL28,8326,-0.561800137132951,0.599625419931576,
RGMB,11343,0.387721377185479,0.599677158651108,
RALYL,11084,0.710619996298123,0.599696413158733,
CYP2C8,3371,1.53431188156057,0.599785066281793,
RINT1,11426,0.433519598987228,0.599791511559561,
KCNAB1,6868,0.775893750731892,0.599836395914607,
ZW10,16129,-0.131046364432279,0.599925630756018,
TMEM11,13927,-0.405210805546072,0.599974946880563,
UACA,14761,-0.401696875169369,0.600050998054906,
RPS17,11659,0.228245546570574,0.600143864585166,
VMA21,15106,0.576923774983363,0.600244337983276,
PRX,10717,-0.568400447573163,0.600277153835392,
CXCR5,3319,-0.668100623540302,0.600287258834646,
SGO2,12196,1.2596926783966,0.600565078089089,
AP4S1,755,-0.715205181671731,0.600648658810238,
TSPAN12,14583,-0.256325000231004,0.600855604231709,
CARNMT1,1924,-0.777396333477373,0.600859642779796,
SEC14L5,12001,-1.52555167959794,0.600911397203831,
KIF4A,7049,1.44863983530774,0.600913276474287,
HTR3E,6256,-1.5282444450059,0.601058987242834,
SNCG,12803,0.397999351095608,0.601124190593383,
PCDHGB6,9708,0.349478455560377,0.601164598238456,
NCCRP1,8734,-1.13050416099304,0.60124067378233,
FIP1L1,4896,-0.383287177446476,0.601248918153401,
CD207,2236,0.943119379224957,0.601485811669142,
KRT19,7198,-0.172088055524739,0.601500057247946,0.874613596755121
YRDC,15398,-0.248577586151304,0.601561513054591,
PABPC1L,9519,-0.176251324320432,0.601563294695376,
RHEBL1,11383,-0.537145841385264,0.601605488336702,
RMDN1,11446,0.429912997427212,0.60162354494773,
ZNF112,15616,-0.435753532482702,0.601668256805835,
MITD1,8144,-0.245670033800631,0.601672875150927,
TET1,13681,0.428360278085199,0.601675420501018,
FAM81A,4653,0.683876193990249,0.601708896577115,
EP300,4280,-0.162215414912809,0.601859621908132,
ARPC1A,982,0.173118683193032,0.602105012406831,
CHRNA1,2652,0.851353531007442,0.602258121642441,
TRIM27,14461,-0.14960339975805,0.602341683651285,
ENDOU,4245,1.26025592087894,0.602444890410584,
DRG1,3898,0.305038330362519,0.60251469014215,
AMIGO3,575,-0.433832436136425,0.602709789403857,
LAIR1,7246,-1.00316600795855,0.602712113006954,
RPL7L1,11633,0.126710287049124,0.602731492285131,
CTDSP1,3228,-0.109986971814066,0.602822572433408,0.874939571486299
FBRSL1,4724,-0.212718024807778,0.602850488542089,
PMS1,10269,0.114523043914814,0.602862919055015,
CRYGN,3157,0.665882553156531,0.602890596393784,
STRADA,13249,-0.264861545042604,0.60300594079805,
TYW1,14754,0.487020366983363,0.603058410120724,
TMX2,14158,-0.475783004721604,0.603217218779716,
SLC9C1,12656,-0.763574738589014,0.60326244929796,
NMNAT3,9012,0.499492554146005,0.60332149788798,
NUP98,9294,0.235596385658035,0.603342342215747,
HSPB6,6236,0.486253977997061,0.603347868669175,
LHX2,7376,1.51479341063689,0.603400682427915,
NT5C3B,9206,0.530452307640334,0.60354756074603,
HS3ST1,6180,-0.388528558012125,0.603577618929886,
ODF3B,9344,-0.208750053650111,0.603763369456479,
LGALS9,7359,-0.236122006616993,0.603775450054774,
SNAP29,12792,-0.376359422710881,0.603871773200899,
GSE1,5678,-0.219604344190203,0.60394785935313,
RASL12,11146,0.530433295108094,0.60395717561752,
KDM2A,6955,0.488083666976287,0.603959294874949,
PGM2L1,9924,-0.233145869166191,0.604002884708761,
FCN1,4803,-0.387854157167669,0.60407151137179,
ZNF614,15918,-0.483479601909728,0.604170879992452,
TESC,13676,-0.207970135887503,0.604247380703825,
FGF18,4852,0.606613934927955,0.604285110341034,
SCARA3,11906,0.317482135938832,0.604321669403195,
S1PR1,11823,0.327830030667766,0.604384641110283,
TARDBP,13480,-0.0909932301896123,0.604429140454168,0.874939571486299
DLEC1,3705,0.432973008111825,0.604440651484884,
KATNB1,6851,-0.248247157137888,0.604446858948531,
ATR,1185,0.199426782280228,0.604573900627596,
B4GALT5,1251,-0.326266507164048,0.604593092242145,
USPL1,15025,-0.289094052862157,0.604615601354224,
PML,10263,-0.161322123805703,0.604619881401536,
CEP295NL,2498,-0.232368799945015,0.604730184490468,
SPAG4,12932,0.367675545770704,0.604836375804684,
LCA5,7296,0.984982190596732,0.604840788994711,
FAM241A,4620,0.254959632926582,0.604852078837046,
S1PR4,11826,-0.389368658416462,0.604931438316178,
SMA5,12694,0.292057763365608,0.604951485859791,
KCNA2,6864,0.679904217482499,0.604953715678021,
INSR,6631,-0.107548767487059,0.604976804076028,0.874939571486299
STAC,13168,0.674416679094702,0.605033556032878,
ANXA8,721,0.485740300501235,0.605414762877156,
DTD2,3917,-0.4618386566707,0.605487109313785,
C3ORF80,1730,0.868505314451345,0.605502216009829,
MKLN1,8149,0.229934441949856,0.605526966944214,
SCTR,11959,0.343029070019895,0.605554514292092,
NLGN4Y,8985,-0.689173288075651,0.605560525972314,
ZGLP1,15576,-1.49917980328949,0.605639699712075,
ADGRA3,303,-1.50794964299252,0.60565207086046,
TMEM167A,13975,-0.157327989680252,0.605711485859849,
RHBDD1,11373,-0.365213492267268,0.60572833894205,
EDEM3,4034,0.142512569145385,0.605761141861336,
CELSR2,2453,-0.442438047847758,0.605800325242166,
TXN2,14731,-0.166928903119331,0.605851872114879,
AGO3,403,0.261618430122265,0.605865250276038,
HIF1AN,5938,-0.205447546258732,0.605951210674631,
SSRP1,13135,0.161008886773727,0.606013919507717,
GGTLC1,5307,-0.511976945305547,0.60603941148212,
KEL,6974,0.985272332166772,0.606041458566307,
SLC35B1,12520,0.329794507063449,0.606075336196633,
CTXN1,3274,0.514655054008515,0.606124028225546,
HADHA,5794,-0.158601700107613,0.606359318039858,
PPA2,10403,0.17792039268743,0.60638144249317,
FAM83D,4657,0.441402937901897,0.606480563225104,
PRMT5,10619,0.329587432714501,0.606516742250661,
KCNJ5,6899,0.759011346169589,0.606576916022742,
ZNF609,15914,0.214207221173294,0.606584031475716,
FABP3,4486,-0.623476022766307,0.606738286798601,
PTCH2,10800,0.637485703377163,0.606782898102601,
ACOT2,176,-0.557982158763813,0.60682677932541,
EMD,4221,0.179181914443435,0.606832746895924,
MAPK8IP2,7831,-0.439603975500997,0.606838468308442,
ZC3HAV1,15486,0.24032199964408,0.606918323255105,
LRRC57,7575,0.382390612819816,0.607096875555494,
OBP2A,9329,-1.09541721768095,0.607161931935865,
ATAD2,1061,0.361674360452127,0.607264169524862,
TEX10,13684,0.22441359853879,0.607269944160773,
TRAF3IP3,14330,0.237667459927379,0.607314702539929,
C5ORF24,1745,-0.720361503968322,0.607371253909756,
PCBD2,9642,0.190189490251962,0.607487234531402,
CDNF,2408,-0.588899401023563,0.607497760445353,
ZNF212,15663,-0.363365365238667,0.607571785175393,
MORC4,8238,0.172609345114411,0.60761060334497,
ZSCAN1,16103,1.05401713534153,0.607668432953751,
MRPS30,8375,-0.412051503310716,0.60769583836629,
HEXA,5909,0.256232162957163,0.607701667155593,
TPGS2,14291,0.33388580646488,0.607770050507249,
CD28,2247,-0.595104784634182,0.607773907278071,
KCP,6929,-0.263099767537491,0.607848586387208,
CRAMP1,3096,-0.347169713238637,0.607915122503464,
CORIN,3009,0.589846489952768,0.607937602896473,
ADAMTS5,269,0.474224659658877,0.607960565463523,
WDR33,15227,0.632617878928574,0.608035850864875,
PCNX3,9736,-0.214315593628196,0.608052107130434,
IDH3G,6305,-0.114145138287155,0.608221641656784,
ABCG1,76,0.473720119165206,0.60824406391202,
BCAS1,1315,-0.255254234620859,0.60825106042647,
DDX39B,3544,-0.161638350223836,0.608272564439519,
ATP10A,1107,0.322231923564792,0.608278767418406,
GABRA5,5127,-1.27855578320615,0.608344344844024,
SLC4A4,12597,-0.275349108559206,0.608400375851945,
DUSP11,3941,0.2135937101141,0.608414299689339,
MELTF,8003,-0.362606235314816,0.608490722745192,
JSRP1,6825,0.410459550820298,0.608495939172889,
IGLV3-12,6472,1.18186789212867,0.608537254334319,
ZNF106,15614,0.354848528233241,0.608561102584031,
APBB3,767,-0.218478584116111,0.608598239218856,
DCAF5,3466,-0.140913511933846,0.608619658846395,
PSMA4,10740,-0.194707549453746,0.608656149560226,
SPDL1,12969,-0.395575795542924,0.608728246602988,
MTRNR2L6,8499,-0.288106118446153,0.608798819447107,
TXLNA,14727,-0.122730880118745,0.608812261246635,
ZNF92,16083,0.255608543267218,0.608849653979406,
LILRB4,7395,-0.348036227352753,0.608892183302061,
PHKA1,9967,0.58864052139277,0.608920980923692,
RBMS3,11218,0.323629948343559,0.608990637412528,
OTUB2,9467,0.62931515695451,0.608996112582786,
SLCO5A1,12665,-0.483247879815117,0.609001485333604,
GNG4,5437,0.620769695144094,0.609012500808645,
ZNF75A,16008,-0.41301895028296,0.609048018836028,
QSOX2,10946,0.483790114460997,0.609158728838149,
PTBP2,10795,-0.476947410069117,0.609163457208294,
BFAR,1380,0.637366562444407,0.609170948881331,
ZSWIM7,16125,-0.148360756119556,0.609220365920597,
THAP11,13745,-0.564456954734558,0.609240261381274,
LAGE3,7245,0.355098509677701,0.60924805601723,
RPS18,11660,-0.576898087906095,0.609270365290161,
PIP5K1B,10069,0.290944243518488,0.609435361659869,
SMG1,12731,0.119740047706095,0.609449622418632,0.875143298423857
NUPR1,9295,0.170457620023643,0.609491039518101,
NAV2,8698,-0.325509662672824,0.609501060685249,
SMTN,12777,0.420407895221069,0.609527330027166,
PRDM10,10544,-0.781531219231905,0.609600252806745,
ZNF639,15934,0.183029683699707,0.609649285742845,
EIF5,4164,0.102055459486148,0.609741161552516,
LEMD1,7333,0.814746305429651,0.609763924177865,
SLC9A1,12643,-0.142483688773399,0.609844110060415,
BARX1,1286,-1.32809131317949,0.609856918074845,
RECQL4,11266,-1.48264454897872,0.609911215041592,
IL17RE,6527,-0.303446260070166,0.609946383844298,
AHSA1,429,-0.160834416465426,0.610068728989598,
RANGRF,11099,-0.473470635350726,0.610094162923255,
SIPA1L3,12312,0.188392722058615,0.610103000812445,
TDRD6,13635,0.939419692240374,0.610276485499802,
GCNA,5241,-0.957241461129216,0.610304367643815,
VDAC2,15079,0.106361214450236,0.61037204211333,0.875143298423857
DNAJC22,3788,0.27789587532313,0.610420953053209,
OR2A42,9395,-0.582604581474679,0.61051379929425,
TXK,14726,-0.510040212706588,0.610551332975707,
ZYX,16136,0.122596659414561,0.610563293396605,0.875143298423857
FDXACB1,4817,0.675017869621567,0.610568354519972,
UGP2,14880,0.0887853913098103,0.610587584373957,
PCYT2,9754,0.438018049307187,0.610629590903126,
MED26,7975,0.269466582508579,0.610701780566742,
RBM17,11187,0.164364599862011,0.610729803461909,
SMN1,12762,0.575673585545515,0.610799230237413,
PCDHB6,9687,0.591124915019381,0.610800646955253,
KLHDC8B,7104,-0.292645527071612,0.610832051451889,
CCDC14,2032,-0.444341968700486,0.610919004111081,
LRRC2,7545,1.48418873786158,0.610964070968795,
SDC3,11971,-0.292672975059487,0.610985433266968,
NHSL1,8931,0.248975431219469,0.611152058606709,
HEBP2,5876,0.216860518955983,0.611163872482223,
DAD1,3425,-0.145358597977855,0.611194947266643,
SOWAHA,12895,-0.66800922098278,0.611221921150126,
SPATC1,12959,-0.722579145143023,0.611257810967135,
MNDA,8212,-0.226783613439764,0.611264683583396,
MAN2B1,7762,0.172737837630804,0.611436015032756,
LCN1,7304,-1.477903510753,0.611444522703744,
IGFBPL1,6376,0.911427157162221,0.611474656240528,
IGLV8-61,6486,-1.16577178941863,0.611475188843498,
GAS2L3,5196,-0.468548929886015,0.611509988816585,
RNF114,11473,-0.197034342455621,0.611733138738585,
CYREN,3400,0.445854259316361,0.611820958244485,
ADAM32,250,-1.03322539493151,0.611857029656801,
IL32,6555,0.165167794376794,0.61198152332088,
SCLT1,11928,-0.27720852369913,0.612044358057296,
TNC,14161,0.328509176372127,0.612083857997091,
NFKBIE,8906,-0.404852353595586,0.612206132716289,
DTX3,3927,0.790470196851628,0.612231079894581,
KCNJ14,6895,-0.567801413891874,0.612236091799643,
GPRC5B,5599,-0.384084920078549,0.612284722889102,
PCDHB2,9683,-0.673368196100527,0.612345625197923,
HMGN1,6073,-0.0737991962471134,0.612379019383379,0.875143298423857
LOXL2,7486,0.269665363859718,0.612380297920115,
LEMD3,7335,-0.25764838681947,0.612477542362795,
NUDT1,9244,0.333167522913377,0.612564998105633,
MXD3,8538,-0.360919594604048,0.612583910119203,
ZNF517,15844,0.410017812290123,0.61271678214168,
TNXB,14232,0.564742948492607,0.6127240329735,
PEAR1,9846,-0.464711641264347,0.612732117866043,
PRR33,10673,0.496700543434538,0.612788303648155,
SPC24,12963,-0.35418765848917,0.612937847198385,
NSMCE4A,9193,0.134937449412097,0.613027736220175,
MAT1A,7862,1.02506160225291,0.613101513121425,
CXCR2,3316,-0.822319306191857,0.613117920757874,
PLRG1,10237,1.10559920325896,0.613193350873646,
KLHL38,7131,1.13178884363891,0.613215850568803,
BRDT,1481,0.941090085149628,0.613217453900971,
FBXO30,4755,0.253005315741575,0.613239552924476,
PPP4R3A,10517,0.182194159110098,0.61328946892466,
FAM222B,4611,0.0997728181936315,0.613304239049913,
EXOC6B,4439,-0.60790493990968,0.61331430594027,
PRRT4,10691,-0.813975853994113,0.613465777232446,
ARHGDIA,891,-0.698123040865589,0.613481930627975,
GPR75,5587,-0.482341528557139,0.613494901486212,
TFDP2,13708,0.478041922996188,0.613510790093969,
PPIB,10426,-0.147390032647216,0.613628620252263,
GJB2,5340,0.213731587931635,0.613703844823965,
CHCHD2,2591,-0.262002846047264,0.613734865773861,
CCDC126,2025,0.266107485700072,0.613782918365698,
POLR1E,10340,-0.388669429236076,0.61382006927643,
ABCF3,75,0.385901948770801,0.613843202208731,
TTC19,14628,0.278465474269302,0.613852836208659,
ZNF304,15723,-0.350436382452975,0.613871063684664,
HNRNPA2B1,6093,0.156216582351811,0.61387950754141,0.875143298423857
HOXA4,6127,1.472894998531,0.614000506435146,
KIAA1217,7002,0.137846100266342,0.614045718242157,0.875143298423857
CCDC174,2057,-0.366570117244265,0.614090786640805,
GREB1,5631,-0.480757448058459,0.614092445513817,
WDFY1,15207,0.144205047457815,0.614249229830946,
NCBP2AS2,8732,0.297100098758258,0.614260639907761,
FGFBP3,4863,-0.239946948251238,0.61432070974211,
CD38,2262,-0.812848191756486,0.61435032336829,
DIO2,3677,0.444953050471087,0.614391347512427,
GPR1,5540,0.927608750577488,0.614445536691514,
RPL18,11597,-0.105811708535394,0.614474810682876,0.875143298423857
ATP6V1B1,1162,1.05373007812211,0.614499200525178,
UBE2A,14784,0.445219192515471,0.614513534129997,
NBPF19,8715,0.129069467215913,0.61452319839672,0.875143298423857
HRCT1,6174,-0.45835901494599,0.61453910111399,
ALPP,559,1.1633865694446,0.614561797873633,
SLC27A1,12475,-0.219344004973487,0.614573579902081,
PATL2,9621,0.548116927119625,0.614723403483047,
DNAJC27,3792,0.317056285097092,0.614737837734212,
RPL4,11628,0.117435747207561,0.614877633465089,0.875143298423857
PON1,10377,0.817128059177905,0.614904294895431,
NTN3,9220,1.23266659186698,0.614931554291372,
DYRK3,3980,0.331456720792858,0.615026751058,
AOC1,725,0.633680457284677,0.615050880548232,
CD72,2286,0.645345418514191,0.61507021566344,
SLC15A4,12371,0.118470652032599,0.615131585300865,
KIF16B,7025,-0.439652817040367,0.615144295858744,
LHX5,7378,-1.46334624035324,0.615232069513948,
IGFBP6,6374,0.266050837955418,0.61527518444395,
BOP1,1457,-0.385019100692495,0.615298208064977,
KIR3DL2,7063,1.45834922729738,0.615391033406151,
NCAM1,8722,0.733872505964671,0.615393384119852,
VPS54,15148,0.169942277398532,0.615418679588037,
ZBTB37,15444,-0.326275285591403,0.615497371867826,
RSC1A1,11729,0.319510467105749,0.615583466736358,
MGARP,8079,-1.02537453576612,0.615623622608821,
PARVG,9617,0.261966168916018,0.615672332464689,
FER1L6,4826,-0.476393626453513,0.615680574092111,
SLC10A7,12355,-0.154628455995691,0.615686979122744,
HLA-DOB,6035,1.46207107303928,0.615712167726522,
TSPAN4,14594,0.618891840470772,0.615714667653277,
SNN,12812,0.181510218382367,0.615716249411795,
PDE1C,9774,-0.525318204236781,0.616085847540468,
ARRB2,992,-0.348868527078566,0.616115451905352,
GPR37L1,5578,1.45869315185098,0.616164128600198,
CDC42SE2,2332,0.248375392981829,0.616194076818962,
ZFPM1,15560,-0.365874944937168,0.616238404547081,
BTN3A2,1534,0.20166799341071,0.616317743544528,
PDE6G,9787,-0.92861772463532,0.616363322390439,
PLA2R1,10129,-0.183873008003556,0.616416001577149,
GIGYF1,5314,0.283160665243952,0.616547609283286,
ARHGEF28,906,0.176473387035185,0.616580003986832,
HIST1H1A,5957,0.372699121060201,0.616716258385372,
CDC16,2310,0.0909206472438759,0.616824531018017,
ZSCAN31,16116,-0.38714009459815,0.616845911508649,
MSH2,8404,0.414451731341776,0.616847590166295,
LIPC,7431,-0.680408396662722,0.617035514284486,
MDGA1,7937,0.386690691514507,0.617055150024359,
PHRF1,9983,-0.253063889771692,0.617069222500004,
OVCH2,9479,-1.45030883839972,0.617071082060974,
SNX17,12850,0.184198693972699,0.617089272349674,
RGS22,11364,0.464230410775361,0.617126286169859,
SLC15A1,12368,0.571097601569234,0.617165814667961,
ZIC5,15583,0.750262266435814,0.617227230914896,
AQP12A,821,-1.29114218122796,0.617257934389952,
MTRNR2L10,8496,-0.295158175022519,0.617291817343457,
ATF3,1071,0.425327455410935,0.617310557079276,
LSM5,7621,0.438965616109702,0.617336395082545,
UBQLNL,14839,0.604908171925007,0.617384444923942,
MRNIP,8302,0.15351733693106,0.617391825932804,
NEPRO,8869,-0.189627812302072,0.617404080619078,
TADA1,13426,-0.288036239283508,0.617505490361774,
PANK3,9570,0.135667790912644,0.617533553430469,
ZNF341,15745,-0.366634838649585,0.617661560390697,
C10ORF113,1551,-0.9623904481347,0.617770446632055,
STARD7,13187,1.33440855166567,0.617779965817274,
CCDC120,2020,-0.486262635101503,0.617807401324009,
OTUD5,9470,-0.207582031431806,0.617819038496514,
DMGDH,3731,-0.871385903108103,0.61782094492809,
IL34,6557,0.506316277376422,0.617826003313277,
THSD7A,13778,-0.425145694135099,0.617885906490242,
CALY,1862,1.17093495966626,0.617908029307603,
MRPL11,8311,-0.805980270560631,0.617929287611606,
COL1A1,2931,0.225383808298966,0.61801242100046,0.877080141942524
MTHFS,8468,-0.1921451817729,0.618094009948575,
IKZF5,6507,0.250358634764592,0.618098761192219,
GOLGA8N,5475,0.215382556699565,0.618288439289758,
TSC22D1,14559,0.206045903276077,0.618292460831661,
SNX21,12855,0.275447327215454,0.618294649010254,
FRMD1,5028,1.44877558594768,0.618307384327576,
IL15,6518,-0.35332860776469,0.618362151543348,
MAGI3,7734,-0.60709734538513,0.618374270203128,
ENPP1,4260,-0.472208700120742,0.618413108941838,
EIF3F,4142,0.141727745762361,0.618451382498405,
PAIP1,9546,0.668271498177762,0.618463964672834,
ZBTB44,15452,0.337188440749509,0.618478615392309,
EMILIN2,4227,0.264271775692358,0.61849976416871,
SIX2,12328,-0.44242835781239,0.618551581358905,
ZNF665,15948,1.45084524716801,0.618657910444165,
SRD5A1,13067,-0.303494652204755,0.618691379514841,
GGA2,5293,0.252554089530589,0.618707067239113,
MCIDAS,7906,0.722927212100202,0.618738745829908,
SS18,13116,0.118337895334531,0.618805280497705,
KCNJ12,6893,-1.45589503679657,0.618839471340069,
GNG7,5439,0.35376352197994,0.618893135943241,
UBE3D,14822,-0.984711834381848,0.618909527293396,
GRPEL2,5666,0.427019573862825,0.618920627520457,
NOP14,9048,-0.248153170416691,0.618941323099882,
POLR2D,10344,0.488693841990451,0.618987632638901,
PMF1,10260,-1.44812250387394,0.619040160365267,
IMPA1,6584,-0.181065201685282,0.619108259876571,
MBD6,7880,-0.135868865200248,0.619118476000261,
ZNF467,15810,0.580517060728844,0.619201796880365,
NOS1,9054,1.01644155948391,0.619202234235621,
GOLGA8K,5473,0.437750062514211,0.619347346353204,
PAIP2B,9548,0.332008874497227,0.619498739907917,
PRPF40B,10650,0.281483183910782,0.619500545719615,
DDX5,3553,0.074157259905518,0.619520812086873,0.877080141942524
SLC22A1,12400,-0.3796303768268,0.619547308619356,
PPAT,10410,0.722884167399586,0.619551863611565,
GALNT14,5161,1.44949981351621,0.619564324068618,
RAB26,10977,0.380475650428443,0.61960606434652,
LAMP3,7261,0.577732988424099,0.619655695138638,
ZFP91,15557,-0.107177244271258,0.619677681839966,0.877080141942524
MED13,7960,-0.156543353031273,0.619679568179682,
KIAA1211,7000,-0.124243373300105,0.619752532847464,
ZFAND1,15529,-0.479651533495705,0.619758127779324,
TENM3,13661,0.318109056257593,0.619771299565277,
PA2G4,9516,0.25328979384938,0.619829556811879,
CCAR1,2005,0.420682180545699,0.619911509329113,
SGSM2,12202,-0.284669930276382,0.62005555605801,
DLG4,3709,0.282833964232019,0.620128998908148,
TYW5,14756,-0.357379007755311,0.620142429669079,
AK2,447,-0.26979457202528,0.620167425101077,
AACS,18,0.25470293425794,0.62018767313338,
IPO8,6661,0.185908298901267,0.620192391474796,
SCARF2,11911,0.385790143071981,0.620285389282798,
IHH,6497,-0.44774231315952,0.620369740378338,
FAM219B,4607,0.216678021814103,0.620379887454988,
SNRNP27,12818,-0.326862214150433,0.620417228035144,
PDXDC1,9831,-0.198346084033494,0.620455350005016,
TSR1,14608,-0.238176857762805,0.620471025318591,
PPP2R3A,10502,0.314922354464307,0.620485290919444,
ZNF662,15946,-0.235822219328759,0.620545077562058,
CTSB,3255,0.135323830932006,0.620585825339753,0.877080141942524
PCDHGB5,9707,-0.344840813702158,0.62060779302658,
ELK4,4184,0.131877318510113,0.62067496922346,
RYR1,11802,-1.36109447748375,0.620706503565608,
AQP12B,822,-1.4407818847819,0.620748937320564,
NIPSNAP1,8953,-0.464553764180289,0.620823699429659,
LZTR1,7695,-0.368309995077702,0.620874376477529,
KRTAP5-7,7219,0.923994034335799,0.620875000515007,
CCZ1,2214,0.134835250051874,0.620917275462299,
CNST,2887,0.204946859279173,0.620951650862232,
ATP2A3,1125,-0.214715056430938,0.620958884656169,
ZNF319,15728,-0.298924007044536,0.620964612653615,
BTN3A1,1533,0.169773552423547,0.620986927493606,
ATXN2,1194,0.134381916233035,0.62106219211291,
ALKBH7,544,0.234564934479076,0.621152217530378,
RABGGTA,11035,-0.172610377583054,0.621328545691005,
ZNF322,15731,-0.556617969746552,0.621624815948659,
PCED1A,9714,-0.142689685498689,0.62166477647468,
RHCG,11381,1.19531329561988,0.621753209937334,
KLHL24,7119,0.196989404997481,0.622036529751646,
MPV17L,8281,0.735546882516772,0.622071610516805,
USHBP1,14966,-0.809303202811769,0.622175484726486,
GPR148,5552,-1.43363839160753,0.62233397415059,
MGAT5,8085,-0.11675805987091,0.622340584905821,
ZC3H12B,15473,0.572728822585083,0.622377466961183,
COX15,3022,-0.116689879941851,0.622494435647078,
PRRC2B,10681,0.152619479781836,0.622504764326212,
ZNF41,15776,-0.139733308579472,0.622673986583528,
EIF3M,4149,0.298871496606782,0.622752984904905,
MYEOV,8562,0.301544530706292,0.62276349463013,
ARID4B,925,0.133600496697183,0.622796323211796,
KLHL6,7136,0.344760020943868,0.622860317330695,
PIGO,10022,-0.353188928995322,0.622919986936667,
ZDHHC16,15511,-0.176713819708197,0.622974858369868,
ZNF37A,15760,0.335087651449512,0.623016095737068,
PDE11A,9770,-0.220167168028021,0.623024550655086,
CEP63,2505,1.13917898721103,0.623068034037734,
GMEB2,5404,0.617558677481688,0.623355676048225,
CUL4A,3281,-0.232234510412042,0.62342096802511,
TYRP1,14752,-0.732938358591295,0.623464308832176,
SHF,12250,0.405077413319334,0.623566135942989,
PVRIG,10905,0.684557655292188,0.623620980758722,
SLC4A1AP,12594,-0.254597873881464,0.623622602605132,
MAGED4B,7727,0.427046366446978,0.623626647219776,
PCNX4,9737,-0.171269294755641,0.623782769557182,
MAP7D3,7816,-0.616621701644143,0.623819505089654,
STAC2,13169,1.42933661785726,0.623920044742178,
UBALD1,14773,0.259880989558138,0.623973671886416,
SLC7A8,12638,0.239582666227583,0.62398299405927,
EYS,4461,1.41842034121141,0.624084773334989,
SOWAHB,12896,0.452029856344818,0.62409634048196,
CBWD3,1988,-0.127863857650965,0.624125169562273,
ZBTB18,15432,-0.440747231621944,0.62423188594685,
SF3A1,12155,-0.218119880434599,0.624301694892606,
PRIM1,10578,0.69440253338161,0.624337111671595,
ATF7IP,1077,0.116366780241123,0.624399788335867,0.88065899963742
PPP1R11,10457,-0.159679240586157,0.62446850680089,
PLAU,10144,-0.226842477139802,0.624471449565722,
OR2AJ1,9398,-1.42511578109311,0.62466198478045,
CCNYL1,2189,0.393943727555922,0.624720187137611,
TIGD2,13798,-0.443856639300464,0.624721366526223,
CEACAM21,2429,-0.418670306052268,0.624727742844168,
CASP8,1946,-0.118382638334676,0.624727896032727,
NLRC3,8988,-0.642139842354374,0.624753556607861,
CDHR2,2360,0.342611312710879,0.624774718757309,
CRHR2,3120,1.42909829134744,0.62488949397812,
OR1J4,9392,-1.42091845034087,0.624896037264106,
GPD1L,5526,0.236936405944402,0.624916798693957,
CSTA,3208,0.311756484327777,0.624947584390004,
OSTC,9460,0.294607407078019,0.624955060560426,
CCNB3,2165,1.01057102601172,0.624968030635544,
PERM1,9865,-1.42161954343294,0.624996216597586,
ZCWPW2,15502,0.52683547799019,0.625047237333746,
IL10RA,6509,-0.687082797099689,0.625048194734106,
CD37,2261,0.218473111620101,0.625051290008223,
SRRM2,13100,-0.153429065568671,0.625191030981747,
SSBP2,13121,0.846738848266664,0.625258492355366,
CD81,2291,0.189850030236283,0.625300627995343,0.88065899963742
PON2,10378,-0.212391717151921,0.625329592740674,
RILP,11413,0.434242783996163,0.625333431216804,
ZNF697,15972,-0.242900377572397,0.625409378285436,
CHCHD4,2593,-0.278794261380359,0.625421349447638,
TRIM45,14478,0.558939178019824,0.625516876000355,
FRK,5027,-0.222822572994962,0.625671644162874,
RPLP0,11636,-0.22629296518487,0.625880883798846,
SPOP,13015,0.322088873628902,0.625941706390371,
SLC25A36,12449,0.257376510152946,0.625957872181471,
KLHL33,7128,-0.876303370761427,0.626005617558016,
LRPPRC,7537,0.136802658755396,0.626039110516649,
BAG3,1268,0.12595647596959,0.626048936402608,
POLR2H,10348,-0.124231377835968,0.626058316842798,
GCA,5226,-0.234793695798961,0.62606247226726,
GJB1,5339,-0.231296453802898,0.626090546836702,
TLE3,13850,0.126873008340473,0.626397437620804,
ZNF385D,15766,0.697578346969388,0.626445366913082,
HSD11B1,6190,0.404592219870551,0.626456330440729,
TMEM255A,14051,0.627801794900883,0.626478849330472,
IFNE,6339,-0.500141609037158,0.626506512203588,
NT5DC1,9207,-0.395499285776387,0.626547007318093,
ABCC9,67,0.450739510392801,0.626550987765891,
GBP1,5219,0.196218126118335,0.626560473230859,
GOPC,5488,0.116948633936325,0.626723487720363,
NFIA,8896,0.174318938472162,0.626755274246615,
C5ORF46,1747,0.700882171828602,0.626775812650148,
TSC22D4,14562,-0.0905038187064946,0.626984540294713,
RGPD8,11350,0.119619406095532,0.627027620259744,
SLFN5,12672,-0.137206436046741,0.627128240163991,
CHMP6,2634,0.27477946312769,0.627132113707629,
TOX3,14268,-0.187372130801616,0.62713829223307,
MME,8180,0.284828226333193,0.627138392577265,
FADS1,4490,0.301375491503686,0.627154597225259,
DKK2,3699,0.543130794048682,0.627155514715141,
HERC2,5896,0.46338789610101,0.627160498822454,
ABCA2,41,-0.138677784138107,0.627196381089181,
SLC2A4RG,12494,0.24744836039815,0.627209544025402,
RTEL1,11749,-0.553340126149022,0.627211503542985,
NSUN7,9201,-0.295009334672563,0.627274148248621,
SUMO3,13316,0.150517228493088,0.627510486037189,
PTK2B,10832,-0.27112022444792,0.627555969118812,
GGCX,5297,0.208614183301101,0.627560466040632,
UBQLN2,14837,-0.191670419774133,0.627717443742714,
CYP2C9,3372,0.357048944892891,0.627747695975845,
SLU7,12688,-0.190271739331772,0.627807657718882,
UEVLD,14869,0.48823758413763,0.627906102930665,
CCL18,2135,-0.263241636741228,0.627957317294398,
M1AP,7699,-1.08417684798786,0.62798427841614,
TINF2,13828,0.244057006871394,0.627998742012258,
CSNK2A3,3190,0.133336844189066,0.628037488543439,
SCAI,11897,-0.304838666089695,0.628043462319852,
DOP1A,3851,0.435412027215934,0.628116128066485,
LAMA1,7248,0.663295765312813,0.628296264053693,
ICE2,6291,0.285182574772372,0.628334985579287,
MICU2,8109,0.495595774929304,0.628480013526066,
KIAA1841,7014,0.409375746568086,0.628511199971935,
GNB1L,5428,-0.227127336791737,0.62853988838486,
SLC29A3,12484,-0.309596394931689,0.628588660311514,
PLCXD3,10165,0.931317964643083,0.628654145417542,
INHBB,6603,0.3703924899591,0.628808597530401,
ASL,1038,-0.175080958374323,0.628916700735365,
HBM,5831,-1.07796188045638,0.629009387640195,
TAS2R46,13495,0.413149262240069,0.629021579135513,
DENND1C,3584,-0.258473470812025,0.629114006539233,
TMEM128,13941,-0.167470725184727,0.629124025998903,
FAM173A,4570,-0.500751116320236,0.629173881343211,
TFCP2L1,13706,-0.264947641886982,0.629356010181469,
ZBTB47,15455,1.40459926527581,0.629365743401302,
TAGLN3,13462,1.12650054791684,0.629481760043321,
HIST1H4D,5997,-0.226336551688285,0.629538799856951,
PVR,10904,-0.143209748381171,0.629602304709254,
TFAM,13698,-0.244954306249016,0.629698542972128,
UBAP2L,14778,0.151898222692974,0.62969887227267,
ACAT2,153,-0.335963057954887,0.629714979812487,
COL25A1,2937,-0.62969225417008,0.629729602328145,
ATXN7,1197,-0.14490737512283,0.629842388379402,
NMNAT1,9010,0.656148182992907,0.629955307104505,
PET117,9869,-0.151604043485771,0.629956862159507,
KCTD2,6941,0.217164313152532,0.630152798158605,
KLF7,7093,0.150809360367407,0.630177761052511,
SPATA7,12957,-0.228286327304689,0.63018219404907,
HGH1,5922,0.271728423672225,0.630206861274846,
RPL10,11588,0.296080578478665,0.630242333007329,
KRT23,7201,0.468577807316283,0.630244258321989,
MOV10,8251,-0.15789169095686,0.630287409762315,
H2AFB2,5772,1.39758720330766,0.63032884678046,
SYTL5,13411,-0.636839414489838,0.630404644654723,
DTX3L,3928,-0.293868466998839,0.630413558684484,
CCNL1,2182,-0.203146443437641,0.630449157847202,
SLC43A1,12574,0.318065244838842,0.630573706581808,
CLK1,2790,-0.190384270135704,0.630582225004511,
PPP1R7,10490,0.20938735680339,0.630610063328143,
AS3MT,1011,0.593129970449175,0.630742843767036,
CD300E,2252,-0.343499116853449,0.630750599557893,
QPCTL,10938,-0.40266211771224,0.630763593163817,
POLR3G,10362,0.642164196609584,0.630831596836453,
EIF3C,4138,0.257537241878864,0.630839806854372,
CHMP3,2629,0.375671756278824,0.63087200352511,
CD46,2271,-0.0919471200911804,0.630887382558382,0.883789993666259
SEC23A,12008,0.184161663230431,0.630918344391279,
FAM149A,4540,-0.610205226274839,0.630930647426303,
RDH13,11258,-0.287551245348607,0.630933607123431,
L3MBTL2,7237,0.242706661297143,0.630967277631218,
ZBTB42,15450,-0.45079526126577,0.631021734478085,
LY6K,7665,0.495029905802802,0.631152381925077,
CXCR6,3320,0.481498110321349,0.631203215811616,
CACUL1,1837,0.760697899521129,0.631266329073692,
GEMIN8,5274,-0.264517621875527,0.631350069382119,
FBL,4712,0.177213639624721,0.631384601976975,
CYP3A7-CYP3A51P,3386,0.310582082460933,0.631518314266736,
TMCO4,13902,-0.237591612309355,0.631676018556984,
EPC1,4292,0.376325556963374,0.631682495928792,
THAP2,13747,0.501427276569486,0.631693835794192,
RPS4Y1,11677,0.719475847175781,0.631705845879806,
GPR21,5571,-0.411932888547215,0.631772033788648,
DBP,3452,0.20333854940654,0.631800713249077,
USP13,14972,0.415408317129129,0.631812600437223,
CCDC51,2088,-0.24719200182144,0.632012139084625,
CNIH2,2856,-0.712516327562029,0.632146737988057,
FNIP1,4966,-0.281294684279051,0.632168510405426,
MLF2,8160,-0.203718606779737,0.632228408715986,
TBC1D25,13525,-0.188584004615617,0.632237319071388,
TXN,14730,1.39891131875787,0.632241220968626,
SIMC1,12305,-0.337349215739719,0.632301288233007,
ZNF280D,15708,-0.448451481170684,0.632339145087866,
ARGLU1,856,-0.0915350480568931,0.632366951124639,0.883789993666259
CCDC194,2069,0.568143157511192,0.632387139460053,
ULBP1,14904,0.840112524750716,0.632403852694459,
FAM91A1,4669,0.31742669476432,0.632411686237299,
TRIM2,14454,0.211963466863804,0.632518123360262,
SIDT2,12282,0.174480707788448,0.632548097139533,
POLR2J,10350,-0.491857373389448,0.632559314581687,
CCDC3,2077,0.538436400530774,0.632798662323234,
RHOF,11393,0.286052567599888,0.632799497884915,
TAP2,13474,-0.177835755150843,0.632966673596295,0.883789993666259
METTL6,8039,0.225238383279719,0.632969353864751,
HS3ST5,6184,0.909311988193722,0.633044704680335,
BHLHA15,1384,0.546605201803004,0.633138014606102,
SMARCC1,12713,-0.208118910074907,0.633197414217946,
DTYMK,3930,-0.299706970896469,0.633229688554871,
LMBRD1,7447,0.157928625934479,0.633242945906355,
ZC3H8,15485,0.248977367811791,0.633365737641631,
SSH3,13127,0.210043390561722,0.633387539700838,
ZMYM2,15600,-0.101717599894578,0.633415557384691,
RTN4,11764,0.117316564728149,0.633469808926625,
KIRREL3,7067,-1.31728119805316,0.633510672789873,
RAVER2,11158,-0.523972692977048,0.633515583119511,
ANKRD52,677,-0.227514161463483,0.633530200316634,
ABI2,100,0.410566430241108,0.633598482589724,
TMEM98,14125,-0.262687612254594,0.633750708030317,
TRMT2A,14522,-0.163585282602204,0.633781934448604,
B3GNT8,1240,-0.343272044806048,0.633798532564661,
BIN2,1400,-0.230359258470661,0.634063127044897,
ACSM3,203,-0.334810185743482,0.634081214914561,
TMCC1,13897,-0.136101916918621,0.634102940704768,
MON1A,8233,0.333667077512779,0.634132838129125,
DHX35,3661,-0.490903309214716,0.634242503565207,
TTYH1,14678,1.18644206316714,0.634342658099324,
UPK3B,14936,0.417794057433812,0.634370720914714,
MXI1,8540,0.227576395513886,0.634460821854336,
DACT3,3424,0.371058024116745,0.634522205046462,
CRYGS,3158,0.569575324402571,0.634539926492286,
SELENBP1,12030,0.221868874081297,0.634549352357228,
PEX5,9883,0.290029219848073,0.634559768457332,
COQ8A,3006,0.345952202533374,0.634659664966153,
KCTD3,6944,0.12696326148806,0.634736176437904,
CHRNA6,2656,1.19803078856031,0.634744454513826,
METTL2B,8035,-0.294064366122531,0.634804145567232,
HUS1,6265,0.0863943401235815,0.634832114954046,
FOXP3,5009,-0.679422598490604,0.634908279932762,
PXDNL,10914,-0.761780895985713,0.634993501292396,
ZNF813,16051,-0.531787427993878,0.635001084015459,
LPIN2,7500,0.148582746288522,0.635039017295076,0.883789993666259
CNN1,2862,0.349735323096174,0.63508591073953,
RLIM,11443,0.162424252464797,0.635086785976815,
PTPRZ1,10881,0.549421336175292,0.635145264070978,
DSCAM,3904,0.812188556185258,0.635228131937382,
PADI2,9533,0.404831706057842,0.635231071029384,
ADCY9,297,0.635959628384312,0.635240091512095,
CEACAM4,2431,-0.365530361684399,0.635256553620721,
SLC2A8,12497,-0.361731112392769,0.635285503587558,
FGF11,4848,0.766336136283343,0.635326083779246,
ULK4,14910,-0.306380539465343,0.635334611517523,
KAT7,6846,0.121198672724828,0.635411174425951,
EXOC3,4432,-0.0810433105271854,0.635423569932176,
C13ORF46,1587,-0.421279690649702,0.635483380507629,
NR1H3,9132,-0.185555831193355,0.635521923811778,
GPS2,5606,0.178024553120129,0.635697263754422,
PXMP4,10917,-0.389052806792282,0.635720910590952,
CYSLTR1,3402,-0.506599353213634,0.635808071575373,
NBEAL2,8706,-0.134161967019023,0.635859699644025,
NMT2,9016,-0.520765688557881,0.635859897432662,
TCP11L2,13619,0.362326620367566,0.635929704080504,
PEX10,9871,0.323510173185485,0.636052199705193,
PLPPR3,10235,1.3758396779326,0.636068097377022,
POP4,10381,-0.378646153173356,0.636107362614824,
F3,4475,0.182716796736898,0.636156370155323,
CCDC90B,2119,-0.185660290035907,0.636189520359338,
GGT5,5304,0.388283622243467,0.636332052406556,
CRYZ,3161,-0.383890505932,0.636468304304306,
ZBP1,15424,-0.413753388609647,0.636482943531223,
R3HDM1,10951,-0.931781308297192,0.636589634268106,
ZNF273,15700,0.5676767057511,0.636601751669852,
NPC2,9080,0.158458850412259,0.636616803436341,
ARL8B,956,0.140071313390378,0.636697906711432,
PROS1,10636,-0.233444622501746,0.636738705735064,
ADM2,341,0.592954312836632,0.636757624132312,
AP3M1,748,0.0911945355300899,0.636771729243491,
PIDD1,10007,-0.337857542990374,0.636781121741573,
NKD1,8966,0.243364958936303,0.636967072513732,
KRT78,7210,0.496911324843652,0.637009346420518,
KIAA0040,6983,-0.23541630091316,0.637024116961826,
CLEC1A,2760,0.428225897137213,0.63724403902247,
GOLGA6L10,5464,-0.986175295128903,0.63724633902594,
ZDHHC8,15524,-0.253306098672815,0.637261011289387,
PDCD6IP,9765,0.0666687714712983,0.637425142892891,0.883789993666259
SLC49A3,12590,-0.22390603371794,0.637479899102356,
SLC66A2,12614,0.164027285047003,0.637505523474227,
AKAP3,463,0.673750033973689,0.637560923711346,
CREB3L2,3105,0.240859480045295,0.637575642680145,
FANCI,4683,-0.66078008786743,0.637734207728078,
ICAM2,6286,-0.252814197441568,0.637826064607037,
RNASE2,11456,-0.336082541819399,0.637862809016999,
TLE5,13852,-0.0637870636894181,0.637913237937396,0.883789993666259
EDC3,4030,-0.436716176470155,0.638006322011452,
ATAD5,1066,-0.461661108934954,0.638022769716116,
MYO1G,8592,-0.419022099969443,0.638086425981012,
FEZF1,4834,-1.38265597409612,0.63809534590235,
CCDC86,2113,0.455496352074971,0.63826197551946,
LY9,7668,0.50351064831576,0.638284441547602,
BCL2L15,1338,0.253419289184672,0.63840225824032,
POC1B,10300,0.198358183521027,0.638465737712521,
ENTPD4,4271,-0.14827804228313,0.638589977750867,
RWDD2A,11792,-0.366463126452728,0.638655095255521,
FLI1,4922,0.238130975349718,0.638716740883309,
KIF18B,7028,-0.582314101771425,0.638814746609611,
TBC1D12,13512,0.458605301275216,0.638872104370693,
NUFIP1,9267,-0.615133324033584,0.638923278796429,
EIF5A2,4166,0.270971812624976,0.638949699655276,
SLAIN1,12343,-0.481942698393936,0.638951503772923,
TNFRSF1B,14185,-0.20210765340811,0.639187833768325,
HMBOX1,6055,0.163880325078957,0.639198406627559,
PRDM1,10543,0.33035698180772,0.639231290598833,
DCST2,3490,0.915648474416012,0.639301339602718,
INPP5J,6623,0.395409164496731,0.639523665435208,
APCDD1,769,0.322949410300399,0.639571276601108,
ZNF232,15679,-0.306450136902906,0.639724152396377,
RBL2,11178,0.120025124505896,0.639836714946858,
GLB1L,5357,0.387982024070292,0.639978721654793,
RELCH,11282,-0.267973686459743,0.640002397432236,
C11ORF96,1572,-0.460089180326559,0.64002090727355,
TCEA2,13581,0.414697141018582,0.640178936894712,
CSKMT,3180,0.756747447827077,0.640200490629534,
SLC40A1,12570,-0.103065275672212,0.640216586609702,0.883789993666259
ZFP90,15556,0.240470112626822,0.640220241754137,
CRABP1,3091,-1.35664309614815,0.640222987676821,
KCNK6,6910,-0.314865108440295,0.640236056192014,
TMEM63B,14098,-0.174618480411232,0.640274714017025,
ZNF284,15712,-0.41425170879335,0.640396287395618,
MCL1,7907,-0.0885586582761594,0.640462100782864,0.883789993666259
HSPA12B,6220,-1.06313695660535,0.640498531481871,
LGALS7,7356,1.21162090406724,0.640582166774918,
NRXN2,9178,0.52723390948816,0.640626572278554,
ANP32A,704,0.154376393447272,0.640715777686442,
CLCN2,2726,-0.917494208684902,0.640745418937996,
FAM25C,4624,-0.563662167160761,0.640749497912976,
TNIP1,14204,0.174665245747694,0.64082975374803,
KL,7073,0.586754235058192,0.640898329024934,
GGT1,5302,-0.204502184334376,0.640938645739417,
RELT,11286,-0.156048339441718,0.640954563213044,
TLK1,13854,-0.270454957565072,0.641048949948726,
CCDC97,2124,0.193525606130277,0.641049859573527,
CERS1,2520,-0.609064726233153,0.641204579355252,
ABR,110,-0.118215516362448,0.64124940522931,0.883789993666259
UGT2A1,14890,-0.873499034044449,0.641335062946873,
STAP1,13178,-0.60866859446932,0.641356047380861,
PSENEN,10730,0.379213104898661,0.641366300427847,
FAM71F2,4646,-0.279241355689537,0.641414017090627,
GIPC2,5330,0.287713247683228,0.641488182193399,
ZNF613,15917,-0.604583295332575,0.641554768056178,
TMEM38A,14073,1.36196380701056,0.641575112405959,
FTL,5056,-0.119583087501544,0.641609755062144,0.883789993666259
ANGPT2,610,0.451445686514277,0.641675280901139,
ATP6V0A2,1154,0.173195202945751,0.641708804434085,
SERPINB2,12111,0.467411137521734,0.641762321460418,
CCM2,2152,-0.212953496253063,0.641839743194483,
RNF148,11493,-0.507993838085455,0.641950205918462,
RAD51C,11058,-0.591479147119526,0.641968895831229,
DLGAP3,3713,1.35323068998577,0.642029424674363,
CNN2,2863,0.489825888956056,0.642067883470364,
RPS3,11675,-0.0874304512615919,0.642099100837064,0.883789993666259
CAPNS1,1900,-0.137773824017634,0.642377292342434,
WDR92,15271,-0.250488545557723,0.642377706833322,
CCNA2,2161,-0.296636273351566,0.64238393492053,
SLC25A23,12436,0.1890500888752,0.642425896150269,
RWDD3,11794,-0.228570571350759,0.642445182821927,
VPS16,15122,-0.153399284715079,0.64245914789765,
CCDC82,2108,-0.273079115850587,0.642584954405943,
OLA1,9361,-0.699148347351094,0.64274527192649,
FERMT1,4827,0.271468161331078,0.642798434868678,
ALDH18A1,502,-0.223957438204484,0.642816250448694,
DTX4,3929,-0.166628488925653,0.642864010325146,
TAF2,13442,0.158307609989574,0.642946003830404,
PAXX,9630,-0.57823228065389,0.642987772232183,
UBL4A,14828,-0.194712866027182,0.643038094728546,
PPFIA4,10418,-0.268652792487857,0.643053482595833,
SLC4A8,12600,0.747649623384393,0.64306432755184,
TMEM41A,14078,-0.209203068269723,0.643081424416769,
ZNF165,15640,0.296386471361297,0.643087616588025,
MMP24,8196,0.456465290618828,0.643116718843753,
CASTOR2,1955,-0.260260300294986,0.643183079989917,
C22ORF46,1694,-0.371033969571949,0.643185886551922,
INPP4B,6617,0.228982590273057,0.643201538499361,
AGPAT4,408,0.339802980947689,0.643213377219294,
SPDYE1,12971,-0.429941704725952,0.643391741956087,
IFT140,6346,-0.268561873716455,0.643480958761824,
CGB5,2574,-0.566184978611893,0.643502816490738,
FGD2,4841,0.366490675884419,0.643543442361606,
GRAMD2A,5621,-1.32723820958155,0.643550406073566,
SMARCB1,12712,-0.16744148387436,0.643600105423105,
ABCB9,57,0.205109145270837,0.64382363146333,
MFSD12,8063,-0.188966010024276,0.643841590650943,
C3,1721,0.245130815711022,0.643843624342156,0.883789993666259
KIAA0930,6996,0.174628484042896,0.643956357675089,
CWF19L2,3296,0.164822283073584,0.644042799858334,
APOO,811,0.296004509221852,0.644045686125821,
C4ORF19,1735,-0.544689899384185,0.644075394930006,
ADRA2A,356,0.220799428514369,0.644079485201457,
UBOX5,14834,-0.335262969860601,0.644168060411622,
TNK2,14208,-0.118694968036959,0.644229725887336,
B3GALT2,1226,1.34796296702388,0.644283398534147,
FTSJ3,5059,-0.265225040312431,0.644293763561259,
TTC7A,14653,-0.204963178020742,0.644295264689534,
PCDHB10,9676,-0.404406806291231,0.644324959387534,
SPATA33,12952,0.480771092801903,0.644386228362876,
PCSK1,9742,0.834272409368936,0.644412680713797,
HAUS4,5819,0.411148300889117,0.644453810461563,
ZC3H4,15481,0.0986241451492141,0.644455428529723,0.883789993666259
CHD9,2606,0.351802814720746,0.644460419470547,
SPN,13005,0.260837512336484,0.644461470711429,
SHMT2,12267,-0.548792892798798,0.644498042073584,
NDUFAF3,8795,0.160043896484762,0.644532430956369,
SPRED1,13023,0.702854204643062,0.644569296396976,
C16ORF71,1602,1.31219203417811,0.644608205802501,
GOT1,5494,-0.245907920674086,0.644627147289174,
SQLE,13059,0.282786504161321,0.644658125928512,
M6PR,7700,-0.0621240584197311,0.644786947498694,0.883789993666259
NTSR1,9230,-0.809694613985563,0.644806332814729,
SEMA3B,12047,-0.369266146698317,0.644906616083,
GPD1,5525,0.462743970915973,0.644925729714332,
FNBP4,4958,0.102014362883003,0.644954743114481,0.883789993666259
H2BFS,5779,-0.622751161971747,0.645081053973785,
FOXA2,4981,0.299892380843646,0.645123643325002,
KRT17,7196,-0.198523673788628,0.645193570243505,
RBM7,11214,-0.278109132443849,0.645221764415499,
RUFY4,11778,-0.471903337753944,0.645265065618228,
KLLN,7150,1.03536861650525,0.645368403271861,
CETP,2533,-0.530267195722508,0.645498744818454,
HOXB6,6136,0.344077017021749,0.645518230798837,
GMFG,5406,0.249487676155841,0.645657889716126,
APP,813,0.155901195305403,0.645677835363452,
PCBP3,9645,-0.390447707283461,0.645691787916163,
PAK2,9551,0.14773329521428,0.645761525196894,
IMPA2,6585,0.363998207220507,0.645765239669317,
SHANK2,12241,-0.255585060837482,0.645820493985157,
PEX11G,9874,-0.344063512403412,0.645845667402458,
ZNF707,15983,-0.20986060827266,0.645869612989567,
MYBL2,8548,-0.628494874600999,0.645877195218078,
GLIS3,5374,0.684290337653972,0.646176234588947,
CDKN1C,2401,0.243249033432202,0.646255642868131,
SCUBE1,11960,-0.872881350223856,0.646309279410901,
HUNK,6264,0.379719776159744,0.64647725613626,
POGZ,10314,-0.167898373410102,0.646604339785097,
TSR2,14609,0.143567987139928,0.646622066888428,
ATAD3A,1063,-0.340778351090506,0.646626992851872,
PCDHGA1,9691,0.841499504766484,0.646681662094338,
TXNL1,14740,-0.519418200675953,0.64668930787713,
DMAP1,3726,-0.139328378772215,0.646729491246648,
KLK6,7146,-0.382517107140101,0.646782781914059,
VPS13B,15119,0.125300557471089,0.646788716439934,
AMZ1,593,0.710691270874206,0.646807000439455,
SUSD6,13339,0.129832963280587,0.646852828894136,
ADAMTS15,260,-0.446008460856651,0.646886364271145,
CCT4,2208,0.161011136646052,0.646902869318078,
TM6SF1,13880,0.2208894771693,0.64694897473453,
SAAL1,11831,0.465135854517418,0.647052498129867,
DUS2,3936,0.422186328932365,0.647091299611179,
LGR6,7368,-0.330430145824812,0.647168774219967,
CD58,2278,-0.195033656763788,0.64718538073138,
CCDC62,2093,0.497279812064263,0.6472225492337,
TSKS,14574,1.10634025586569,0.647246935483023,
RASL10B,11143,-0.505059264623088,0.647265336620265,
LITAF,7437,-0.202020488030828,0.647276290098745,
DMPK,3733,-0.141274268593478,0.647279399737288,0.883789993666259
FAS,4695,0.158836030739443,0.647332812804872,
ZNF146,15634,0.0924551802173822,0.647382791607264,
PRND,10623,-0.919053901222857,0.647392220615663,
FAM124A,4526,0.52324152110996,0.647458350467472,
GPRIN1,5602,-0.99376833114158,0.647641817528638,
ACP2,187,-0.144886671121395,0.647662769546071,
OXCT1,9484,-1.05317863918206,0.647696473645907,
GON4L,5486,0.110628318250619,0.647840843571716,0.883789993666259
PPP1R13L,10462,-0.145574824782765,0.647914887261333,
SHISAL2A,12260,0.545986308796201,0.647960703240654,
LRRC32,7555,0.345006802897442,0.647984800712907,
HEATR5A,5871,-0.370114154730583,0.648071872751266,
SLX4,12692,-0.151173270438215,0.648099678370533,
ARHGAP23,869,0.225864115065756,0.648146006404834,
KCNC4,6872,0.128886945309052,0.648208641682433,
ME1,7946,-0.341017446584051,0.648226826795584,
CYP2C19,3370,0.263850348063164,0.648236023600405,
KYAT3,7230,0.162211854369762,0.648251752305864,
TRAV12-3,14362,1.10750893097285,0.648283704691996,
PLSCR3,10241,-0.399506478828392,0.648331367163683,
DCLK1,3479,1.34009972572948,0.648346666885509,
ZMYND19,15609,0.191436268399465,0.648437311093949,
IL18R1,6530,0.243019093533119,0.648484902368164,
STK11,13212,-0.181706638030712,0.648528886540264,
PCDHGA4,9697,0.612151771192318,0.648711741403571,
SEMA4C,12055,0.851838779741596,0.648905990495606,
AL590560.1,494,0.430783321098044,0.648909428903834,
TAF15,13437,-0.0782053408169417,0.648989081908788,0.883789993666259
AHNAK,425,0.0860424425341116,0.64899848622549,0.883789993666259
NFKBIA,8903,-0.260803764958533,0.649054892776161,
GOLGA5,5461,0.219114715743371,0.649063496307885,
TTBK2,14621,0.522832031864054,0.649067854082557,
SDHAF2,11982,-0.172707622063982,0.649082391096716,
NOD1,9028,0.162191871414897,0.649165269828251,
ZNF441,15798,-0.499081802809031,0.649175639862658,
IGKC,6437,0.577962381620519,0.649385957732636,
TIGD5,13801,-0.477221993552957,0.649391613560671,
WDTC1,15275,0.187460456219098,0.649400449371746,
INMT,6608,0.463726327389109,0.649428761013058,
SPATA5,12953,-0.145161880775249,0.649473628621367,
CXORF21,3321,-0.371693737017599,0.649538958224961,
PYROXD2,10932,-0.232589799456919,0.649585253746964,
HYPK,6276,0.099465018372371,0.649629919052149,
PEX26,9881,-0.190040554531318,0.649664822889476,
ECI2,4018,0.269434041003365,0.649668607834354,
IGHV3-73,6423,-0.795801155870929,0.649691774529825,
SAMD3,11847,0.345923252757772,0.649694220376269,
UPF3B,14933,-0.314714802047872,0.649697498477159,
ATF5,1073,-0.238469634832782,0.649809590059117,
PSAP,10721,0.109231303324722,0.649843507685041,0.883789993666259
EEF1D,4053,-0.073493132986983,0.650022489015073,
CFAP45,2546,-0.489076418952893,0.650065849984599,
ZNF765,16014,0.348121092660542,0.650133827093168,
PAK4,9553,0.268447600009558,0.650243808545027,
AGBL5,392,0.315955742772675,0.650260643174586,
CCDC137,2030,-0.346552121017754,0.65032553457302,
PDGFB,9795,-0.262242578802318,0.650406231174675,
LRRC27,7550,0.310226515130781,0.650474591708356,
ABLIM2,107,0.167893158599206,0.650623116108765,
CCT8,2213,-0.140084810419621,0.650672874378394,
BMP6,1432,0.45874056420774,0.65067705223278,
SEC14L4,12000,-0.631614735306003,0.650719189894441,
TMEM104,13919,-0.393958984579901,0.650768414796406,
NAT9,8695,-0.115284575027966,0.650903397364426,
TRAF6,14333,0.511775533560357,0.650929986021529,
XYLT1,15365,0.121209190009251,0.650947126317187,
DNAH6,3757,1.05303913206546,0.6510238190367,
SMIM15,12745,-0.18037373253476,0.651033395004854,
MLH3,8162,-0.24685096312921,0.651053747393392,
FMO4,4949,-0.335556141473854,0.65121401396059,
EPG5,4296,-0.31370557097732,0.651227317758714,
ZNF721,15994,0.296104738736804,0.651422160266172,
THEM4,13759,0.417338488317435,0.651440087906067,
CMBL,2829,-0.266114960493345,0.65147049369453,
DCBLD1,3471,-0.341904033665606,0.651531876648301,
MORC3,8237,0.236018387437434,0.651610871379179,
SRI,13082,-0.0932357807056752,0.651627539362988,
RPE,11579,-0.293972995226667,0.651672481040884,
PFKFB2,9894,-0.415824123950639,0.651764217767137,
SLC39A8,12566,-0.246909608693586,0.651852118186594,
CMKLR1,2834,0.360055678609623,0.651877833665674,
PIK3CB,10041,0.255410696334658,0.651925635888597,
TBC1D14,13514,0.104655658127605,0.651984991043689,0.883789993666259
CCL26,2143,1.3131274205448,0.651990521931321,
CA1,1796,-0.659804702620293,0.652092797033705,
FAM13C,4539,0.44424237686522,0.652135214208248,
STUM,13262,0.811895004523406,0.652264178488498,
CUL5,3283,0.134294044598842,0.652272762382657,
KIAA1143,6998,-0.166188365948048,0.652310929704934,
F8A2,4478,0.156003285936142,0.652378751785368,
FOXJ2,4995,-0.286264136305123,0.652390679659538,
BCAS3,1317,0.28936527399253,0.652394074164312,
MOB3B,8221,0.206342997500345,0.65243767026298,
MIA3,8097,-0.0739110543408214,0.652448407622981,0.883789993666259
MCEMP1,7901,-0.421069615890441,0.652461864458383,
SPSB3,13044,-0.233026862228174,0.652501440335943,
AURKA,1205,-0.498421517064029,0.652505455073608,
ZNF525,15850,-0.476246956842792,0.652513909662627,
ATP5MD,1141,0.419114121577464,0.652526627870115,
CREG1,3113,0.282541186159471,0.65254489948305,
FRZB,5041,0.612592640632395,0.652586503616418,
DNM3,3819,-0.402800881852051,0.652633137470911,
HIRA,5955,-0.228300986767448,0.652679378893343,
USP48,15012,0.117209169684321,0.652712312546581,0.883789993666259
NSMCE1,9190,0.190605009665274,0.652818817822195,
GYPA,5758,-0.883483728345771,0.652832290366322,
FOXRED2,5013,-0.321110208517626,0.652832292092698,
CPNE8,3067,-0.298219346376005,0.652915216428335,
EGR3,4101,0.426538071739278,0.652955440639015,
MYO5B,8596,0.346631097071062,0.65301383447249,
FNDC11,4961,0.883699022231415,0.653106969565324,
FUT2,5073,0.278338365087633,0.653146587029618,
PIK3R4,10048,0.211817433826702,0.653222249001018,
SLC2A10,12487,0.192246293820452,0.653426307872262,
PRR5L,10677,-0.177020524442555,0.653557790807025,
PILRB,10053,-0.197068321778859,0.653576544191053,
IGBP1,6359,-0.480547078715645,0.653587727864352,
PDRG1,9825,-0.222924062708954,0.65368682596127,
PHF6,9961,-0.408147211681707,0.653700526143046,
PTPA,10842,-0.516533277766551,0.653726763655147,
HSD17B13,6196,0.525300164580716,0.653747402347589,
FAIM,4500,-0.271830892285117,0.653753375124909,
IKBIP,6499,-0.30900013943829,0.653794981581526,
PSTK,10789,0.478513359676358,0.653816085058796,
CLEC4D,2768,0.930102767721712,0.653888606275121,
TMEM37,14072,-0.183191585635117,0.653927126085432,
SULT1C4,13309,0.359369224369501,0.653958526237108,
OR51E2,9407,-1.3046458308965,0.65402556484073,
KLHDC8A,7103,-0.955442350946626,0.654102403531123,
RAP1B,11101,0.24316376498432,0.654107551512528,
SIRPA,12313,0.265752041749144,0.654129772485373,
HSD17B11,6195,-0.173592808127462,0.654212510744928,
FUT8,5079,-0.157197176671392,0.654248804767264,
CNOT10,2870,0.202664479399869,0.654283634054331,
WDR83,15265,0.203722667245104,0.654306437578792,
CLASP1,2718,-0.12502946562611,0.65433402759195,
SUPT6H,13327,0.0902583028181626,0.654363202654736,0.884541213638814
SLCO2A1,12660,-0.28462643863221,0.654393984606404,
SMC6,12724,-0.245088986992061,0.654465129504787,
GGT7,5306,0.134275579694922,0.654489961528203,
GPR15,5553,-0.799459527669741,0.654593013862679,
SLC25A22,12435,0.54849087319562,0.654601858898555,
CTR9,3249,-0.157852040527321,0.654720985630133,
IFT80,6356,0.144904381053044,0.654771909814762,
DMAC1,3723,-0.578768931478226,0.65479135545019,
POTEF,10390,0.15748560134237,0.654793692770836,
GNA15,5419,-0.383674823254643,0.654811053536999,
OLFML2B,9367,0.277350508161532,0.654837481375961,
LCA5L,7297,1.3056871940967,0.654864265078393,
CISD3,2700,-0.168474870326529,0.654934531770715,
HSPE1-MOB4,6244,0.353084422105572,0.654987813635731,
RCOR3,11252,0.0970890647882193,0.655135115420223,
MRPS35,8379,0.129919814246187,0.655175466705059,
ATP2B2,1127,-1.29867695523248,0.655402561484488,
COX20,3026,0.316086645051073,0.655405974842507,
TIAM1,13789,0.39739392469995,0.655498099462894,
NHLRC4,8928,-0.562178349337648,0.655646507043552,
GTF3C3,5728,0.639628416918496,0.655667682257122,
DTX1,3925,0.351697276498752,0.655712747145214,
IGHV3-33,6412,-0.426866388825223,0.655721881413449,
ST18,13146,0.623276800629639,0.65584133221012,
DLX3,3720,-1.08015712638169,0.655889235104915,
EBI3,4003,0.521569021683752,0.655914975888666,
PFKM,9898,0.263071140486487,0.655926420923285,
LRRC75A,7586,-1.25071525791127,0.655964491091586,
AKAP11,458,-0.238613180029592,0.655972241975514,
PANO1,9572,-0.569669103079135,0.656024988977359,
RAB6B,11019,0.312963160196201,0.656050163492319,
CERK,2519,-0.789424139838813,0.656069160825226,
MAGEF1,7729,-0.177198313258301,0.656127881191867,
E2F6,3991,-0.518485486398958,0.656133865244555,
ZNF703,15978,0.193342251936179,0.656293024807481,
NPLOC4,9106,-0.0595501467960333,0.656303420042521,0.885002449415981
EPHA6,4302,-0.475246238050291,0.656340426541733,
TRIM36,14470,0.243770581352559,0.656387697228432,
SYNE1,13374,0.371464865727777,0.656511865734386,
HOXB5,6135,-0.551944148779051,0.656588946931534,
MDFIC,7936,0.13866588345752,0.656590470098863,
LRRC49,7571,-0.726023688916005,0.656724574439691,
PPP3CB,10511,0.151190860314346,0.656765771983586,
MASTL,7861,-0.193605100191608,0.656772079742298,
PARP4,9609,0.176200862576325,0.656778228194038,
DNM1,3816,0.316870171135593,0.65681169797562,
STAT4,13193,-0.546238200722564,0.656831021556741,
IER2,6311,-0.113588887898622,0.656863691484431,
LYRM9,7686,0.332785734162327,0.656901685128097,
GNPDA2,5450,0.338590225409475,0.657104693918551,
ZNF714,15990,0.604938211541709,0.657111987972299,
GPC2,5520,0.40358966012822,0.657116655834635,
FLAD1,4920,-0.423956105881942,0.657133205161397,
TSC22D2,14560,0.149266452211302,0.657154573130058,
BET1L,1375,-0.22291708533756,0.65718755368637,
ELOB,4197,0.101238863375019,0.657215510303403,
HHATL,5926,1.29874651775228,0.657223086591265,
BEST4,1373,1.29180287417421,0.657227092549127,
PIM1,10054,0.178543812259826,0.657236475090094,
PRDM12,10546,-1.29463448042609,0.657399752607085,
CRIPT,3124,0.344742537607709,0.657427123625806,
TMEM30B,14067,-0.141429217983047,0.657436597913097,
GPN2,5537,-1.29242183770785,0.657496969492821,
MFSD4A,8070,0.437123181278572,0.657518322179603,
FRY,5039,-0.175000511458317,0.657549151540405,
MOGAT2,8229,0.671148672350466,0.657608309440137,
UHRF1,14899,-0.326485241192104,0.657611044137458,
PLEKHB1,10183,-0.364257948873758,0.657631111923983,
LOC440563,7475,0.0987142613752625,0.657784890670654,
EXD3,4427,0.301232724633952,0.657826057446353,
ATOH8,1105,0.473478381111788,0.65797203414148,
RAMP2,11087,0.632143065515366,0.658002842563212,
ARMC12,960,0.49981093171985,0.658138769196793,
TVP23C-CDRT4,14718,0.356812965979206,0.65818184316292,
UIMC1,14903,0.128343290705572,0.65821490045647,
RPL37A,11624,-0.304601869031024,0.658332640839436,
HMCN2,6059,-0.341067794827499,0.658370496572749,
SELENOF,12031,-0.0912423414712047,0.658517194361945,0.885002449415981
ZNF24,15685,0.171885066782365,0.658540011397763,
PRKAB1,10584,-0.207079202927794,0.658545641373308,
CTSH,3261,-0.144418318539659,0.658590194259772,
ATM,1101,0.259465756550092,0.658604745030037,
B3GNT5,1237,-0.300221438541853,0.658638460710858,
SIK1B,12298,0.468935058274551,0.6586645744518,
RRAGC,11704,0.240900006246686,0.658692021272585,
NUDCD1,9241,0.399120206093065,0.658709623314271,
ZFYVE27,15571,-0.401820585352594,0.658719435124536,
TAS2R41,13493,-1.28568019255807,0.658842108610017,
ITSN2,6783,-0.104005779696226,0.658856164621811,0.885002449415981
ENY2,4277,0.129305103556278,0.658999628109096,
RNF227,11526,0.285840335323386,0.65902538846999,
ORC4,9427,-0.144592847609993,0.659087330087942,
ASB13,1019,-0.445860543538156,0.65909439318042,
CANX,1882,-0.102407758437125,0.659097084333033,
PSAPL1,10722,-0.790610483577621,0.659107305562562,
LHX6,7379,0.712418309843302,0.659209272114855,
PDZRN4,9842,1.11364463596637,0.659272684160271,
TMEM70,14105,0.165612428602028,0.659297966253091,
MOSPD1,8248,-0.43198454649894,0.659331099024574,
RRP12,11717,-0.360362704884721,0.659400924094321,
SLC26A8,12473,-1.28708128009068,0.659511468242596,
MARCO,7845,-0.405271237061867,0.659512690180453,
GTF2E2,5712,0.220426747460185,0.659524998410886,
RANBP17,11092,0.801102670639144,0.659525665697345,
YJEFN3,15387,-0.344321204702003,0.659560256822413,
ZNF597,15906,-0.503113825594294,0.659560930597788,
POLB,10317,-0.204438920284214,0.659639091350094,
RRP1,11716,-0.182606969245162,0.659729825424945,
FOXRED1,5012,-0.254486270579196,0.659803633381227,
TRBV12-4,14396,0.771908057126416,0.660080455328357,
HOXB7,6137,0.913752493740486,0.660091354516345,
MDM4,7943,0.0755941351355571,0.660167157249034,0.885002449415981
SMIM4,12756,0.273039383742497,0.660305025590977,
LTB4R2,7636,-0.356385649998675,0.660322757841195,
ARHGAP9,890,-0.21531277602085,0.660348461324396,
SAMHD1,11854,0.337862696943939,0.66037516045026,
IGKV1-17,6440,-0.634974693664553,0.660453679160082,
TANGO2,13467,-0.214751807138117,0.660496505897515,
AK4,449,-0.244547152963379,0.660511654402404,
ZNF557,15870,0.236345689592166,0.660571034977751,
SLC44A5,12581,0.53580787979203,0.66069086448564,
MUC6,8523,-0.266857472435556,0.660694853727116,0.885002449415981
ITGAE,6743,0.917103114735594,0.66073240806705,
PPIL6,10437,0.415026582902379,0.660750533032385,
ZG16,15574,-1.27948963854959,0.66091063736705,
ARL3,944,0.17773336125538,0.660953753036621,
TM7SF2,13882,0.3584263579088,0.660995152166318,
DDIAS,3517,-0.437740815201896,0.661211558738093,
NDUFA4L2,8786,-0.53659114878971,0.661223579718848,
ASH2L,1034,-0.124190934428159,0.661226788740921,
HIST2H2AC,6008,-0.356074861693291,0.661235388193638,
VANGL2,15054,-0.307260182444943,0.661255338973671,
PSMC6,10760,0.230024949824758,0.661284271122466,
ZDHHC5,15521,-0.21343262718016,0.66140098266335,
CCDC122,2022,-0.723628772932671,0.661473179780546,
DDTL,3528,-0.206747445188624,0.661559804590669,
SLC22A17,12404,0.686252269058345,0.661646416183834,
CDON,2410,-0.354961654933431,0.661960705740386,
CCL4,2147,-0.274497331586198,0.66198385509707,
PTGER1,10812,-0.607590344314065,0.662095922278403,
DDX17,3532,0.0979215955394587,0.66210628791613,0.885002449415981
BEX3,1378,0.117917999055084,0.662106804022992,
WARS,15187,-0.175238411660778,0.662136071462333,
TRGC1,14433,0.513248576991014,0.66230651936104,
TGDS,13723,0.299628748205835,0.662307459090558,
TRAPPC2B,14350,0.410871792370856,0.662323734033623,
SPOPL,13016,0.137794200570676,0.662578685128838,
LPCAT2,7495,0.240517745769777,0.662668119791738,
USP27X,14990,1.26743851066697,0.662742804878034,
MTAP,8445,-0.264293079383391,0.662753091728678,
TOP3A,14256,0.303340990787024,0.662787426137213,
SCML4,11932,0.421194038349611,0.66280849211098,
RAB35,10990,0.102719994457999,0.662816504051855,
TRIB2,14444,-0.357839584633026,0.662863562637324,
NELFCD,8861,-0.292080619129973,0.662941703959297,
F7,4477,0.649286811146024,0.663027340680343,
ZNF469,15812,-0.30012171204571,0.663052300280877,
ADCK2,287,0.188985429840036,0.6631334909436,
STEAP4,13205,0.225850631992658,0.6632023924971,
GPSM1,5607,-0.173418981233163,0.663235504108914,
TMEM47,14085,-0.279933728410682,0.663262162123533,
TUBG1,14698,0.255721004561574,0.663320458923791,
CCNK,2181,0.189551766479421,0.663339541015297,
CRNKL1,3135,0.26338048769487,0.663398560799788,
RAB3A,10996,0.707047348615055,0.663523360352131,
STT3A,13259,0.205286327284804,0.663563156323638,
GSTO1,5699,-0.107209216425895,0.663660065735579,0.885002449415981
INPP5B,6619,0.505085152931723,0.663661493127306,
SAMD12,11843,-0.251540792177293,0.663712330124104,
ZNF587,15899,-0.122578194259547,0.663773622738761,
SLC1A4,12396,0.32297970273151,0.663834897916878,
PFKFB4,9896,-0.595978734908568,0.663865614596573,
FLYWCH2,4940,0.360518681230071,0.663874491664907,
C3ORF14,1723,-0.544777093570091,0.663908498247712,
PLCL2,10162,-0.465371594014382,0.663924136321678,
KATNAL2,6850,-0.354489741234304,0.663951512788545,
SLC39A6,12564,-0.283170577164366,0.664136516736959,
PDE10A,9769,-0.446368121432393,0.664169845017766,
IFI27L1,6320,-0.866767544690952,0.664190704943777,
PLA2G12A,10114,-0.397573261337251,0.664201796106797,
NAA60,8638,-0.144250081151798,0.664274254431847,
TAFA5,13458,-0.437886232443131,0.664370641256044,
RPTOR,11696,0.254636370197921,0.664386466224173,
ZNF789,16037,0.37640757088357,0.664440346807539,
ARFGEF2,849,-0.125705215889956,0.664467121795698,
P2RY2,9504,0.256586582081595,0.664499719799145,
SUN1,13318,-0.0796087583272887,0.664514153539962,0.885002449415981
C5AR1,1741,-0.403878665135949,0.664540515014865,
TMEM109,13926,0.191817496684028,0.664548827649487,
SMIM1,12737,-0.391695572057135,0.664617578083641,
HGS,5923,-0.0887616527315836,0.664688226363406,0.885002449415981
IRF4,6695,-0.558022527103963,0.664883850376337,
RAB4B-EGLN2,11013,-0.180256686414944,0.664890934943379,
UGT1A3,14883,0.713131100040298,0.664902121496935,
ZNF792,16041,-0.236942040104498,0.664937832465331,
JARID2,6803,0.200928982795524,0.664942368437737,
VASH1,15059,-0.28438305585962,0.664966089895057,
TRABD2A,14321,-0.398771920189624,0.665001683004668,
ZNF566,15878,0.338093019672087,0.665051861390069,
FAM240C,4619,-1.16491879535818,0.665080373070051,
CYP2B7P,3368,0.324100901010298,0.66508513849506,
KIR3DS1,7064,-1.25992652950093,0.665158555992384,
CENPB,2460,-0.107073349471449,0.665242585238854,
PHAX,9937,-0.350092762974815,0.665421437201596,
PIK3CD,10042,-0.206892580883555,0.665520330089995,
GLIS1,5372,0.945600323458159,0.665686236584103,
PRPF38B,10646,-0.156702273989403,0.665691749543417,
CLEC10A,2751,0.42827093109302,0.665826865937207,
QRICH1,10941,0.0688647118764247,0.665861243230907,
TPBG,14283,0.116040167564665,0.665867783144052,
PLCB1,10149,-0.337784757395449,0.665895039903394,
S100PBP,11821,0.255709140707122,0.665898180307769,
NANOG,8667,-1.25410857216264,0.665951717998073,
ELFN2,4181,-0.398048723587484,0.666005600693882,
SLC8A2,12641,0.637952958918716,0.666047195633684,
KIF26B,7042,0.261921115500912,0.666049651672945,
RGS3,11365,-0.187552905305565,0.666094727431485,
COG7,2918,-0.0879668454575756,0.666152790025413,
C1QTNF8,1677,1.25956721143523,0.666190257344602,
IGFBP5,6373,0.192298792870547,0.666192751889164,0.885002449415981
TOMM40L,14246,-0.179009408466984,0.666234891064819,
GEMIN2,5269,-0.250090040088671,0.666250266204434,
FAM104B,4504,-0.235654889478976,0.666284959278692,
B3GNT7,1239,-0.243178421085284,0.666302126464319,
NAP1L5,8677,0.374012453924601,0.666327432716916,
PITX3,10083,1.26045563661292,0.666347865237251,
ZNF416,15780,-0.414164012882479,0.666371700104104,
DRD2,3896,-0.584981600924323,0.66639109307298,
ARSJ,1004,0.486209131495072,0.666393030188691,
METRN,8019,0.286146963205654,0.666394741668614,
POLR2J2,10351,-0.199883867750228,0.66641383024781,
TCF19,13598,-0.487669518664366,0.666445743846257,
AK6,451,0.226590803287471,0.666473093442612,
HAS2,5812,0.466534952229962,0.666604916087619,
PSMB5,10749,-0.228035969207085,0.666711459965888,
BTBD6,1517,0.247423255581522,0.666755600173598,
EPB41L4A,4287,0.224052525733191,0.666780895865301,
NACA,8648,0.379945575871052,0.666878088487555,
TDRKH,13638,-0.292392416298379,0.666946580986221,
INIP,6605,0.154937937862036,0.666965647850135,
IRF1,6689,-0.104601141131987,0.667065483331363,
BIK,1398,0.745633524322682,0.667089742780122,
DGKZ,3628,-0.125265577953529,0.667151942123379,
TICAM2,13792,-0.431422939697407,0.66715354296717,
NDFIP2,8767,-0.291734618364137,0.667184120809114,
OLR1,9372,0.314028896747652,0.667226283103366,
PRSS21,10698,0.545053957100757,0.667268742274401,
KISS1,7068,-0.9215972006697,0.667309137174065,
IFFO1,6316,0.204249231319365,0.667520349028305,
TRO,14534,-0.300722220959995,0.667571724747231,
PCNX2,9735,0.306429695342387,0.667571914858339,
SERINC1,12097,0.0660038156888632,0.667610987547095,
METTL9,8043,0.232145834436727,0.667841696155628,
RNFT2,11545,-0.62031222200397,0.667860516733423,
CREBL2,3110,0.273504045496358,0.668018415729757,
SFPQ,12167,-0.103663916132531,0.668020109067887,
ASGR2,1032,0.40572822560307,0.668025342163338,
TWIST2,14722,0.376111246282568,0.668030275877218,
TGFB1I1,13726,0.386118585364068,0.668031669175541,
CFL2,2568,0.294576356638295,0.668036550429968,
INPP5D,6620,-0.218752141689658,0.668068305567763,
MAP3K4,7799,0.261912186642005,0.66806890398308,
MRGPRF,8298,0.335270225630018,0.668094564327239,
NME3,9002,-0.232414395167707,0.66818671173007,
CC2D2B,2004,0.447225583394341,0.668216756011868,
IGKV3-15,6446,-0.461670034000903,0.668253907803388,
SH3GLB1,12230,0.130148436945966,0.668306752196079,
RTBDN,11746,-0.777360578822171,0.668315971589536,
CDKL1,2395,0.275537083005448,0.668387427001283,
DUSP10,3940,-0.260530276472917,0.668394501476467,
GPATCH2L,5512,0.0611125536097257,0.668477533425593,0.885002449415981
ZNF580,15891,-0.20658452289265,0.668578161293749,
MED31,7980,-0.163580340075105,0.668621006956806,
ASAP3,1017,-0.567859737603997,0.668709485836492,
ZNF135,15626,0.372982085948674,0.668738475290818,
B3GAT3,1231,-0.14527693932676,0.668846886468416,
SAMD4B,11849,0.0671862665838683,0.668871200206232,0.885002449415981
SGO1,12195,-1.24508293043236,0.668884999375171,
SLC44A3,12579,-0.192666722803432,0.668993572359242,
PCGF6,9720,0.296548335029224,0.669050971370764,
ATP6V1A,1161,0.263362010431468,0.669140990246436,
CDK13,2371,-0.369220919146308,0.669146783929327,
THYN1,13785,0.17458919124565,0.66914753417246,
PSMD12,10764,0.0899607073396586,0.66916111706949,
LYPLAL1,7682,0.184823558247369,0.66917800457071,
RAB3D,10999,-0.136082072203808,0.669257399013583,
TMEM101,13917,0.164026256042514,0.669309083691323,
FAM227A,4612,-0.347977283501855,0.66933717227365,
PHOSPHO1,9980,-0.543517451450142,0.66936750284901,
PPP1R14A,10463,0.440129423403421,0.669567065375329,
S100A11,11807,0.0852439945774656,0.669568876304069,0.885002449415981
LPAR2,7490,-0.209794914994868,0.669587688659802,
IGF1,6361,0.396785662759659,0.669643314812097,
ELOA,4196,-0.110392424864511,0.669651033981759,
ZNF227,15675,0.154005256069976,0.669746922055487,
TMED5,13909,-0.385707971326767,0.669819437855898,
PLD5,10170,-1.23658961887471,0.669925305423175,
DGUOK,3630,-0.148749153158845,0.669980396117602,
CASC1,1929,0.322076280855648,0.670010334371258,
FLRT2,4931,0.282442586194482,0.670051946268018,
CTAGE15,3216,-0.5098877422039,0.670119397591071,
FAM156B,4547,0.169085248114573,0.670277454174616,
CNOT4,2874,0.152951410425708,0.670359919589669,
ADNP2,344,-0.114118304210036,0.670384369543444,
ERC1,4335,0.221473859540964,0.670457480906157,
NVL,9302,-0.315616292798485,0.670495064904031,
BASP1,1288,0.207061507851456,0.670522895059605,
BDP1,1362,0.154159105216113,0.670563140228299,
HES6,5907,-0.430740269531405,0.670590876822672,
UHRF1BP1,14900,-0.247920292483736,0.670648751822178,
CTDSP2,3229,-0.103317578657048,0.670656694588793,
PLGLB2,10207,-0.388192624015388,0.670789010859683,
SLC22A11,12401,-0.759887681449172,0.670857101089915,
DOK5,3846,-0.241940476984182,0.670919976913268,
CORO2B,3014,-0.864232635632219,0.67114264628129,
CBL,1974,0.145297981157897,0.671236995370018,
TNNC1,14213,-0.536536489617116,0.67132140128584,
IFI27,6319,-0.137634095271246,0.67137757278964,0.885002449415981
SCRN2,11956,-0.129227362023918,0.671392398372493,
SLC22A23,12408,-0.160860155279254,0.671407906208448,
RORC,11567,0.354811024326437,0.671421195684633,
HSP90AB1,6217,0.0796920945508211,0.671468324229127,0.885002449415981
IGHV3-15,6408,-0.645320331350388,0.671472901468669,
NKG7,8968,-0.361533542789288,0.671527402917651,
RNF187,11510,0.119334465194384,0.671618765894924,
ZNF213,15664,-0.325447258447704,0.671678347313512,
NUDCD2,9242,-0.193079346621082,0.671692936907446,
INTS11,6637,0.226490734015335,0.671744591677771,
OXNAD1,9488,0.627619508672747,0.671746972271616,
EPN2,4316,0.497445329625699,0.671794271312706,
RPA1,11573,0.110845011907768,0.671795500210398,
AQP3,824,-0.332651299967715,0.671845260424148,
DDX11,3531,-0.252895046868435,0.671883828037035,
HAS1,5811,0.745910936210768,0.671899838991659,
WDR12,15215,0.553774497170347,0.671911901293675,
GABRE,5132,-0.255563877361274,0.67197276763818,
TUSC1,14709,0.386229564961383,0.672038392860784,
CDC42BPB,2324,0.0793801521939169,0.672065296284684,
CCDC173,2056,-1.23246103813357,0.672071888824603,
THADA,13742,-0.119054797387947,0.672134929196328,
CSTB,3209,-0.143682524229139,0.672242271300188,
AMD1,567,0.128556110189402,0.672288571004842,
LURAP1L,7653,0.135412062799052,0.672308918525103,
ITSN1,6782,-0.172349684499284,0.672316368270155,
ITGA5,6737,0.298279541615715,0.672416524563781,
EFNA3,4080,0.313283174999616,0.67242215170936,
SI,12277,-0.763686623659182,0.672451949656724,
CDC123,2307,0.118622743412952,0.672494478708527,
HRH2,6176,0.478460366970341,0.672546571329487,
BAP1,1284,0.356902467264777,0.672577292962259,
TBCD,13547,-0.293347551273386,0.672639053552937,
ZNF286B,15715,-0.432208990379436,0.672687588662093,
RAD52,11060,-0.207601730983298,0.672818880628607,
CLPB,2804,1.23160807586965,0.672853686040225,
TTC39B,14648,0.432638651103789,0.672876264046958,
RITA1,11441,0.19064369873941,0.672964739049202,
DAB1,3417,1.23518864774188,0.672984471259142,
NR2F2,9140,0.166439098436618,0.673008524169238,
KBTBD11,6854,0.262498581128594,0.673014353546481,
CYP4F2,3391,-0.366426678211668,0.673235444870483,
RSRP1,11744,0.0866823318136469,0.673264288004476,
TARSL2,13483,0.198843130147826,0.673503430284801,
KLHL26,7121,-0.349113846924822,0.673555253047664,
PRICKLE2,10575,0.348370654567907,0.673648481302603,
GTF3C6,5731,0.276173377528238,0.673738595524521,
AZIN1,1220,-0.338046787390996,0.673795006598551,
DAP,3431,-0.0700522351883689,0.673844553186726,0.885002449415981
TRMT10B,14515,-0.527239912937725,0.673892324514977,
CNOT6L,2876,0.305740696568976,0.673942724823161,
PRKAG2,10589,0.250981610420529,0.67395526310973,
GTF2IP1,5722,-0.197856788819791,0.673963474715483,
E2F5,3990,0.401482326382401,0.673978037729314,
ARHGAP19,865,-0.308027030170896,0.673990607160006,
CTTN,3269,-0.140968798207809,0.674015965283991,
NFYB,8915,0.23103079108666,0.674024118628235,
CNBP,2848,0.0564681821324012,0.674030719149772,0.885002449415981
ZNF564,15876,0.199402793205412,0.674040890732314,
HNF4G,6087,-0.205565277905575,0.674089521116479,
ZNF716,15991,-0.335820923663097,0.67422685532484,
ZNF493,15828,0.381153201605795,0.674249882221271,
TOE1,14235,-0.399154469855465,0.674272416703907,
PHIP,9966,-0.1555045753632,0.674384344988977,
PHC3,9942,0.110948478157149,0.674390864092217,
CHDH,2607,-0.256913663700673,0.674422231610685,
GBP2,5220,-0.0805437365398865,0.674444245837457,0.885002449415981
PPM1B,10442,-0.111501432772893,0.674552404014564,
COX14,3021,0.12788245449859,0.674608636027205,
GDAP1,5251,0.417833733673342,0.674623564251898,
HTATIP2,6247,-0.112354794967915,0.674660730192665,
TBC1D26,13526,-0.959447309739114,0.674731479056881,
NLRC4,8989,-0.737799599870533,0.67476102650813,
RBM22,11191,0.124601414000766,0.674802269870602,
RBAKDN,11162,-1.09297761776746,0.6748373932767,
TMX4,14160,0.303444233007209,0.674899682926432,
ABHD16A,88,0.284259952207462,0.675008253357063,
ITGA9,6741,0.436057532194571,0.675047150170548,
AMDHD2,569,-0.227364330626745,0.675066166875022,
CBLC,1976,-0.224216063512871,0.675194049655835,
TAOK3,13472,0.217615717171688,0.675194086547499,
TTLL6,14672,-0.502756103296909,0.675295513180949,
GAA,5115,-0.235058218377868,0.675313779476802,
ARSE,1001,-0.414412575122586,0.675316878142655,
BCO1,1351,-0.361558335452864,0.67532934053101,
GDI1,5259,0.153980114102956,0.675657900365679,
ATXN7L1,1198,-0.137789624303876,0.675728546323136,
YPEL3,15395,0.153064635328542,0.675941860557703,
KLHL3,7124,-0.341878670890203,0.676027436851571,
GIMAP7,5321,0.234906486252377,0.676047021879365,
ZNF503,15834,-0.281392790528292,0.67611294334072,
SERTM2,12131,1.21353678975271,0.676237125222607,
GSK3A,5680,-0.197850117127045,0.676286748018185,
SLC35B4,12523,0.973674517977684,0.676350513173726,
DCP2,3487,-0.201083255603037,0.676410971619058,
MRPS26,8372,0.105348628095281,0.676464674978354,
JAGN1,6794,-0.274515159799264,0.676471433761222,
ENTPD1,4268,0.168667490420677,0.676507811729856,
ELAVL1,4173,-0.465152028397028,0.676513578712615,
GSG1L,5679,0.781909701809307,0.676531782404009,
MAN1A2,7757,-0.451805139243744,0.676670991688894,
ZNF671,15953,0.436421464301554,0.676676744138435,
FIBIN,4887,0.380241088791658,0.676729052662768,
CLMP,2795,0.38388780047274,0.676747126850338,
THAP12,13746,0.200197598332826,0.67676559263469,
RNASE1,11454,-0.125310252514659,0.676778866336289,
WNT10B,15296,0.457400317517726,0.6767803410697,
CCDC144A,2035,0.226967465678244,0.676798433291433,
BCKDHA,1324,-0.1052124189694,0.676911012970813,
WDR17,15217,0.369645889140517,0.676926449069293,
FXYD6-FXYD2,5091,-0.409729570768266,0.676990771710731,
ZFAT,15536,-0.279776365457942,0.677024581848014,
TUBGCP6,14703,-0.312404523251938,0.677068085118093,
MET,8015,-0.171007593858669,0.677197280952559,
TBX5,13570,0.353548657286419,0.677225562494077,
AKAP8L,468,-0.273876667842174,0.677281107876146,
BZW2,1549,0.194261954192899,0.677327513211811,
IFT20,6348,-0.146278293318893,0.677386447022592,
PCYOX1L,9751,-0.283295042845806,0.677522177897576,
PAMR1,9565,0.950742160281099,0.677541542341163,
EIF1AD,4118,-0.28666000715073,0.677612913931136,
FTO,5057,0.230494455962247,0.677664165992412,
P3H3,9509,0.323777323912396,0.677688214310018,
FOXA1,4980,-0.323561849469098,0.677692876583811,
MYO18B,8584,1.21434389186011,0.677807103327441,
KLK11,7142,-0.357412206691719,0.677888867268612,
COG2,2913,-0.313269177010615,0.678019696100746,
TSTD2,14618,0.251967816644317,0.678084496684211,
UBFD1,14825,-0.21980977606227,0.678102568251817,
NOTCH2NLA,9061,-0.148151908056073,0.678114648489064,
DYRK1B,3978,0.197895225386673,0.678169552552289,
DOCK9,3840,-0.194879697783305,0.678260901497616,
IGF2,6363,0.393824320917324,0.678348704050138,
TXNDC11,14732,-0.145158057971554,0.678373135806738,
ZNF723,15995,-0.628659603638665,0.67850832556633,
ARF6,844,0.224597295586106,0.678524369749028,
ZNF586,15898,0.508332549656712,0.678612295564119,
EID3,4116,0.273461573440872,0.678612562550716,
ACER3,163,0.170120500776881,0.67862157884219,
CALCOCO1,1847,-0.132154688670254,0.678647443551782,
NUTF2,9298,-0.233145774241084,0.678797560377975,
PAGE2,9542,1.20717169300909,0.678827182696536,
RBM33,11199,-0.121682460815545,0.678904233743659,
UGDH,14877,0.271380389702316,0.678925710971274,
PCDHGB2,9704,0.279513456734813,0.679009065617287,
EMC2,4213,0.267128950055301,0.67923391296408,
CCDC81,2107,-1.00733904163988,0.679233922771251,
MFSD2A,8068,0.754595047205559,0.679257056929975,
ENTPD6,4273,-0.152782491453398,0.679258761569991,
FBXL7,4740,-0.393328022107097,0.679278810732425,
FN3K,4954,0.165631254982897,0.679314789972111,
LATS1,7287,-0.177182710067377,0.679330298162009,
ITM2A,6767,0.417170170485505,0.679341072598201,
ARHGAP42,884,-0.082795887377035,0.679518491506056,
SLC25A14,12427,-0.340654977052504,0.679601526258577,
GDF7,5258,-0.703306930839738,0.679627633131175,
CWC25,3293,-0.136658217742372,0.679653936352849,
STX6,13276,0.518807145304902,0.679759313265184,
MRPL27,8325,0.374699170930814,0.679762890622294,
IARS,6279,0.126128837307951,0.679814731430552,
MTRNR2L9,8501,-0.224982764523433,0.679814754300148,
KCMF1,6862,-0.152421933282939,0.679820876564224,
TACR2,13424,0.465563588859016,0.679862588373309,
FBXL16,4729,1.20175274175741,0.679866714259159,
GLRB,5383,0.398576161694786,0.679899913384864,
SSR2,13132,0.0670420250664342,0.67992311265507,0.888279791228102
NIPBL,8952,0.186225290698016,0.679931145618492,
PKN1,10104,0.0637484332996563,0.679939806767014,0.888279791228102
RPS6KB2,11688,0.169373470754831,0.680036419673415,
TFCP2,13705,0.147937414850838,0.680070992312056,
MAPK15,7824,-0.361362446988289,0.680092144420658,
D2HGDH,3414,0.247425557345839,0.680240700980859,
FXYD5,5089,-0.0893871622957761,0.680244003691409,0.888279791228102
ZNF250,15688,0.283343215278173,0.680336740140118,
NT5C1A,9203,-0.669734993374736,0.680375193561217,
AP1S2,738,0.234358844758488,0.680431688395345,
SUV39H2,13341,-0.185831145056934,0.680493334390282,
ZNF219,15668,-0.313333336864262,0.680525288720327,
AP1G1,733,-0.230831199097429,0.680541841721979,
GASK1B,5201,0.348445541293701,0.680563109134147,
NME8,9007,-0.524257743580358,0.68057974227964,
LTB,7634,0.405907909690019,0.680680601563043,
GPIHBP1,5531,-0.652975925888473,0.680716741676423,
SOD1,12878,0.112409384658746,0.680814931633918,
KXD1,7228,-0.224197037152124,0.680919007555921,
TLCD3A,13843,0.475795258246473,0.681101067560946,
HSPA13,6221,0.303075058829791,0.681104040310757,
FOSB,4977,0.321926750783069,0.681120803480682,
HSF2BP,6211,-0.457538310080391,0.681201739280359,
ZNHIT6,16090,-0.120141078981659,0.681260980383924,
SSPO,13130,0.56131726512598,0.681303117873862,
SPAG16,12930,-1.17319753024121,0.681507837803873,
ANGPTL6,616,-0.486310234300605,0.681528252578145,
TBC1D8B,13540,0.281266897296973,0.681532116097895,
BMX,1442,-0.629666967599823,0.681650407575644,
ORM2,9431,0.95669861994453,0.681680228455584,
E2F3,3988,0.224149686106011,0.68176488348552,
GABPB2,5125,0.360189952276022,0.681832723499813,
HLA-DQA2,6038,0.452345625749137,0.681875275697035,
NDUFB6,8808,0.1180100527854,0.681896093429205,
SGK2,12191,-0.32796161721006,0.681968229044225,
TMEM246,14043,-0.16062308554206,0.681990625357807,
SLC2A13,12489,-0.216077793486166,0.682027720113529,
THG1L,13762,-0.232232275735936,0.682033811034256,
LRRC3,7553,0.255222722927135,0.682230053710391,
SF3B4,12161,-0.138112899869618,0.682231165547694,
DUXAP9,3959,-0.417648906011898,0.682379372833004,
VNN1,15112,-0.422238166838922,0.682383971185395,
BZW1,1548,-0.105178117700757,0.682513630146288,
LTV1,7647,-0.13474142789811,0.682523680901866,
AKR1C2,477,-0.612551086051105,0.682546258856682,
CCDC127,2026,-0.421467644140547,0.682641385273821,
MZT2B,8621,0.854737678456668,0.682733840363215,
PRPF40A,10649,-0.0811816805801049,0.682778919588736,
SCCPDH,11913,0.281550100506981,0.682895161311433,
CAPRIN1,1902,-0.132350265807694,0.682925563150174,
GTPBP8,5738,0.299533803914077,0.682947441602808,
BRICD5,1486,-0.290903446820107,0.682971400490895,
MBD5,7879,0.279176771308548,0.683014378963759,
ZNF182,15649,-0.228982612145777,0.683017071659634,
TBCA,13543,-0.150253128427291,0.683080477129942,
ADCY6,295,-0.136066793432155,0.683081579162672,
MPC1,8253,0.258210709521901,0.68328910182492,
ZNF576,15888,-0.363891015502729,0.68333361318909,
SFRP5,12172,0.376384091680279,0.683440257454972,
TOM1L1,14240,-0.587965073515942,0.683469879225884,
MFSD5,8072,0.412409549042762,0.683495659673411,
PDE6B,9785,0.422513904345286,0.683587241481727,
LGALS7B,7357,-0.71468250776395,0.683623003462721,
UCP3,14868,0.290422932532799,0.683636756114246,
NCR1,8759,-0.522364826989391,0.683700309725727,
C11ORF68,1564,-0.277682556529278,0.683762399842254,
CEP44,2501,0.152121765885467,0.68379792760122,
BAD,1265,-0.251202815680742,0.683872523294254,
CLDN16,2739,0.671457349810066,0.683899285944829,
MRPS17,8363,0.287469237346003,0.683913334903255,
RBM25,11194,0.190040318171029,0.684025728501982,
VOPP1,15115,-0.173273320174397,0.684311925984044,
PON3,10379,-0.537035161298208,0.684411065951002,
ANAPC7,605,0.284135532203813,0.684425054455831,
MGST3,8094,-0.0758963492451084,0.684510168431297,
SNAPC1,12795,-0.223035489600625,0.684545451821182,
NPFFR1,9085,-0.841555626451162,0.684640385667327,
TRIP13,14506,-0.449743456910531,0.684697037048099,
ZNF879,16079,0.98263664289692,0.684719126079861,
ABHD14A,85,-0.336669909585222,0.684725334542998,
BCKDHB,1325,-0.216224744389114,0.684726803962724,
DNASE1L1,3807,-0.234973315668947,0.68478378828538,
ACE2,161,-0.326931830594984,0.684787222333358,
SH3BGRL3,12220,-0.105784516211979,0.6848190315614,
LRRN4CL,7604,0.713889581397356,0.68482772438178,
RCBTB1,11238,0.339438508710862,0.684831757966299,
TAS2R19,13487,0.456832880023628,0.684890694480296,
PNRC1,10297,0.0784916998400668,0.684910406476858,0.892928429768698
IGLV3-25,6476,0.464256671474023,0.685000467137982,
GDI2,5260,0.126475545275092,0.685033732182159,
NKX6-3,8980,-1.17773785416205,0.68504645127904,
STMN3,13235,0.225766148435042,0.685088186110882,
AKIRIN2,471,-0.159497461712259,0.685165511027214,
FAM117B,4516,0.724054446863934,0.685168446150055,
PLEKHA4,10178,-0.327922235821747,0.685181803319396,
PXDN,10913,-0.22190579449406,0.685211940005163,
JTB,6826,0.0873956395552178,0.685238847403634,
RIOK1,11427,-0.18290684014437,0.68525449790536,
AGBL2,391,-1.17861423945367,0.685364497806073,
NTN4,9221,-0.254494015390732,0.685422171973045,
ITGAM,6745,-0.162037932963268,0.685457800484064,
TNFAIP8L3,14170,0.353407209253715,0.685571899056915,
LAMA4,7251,-0.248327125017168,0.685623154057452,
BTBD9,1520,-0.279731025255793,0.685899383444515,
PIGV,10029,-0.464656571571998,0.68605044792501,
CAMSAP3,1877,-0.199051073701441,0.686079500575744,
PAPOLA,9577,0.12146315854166,0.68610292907441,
STX2,13272,0.380552951384298,0.686108633856357,
MYDGF,8560,-0.126515311199437,0.686231482242822,
CDH6,2358,0.258417684812423,0.686261010354088,
HLA-F,6047,-0.401133165200014,0.686385853762926,
DOCK3,3834,-1.18388121946724,0.686408667807585,
TAPT1,13477,0.280353482163982,0.686523962967139,
ZNF442,15799,1.12239453148563,0.686546296514374,
LARS,7281,0.121119360802741,0.686576341416254,
CAMKMT,1873,0.250070306058809,0.68675684881171,
TRANK1,14342,0.145351306398619,0.686820295957264,
NT5C3A,9205,0.082020063030719,0.686917988865718,0.893190772896132
RAF1,11069,0.142043969850636,0.686924939341949,
C1ORF216,1654,0.327677584709662,0.687058588002092,
HOXA7,6130,0.633632210822363,0.68717338941675,
SYNPO,13387,-0.230902510286049,0.687241989221504,
SCN11A,11933,0.882440599483817,0.687342110561689,
SKOR1,12338,-0.683827923663963,0.687393375529417,
VAT1,15063,0.29637063532672,0.687434092876469,
BNIP1,1445,0.245229895393692,0.687541072982846,
EIF5AL1,4167,1.02325031208757,0.687587341079487,
GPR27,5572,-0.541250643016492,0.68761009047719,
ARHGEF10,895,0.254545610377057,0.687714120785095,
RAC2,11043,-0.160606731224676,0.687802385708251,
KIF1B,7030,0.178640808926717,0.687828307033402,
COASY,2908,0.187517104004053,0.687841608718055,
PLAC9,10139,0.372988145633048,0.687877609469544,
CEND1,2458,-1.03440439072175,0.68802466709795,
XRN1,15360,0.277708995001948,0.688074376659437,
SNTB1,12835,-0.341205612706511,0.688143984533361,
TMIGD3,14130,0.516402534923152,0.688179176247262,
TMCO6,13903,1.16945306554737,0.688218582497863,
SRSF10,13104,0.365463841675178,0.688273306395802,
RASSF2,11149,0.210236244800474,0.688309766970067,
RCVRN,11254,0.639771124258272,0.688371511473159,
IL17REL,6528,0.48277441893039,0.688420720995885,
IWS1,6786,0.126945322828459,0.688466207692999,
RPS2,11663,-0.0808762108579475,0.688467493441711,0.893190772896132
DIS3,3689,0.114771406386568,0.688756904660243,
GRAMD1C,5620,-0.323828140306739,0.688820243384048,
GALC,5150,0.351067855446486,0.688942938174236,
RARS,11122,-0.45886887582621,0.688950915127224,
GTF2B,5710,0.361771128623363,0.689035297369735,
PLAC8L1,10138,-1.16382766513626,0.689181293165503,
GART,5191,-0.329308619100436,0.689215364747979,
TAF4,13444,-0.157364715747313,0.68922731792346,
FBN2,4720,0.584164056503749,0.689250313674964,
EDEM2,4033,-0.278816296615895,0.689450274607708,
FCRL1,4805,-0.990703801586235,0.689506276269407,
TMEM19,14004,0.163323105066705,0.689610653050353,
KLHL41,7133,-0.392093078397381,0.689611271735554,
NEIL2,8846,0.242654285270618,0.689676476563402,
TNRC6A,14224,-0.106419435161684,0.689716907304272,
CRLS1,3132,-0.133309239364426,0.689759153597911,
NSD3,9183,-0.108496059304653,0.689837402958284,
HES1,5903,0.113559063917611,0.689839647135574,
ANGPTL5,615,-1.07458175548482,0.689951886526472,
PLEKHG2,10189,0.299947823871629,0.689975542807965,
CLEC1B,2761,-0.895088842530644,0.690075119829555,
TECPR1,13644,-0.26099481600531,0.690116879883024,
NLRP2,8994,0.365457200754803,0.690192133885567,
DNAH7,3758,-0.822109722310912,0.690306303702515,
NAT8,8692,-1.15263324738781,0.690340547698098,
BLCAP,1408,0.339348483716116,0.690547895027191,
GLUL,5396,0.110825098426102,0.690719339646539,0.893190772896132
KCTD21,6943,-0.205501553599325,0.690808512855722,
TBC1D19,13518,-0.217726903044447,0.690856762117502,
ADGRB3,306,0.62875279564251,0.69089673769803,
STK39,13230,0.142386338277937,0.690908665538049,
CALML4,1858,0.130877914958303,0.691030089608722,
GJA5,5337,-0.388586438766336,0.691035296197808,
CNR1,2885,-0.493118427962534,0.691078924007659,
HS6ST1,6185,-0.193750682643996,0.691092847073534,
CDK9,2393,0.224382084290788,0.691173647503999,
MYLK,8577,0.316809198970081,0.691179457858013,
SPTSSA,13056,0.0975868510632631,0.691363241464896,
TUBA8,14686,-0.9025690665719,0.691384211200693,
RPS20,11664,0.126485175982205,0.691580338357629,
OR5B17,9413,0.304800387791238,0.691607893852971,
PIEZO1,10008,0.0911623154863053,0.691649466914296,
FAF1,4494,0.278277751970123,0.691710746475688,
CENPI,2466,0.373592202167405,0.691742956604989,
CDK7,2391,-0.170987968600467,0.691802180000434,
SPG7,12985,-0.147432266835551,0.691838254942561,
ABHD1,80,0.686700539208173,0.691861334704615,
SULF1,13301,0.225547945860698,0.691945572399246,
C9ORF152,1788,0.450025932726045,0.692082423235006,
GPBAR1,5516,0.339581954380565,0.692088904872857,
TUBGCP5,14702,-0.848118316561087,0.692257366483349,
COMMD8,2974,0.419983717370863,0.692275986574734,
PRSS8,10712,0.126480718813388,0.692331139927042,0.893190772896132
TMEM140,13955,-0.241112616976285,0.692444400960396,
QRICH2,10942,-0.34130263980567,0.692481738300337,
HDHD2,5864,0.257716540747483,0.692566817230379,
STARD9,13189,0.311920660179183,0.692610776252481,
SERPINE1,12120,0.237638912860679,0.692629509395637,0.893190772896132
OR56B1,9412,0.588892954403696,0.69263618401373,
SEMA7A,12065,0.33867104594049,0.692694493057874,
KLC3,7077,0.59667814621525,0.692723040247451,
RPLP1,11637,0.10534374981925,0.692730369232711,0.893190772896132
VPS37B,15136,-0.247975704721301,0.692907811291836,
EYA2,4459,-0.506857048310349,0.692925205888786,
SFXN4,12182,-0.302330369206287,0.692929830694141,
KCNS1,6925,-0.618265575317138,0.69293379249873,
STK24,13218,-0.131142581398715,0.692952896427046,
PTGES3L,10819,-0.324962576895584,0.692979177909635,
PTPRE,10867,-0.130463469445106,0.69298659640267,
EIF2A,4121,0.0896434504609429,0.693029242288064,
CLSTN1,2815,0.0802739277747061,0.693062462615411,
RAB29,10981,0.399631101274631,0.693114494224369,
ANO7,700,0.261452201117112,0.693134500639813,
TMEM272,14064,-0.964164334784716,0.69313734695699,
SCD5,11915,0.287293617234699,0.693145306535261,
GPR20,5570,-0.534077721871202,0.693187146999421,
TSTA3,14616,-0.169701069159581,0.69320224868198,
SMAGP,12703,-0.125567493028344,0.693266291950314,
TXLNGY,14729,-1.14994318863932,0.693323378054077,
ZNF283,15711,-0.358464338613874,0.693398483704984,
TMEM69,14104,0.258203483140886,0.693466957705742,
ALPK3,557,0.260768971670986,0.693531084450124,
HIST1H4K,6004,-0.107646847570992,0.693635096921658,
MARS,7851,-0.300311575710018,0.693718326413177,
TPPP,14302,-0.405767092394341,0.693792569967947,
MRPL54,8352,0.255643682519308,0.693817146866099,
RAD23B,11052,0.10916310922783,0.693972305931705,
MOCS3,8227,-0.209379394265919,0.694029784519217,
NUP153,9275,0.495172152145983,0.694085760888958,
TRPC4,14538,0.391490593911584,0.694230650825168,
ZNF784,16032,-0.248314128485896,0.694253689876979,
TGFBRAP1,13733,-0.369361628107697,0.694297319228089,
HIST1H2BH,5978,-0.558787076633436,0.694468518290322,
CCDC88C,2116,0.383365305452858,0.694496805822232,
EML4,4232,0.305586766682824,0.694630931866702,
UBE3C,14821,0.203757802438579,0.694635958990511,
MAX,7872,0.0628063554406416,0.694654475476969,0.893190772896132
SRGAP2,13077,0.114030336609554,0.694711494399597,
FUBP3,5062,0.111060744494869,0.694756317068278,
SLC26A1,12465,0.590825359622905,0.69481733520542,
OCM,9338,-0.597018212573755,0.694892642657763,
ARHGEF9,918,0.224200370679717,0.694981088409534,
TMEM108,13925,0.340973213883804,0.695013237384808,
NDUFB4,8806,-0.0945523697877729,0.695050805458367,
THAP3,13748,-0.381832543961822,0.69508894715357,
DGKG,3624,0.458338986166008,0.69513224634066,
PPIAL4A,10423,0.0685650561684393,0.695160552863036,0.893190772896132
TMEM160,13969,0.0889243378402152,0.695262405224925,
FCF1,4787,-0.138264297683328,0.695413190359632,
MYO15B,8582,-0.191540546588695,0.695441482478603,
BABAM2,1259,0.247487393886042,0.695452704414547,
BATF3,1291,0.379357608625901,0.695691127176752,
SCRG1,11953,-0.47942282217041,0.695849542854677,
RPL22L1,11602,-0.142748994157775,0.695861832419513,
ABCA1,37,-0.190758117835108,0.695886364235036,
ERICH5,4358,-0.202121755672226,0.695919934717418,
AFF4,376,0.115831733283659,0.695979338336728,
CPNE1,3061,-0.237167950097879,0.69606974681229,
C3ORF70,1729,0.465759317524306,0.696071076043145,
TFF3,13714,-0.291153562924014,0.696191157807106,
OGFR,9354,0.125000267110821,0.696246721457161,
AUNIP,1203,-1.10425097055368,0.696456655868052,
POLD4,10321,-0.310164661447781,0.696505357244019,
ZNF827,16056,-0.361604160429905,0.696559963031789,
FAAP24,4483,1.00013623134557,0.696623173497606,
CNNM4,2868,-0.330823425135352,0.696659453963769,
ERC2,4336,1.13629208710861,0.696732813757743,
FARSA,4693,-0.150033049817054,0.696740113512952,
SURF4,13332,0.10735576948269,0.696793143084065,
MAMDC2,7749,0.405061651608571,0.696794633836127,
ECHDC2,4014,-0.163180307526434,0.696819821385442,
CASTOR1,1954,-0.260634098345607,0.696873655611388,
CCDC30,2078,-0.588269551771682,0.69691084309543,
STK32C,13224,0.264225532356978,0.696995004071254,
MYADM,8544,0.112018159600594,0.697029514146127,0.893190772896132
CASC3,1930,-0.273588024571085,0.697097982628314,
EFHC2,4075,-0.657632610698928,0.697104849814757,
DLG1,3706,0.0802407725889701,0.697280073322741,0.893190772896132
EPB41,4283,-0.156824598776429,0.69728647698211,0.893190772896132
MRRF,8384,-0.34240717421555,0.697421469759246,
FANCG,4682,0.381776751445981,0.697512935119209,
HDGFL3,5863,0.261846599405357,0.69756897008113,
NDUFB7,8809,0.0847550016003512,0.697583024053575,
AAMDC,23,0.254941989055848,0.697615129097318,
TMEM41B,14079,-0.171588269512658,0.697639824494378,
NCS1,8762,-0.330805985488036,0.69774637340137,
PTGFRN,10821,0.179690196520542,0.697755382844161,
CBX1,1991,-0.156388675810303,0.697791977654769,
ASMT,1039,-0.921032337133206,0.697845396280512,
BRPF1,1495,0.249698969142201,0.69798863503527,
COPB2,2982,-0.196696541818861,0.698088016438197,
RFFL,11319,-0.120708247835037,0.698128511212188,
TTC38,14646,-0.302923336926646,0.698205232024732,
CATSPERB,1961,-0.269051699272015,0.698225263709946,
CPSF4,3077,0.336805052372399,0.69831078859739,
SNX27,12859,-0.132128345104369,0.698406037470347,
TAF11L11,13432,-1.06575568615406,0.698578620574056,
TRIP12,14505,0.160876764254895,0.698655076455466,
LTN1,7645,-0.218203483342685,0.698679746151045,
DLST,3719,-0.596109883011119,0.69879463376962,
PSMD6,10771,-0.132265231146117,0.69884880557418,
ZKSCAN4,15588,0.51684651996134,0.698921008371521,
ZNF696,15971,0.314345615570958,0.698980530291529,
ZNF391,15767,-0.618533931432099,0.699015164285523,
SLC41A2,12572,-0.747614690231234,0.6991252879235,
C10ORF143,1552,-0.38762110885099,0.699156819287288,
FAM186B,4580,-0.548322153199178,0.699330021382408,
NELFA,8859,0.17189322790212,0.699386639151336,
CRBN,3099,-0.325236760194691,0.699473481653319,
OS9,9435,0.168394271974451,0.699672878015729,
COPS5,2990,-0.24744694104895,0.699692497812634,
MAP7D1,7815,0.120568547904343,0.699743477765158,
GPR65,5585,-0.283270926585073,0.699761189244124,
HAX1,5826,-0.099743194180554,0.699771678215151,
TAS2R4,13492,-0.316383752933629,0.69977241774196,
MAP11,7773,-0.340348984643596,0.699858712595172,
KLHDC7B,7102,0.458825555488941,0.699966650560926,
ZNF383,15762,0.203485670164393,0.699980336132782,
AKT2,488,0.287671177431646,0.700013265396139,
TNXA,14231,0.318825043717282,0.700017740490794,
USP37,15001,0.34261913664141,0.700179514095651,
SOGA1,12881,0.0997209375646317,0.700228194537919,
SRRM1,13099,0.297428449958122,0.70025754020832,
GGN,5299,0.766199792390213,0.700517457915837,
WIPF2,15287,0.230434863943503,0.700525316000722,
NKX2-2,8975,0.516116479686433,0.700564885829338,
ZNF347,15749,-0.19741990245945,0.700593757905692,
THBS4,13758,0.337125236466842,0.700604251715477,
CCNH,2176,-0.521951721845031,0.700617015213354,
NFKBIL1,8907,-0.218097035130871,0.700634172233784,
MLX,8171,-0.234598319972312,0.700707574992292,
ST3GAL3,13151,0.410830099859977,0.700772934180526,
EPHA8,4304,-0.624701905543928,0.700792126369854,
ATP13A3,1115,-1.11562959037621,0.700794276043845,
POLR2E,10345,0.818561113140746,0.700798209422883,
SLC46A1,12585,-0.578262698736322,0.700807857549522,
HOOK2,6119,0.156648435227742,0.700857824334843,
ALG9,536,0.371242209140441,0.701166449608953,
DQX1,3887,0.33236860845998,0.701167076262193,
RRAGB,11703,-0.0797751315589728,0.701212218918022,
CD14,2218,0.206381990722352,0.701227997993922,
GNL3L,5445,-0.280704917250188,0.701262298546814,
TMEM106A,13921,0.222396593966759,0.701374447443817,
ODR4,9346,-0.207423682315326,0.701635275865177,
PTER,10808,-0.334871568583596,0.701646677391251,
COQ9,3008,-0.12418505283022,0.70164932187521,
TMEM216,14022,0.257029238648152,0.701801812850631,
DDAH2,3510,0.119486084000404,0.701842347719479,
TIRAP,13832,-0.448478596080695,0.701886260764063,
LSM14A,7617,0.17308544038472,0.701901577424849,
GLCCI1,5360,-0.329814307518247,0.70191169784478,
DMRTA1,3735,0.297250363020742,0.702000957789114,
UBE2T,14814,-0.694019280963082,0.702055950124721,
MEST,8014,-0.38003709062864,0.70205637132229,
MEI4,7996,-0.501401024400003,0.7021044351763,
LSM4,7620,-0.134974243684023,0.702123047352836,
EIF4E,4154,0.107510982885613,0.702197485341939,
CDR2,2412,0.292944253787047,0.702257042688657,
FAM71E1,4644,-0.397859383207126,0.702285778066016,
MCMBP,7918,0.11962019925775,0.702336048187382,
KDF1,6952,-0.238414053101169,0.702343485477687,
DOK6,3847,1.11246549304868,0.702390534286467,
ZNF16,15638,-0.36854198093559,0.702447267592817,
IFT74,6355,0.209783184311487,0.702539660524864,
AQP2,823,-1.11769450036843,0.702642055495642,
C8ORF34,1776,0.948565995507491,0.702699605133909,
TDO2,13627,-0.405912100285517,0.702720605345633,
SYN2,13369,0.491097519434208,0.702788637143295,
TRA2A,14318,-0.0500017724184017,0.702790492932432,0.896742758666697
PCMTD1,9729,-0.0888427339405378,0.702794579002119,
LOC100506051,7472,1.11267214551251,0.70283273659195,
PKD1L2,10092,-0.539973653943416,0.702839244032875,
RFXANK,11335,-0.576511700506202,0.702941740380743,
ITGB3,6752,0.319252880383972,0.703007254384116,
PTCHD1,10801,-0.809584113118747,0.70301528287525,
PRKCZ,10603,-0.280530936938984,0.703044149172882,
MPZL1,8284,0.214551351012154,0.703047528391968,
NPHP4,9089,0.53734545423022,0.70315431213145,
LOXL4,7488,-0.262802946862202,0.703162947830198,
DGCR6L,3618,-0.402798310734421,0.703325118215936,
TRDMT1,14423,-0.269628997851259,0.703389352691764,
IFITM1,6333,-0.122960207492474,0.703452439089146,0.896742758666697
PCDHA6,9670,-0.377514677007641,0.703489034973659,
ADAMTS18,263,0.333463290579996,0.70356702859983,
LDAH,7313,-0.119598605423771,0.703608528871041,
PDIA5,9807,-0.259193154607863,0.703753219884851,
GMIP,5407,-0.136748895775811,0.703820276993703,
ANKRD46,674,-0.356323652907197,0.703825775136002,
FLRT1,4930,0.909710672191973,0.70395746824149,
SLC25A29,12442,-0.161016378078584,0.704196146382343,
CLP1,2803,-0.288375850513983,0.704230333115674,
ZFP28,15543,0.501635893261659,0.70427893629852,
CDC37L1,2320,-0.258382808255861,0.704396505398197,
SLC26A4,12470,-1.10423230481956,0.704461222500875,
EAPP,3997,0.165271712256078,0.704498451822023,
NT5M,9212,0.451095397678423,0.704503519333773,
HDHD5,5866,-0.179811270500588,0.7045330152326,
SNORC,12813,-0.460082822167029,0.704567889357817,
PDZD8,9838,0.148436395569254,0.704622439847061,
LRG1,7517,-0.231590050418771,0.70463881024128,
PRKAR1B,10591,-0.359285114535892,0.704831886337813,
NELFE,8862,0.101256605416104,0.704863034032712,
PRC1,10539,0.243820529563547,0.704866844801631,
IL2RA,6551,-0.406299135151914,0.704912594593815,
CA5A,1804,-1.10490163506415,0.705045493642026,
CD53,2276,0.182389895204402,0.705058347811972,
PRADC1,10533,0.357574610624674,0.705070946641789,
CEP170,2491,-0.304698154741235,0.705080131781988,
USP8,15022,-0.212425495917791,0.705088214307126,
CEP19,2493,0.510845927961495,0.705095647987343,
NCALD,8721,0.349358001674336,0.705196129654002,
MS4A1,8390,-0.419485336303018,0.705243896379277,
MECOM,7952,-0.179837942929363,0.705262555441218,
AL135905.2,492,-0.123488790176923,0.705266645846104,
ANKRD22,654,-0.203695865072081,0.705424531546057,
IGLC2,6454,0.291549477171189,0.705540611090352,0.896742758666697
POLR3C,10358,0.135800593086937,0.705587312016211,
SLIT3,12677,0.251595155856135,0.705711347676872,
SERAC1,12089,0.511364042869908,0.705715733265531,
PHACTR2,9935,-0.145518473885041,0.705795456656502,
ALPK1,555,0.460090017150393,0.705843982937732,
XRCC3,15356,0.236575579544441,0.705880679149925,
CELF3,2449,0.428723710602547,0.705893404421881,
CCDC187,2064,-0.699750347909378,0.705907677325023,
SETSIP,12150,-0.47839848757127,0.705957190971394,
PIGA,10011,0.180014815072576,0.70607747376846,
RYK,11801,0.149321788531288,0.706250057254754,
LY86,7667,0.370776383245942,0.706251604187483,
SELENON,12036,0.117039640945012,0.706333442823752,
NKX6-2,8979,-0.593794666088866,0.706346390506392,
BDH1,1357,0.352905825645941,0.706415724869424,
LYST,7690,-0.189812541978491,0.706449439271469,
TRAV36DV7,14380,0.852362439761038,0.706498989796116,
NAA15,8629,-0.401311282008092,0.706506845903556,
AP2A2,741,0.311884853682307,0.706531809306541,
CCSER1,2204,-0.217986004723172,0.706601432328422,
GRB7,5630,-0.287721850986011,0.706611488663147,
PIP4P1,10066,-0.247704374074691,0.706617586352599,
NR0B2,9128,0.305587984421956,0.706692140266557,
CYC1,3349,0.210867880154819,0.706730309325894,
MIIP,8124,-0.852645014330002,0.706790850105766,
KCTD12,6933,-0.174341184608587,0.706802980330445,
MYB,8545,-0.275550578837246,0.706986374675757,
VSTM5,15166,-0.599384160398012,0.707072987161275,
HSD17B1,6193,0.532049174144295,0.707092375038354,
SLC34A3,12514,-1.09581142182713,0.707195282355003,
SLC35D3,12528,0.463025234669532,0.707306632997457,
CES1,2526,0.31071194136549,0.707352568662028,
PHKG2,9971,0.129699659961495,0.70739741947555,
LOC100506029,7471,-0.320221753613952,0.707400399174151,
RPL26,11606,0.074461673241074,0.707464240687916,0.896742758666697
VPS26C,15127,-0.20519882281791,0.707509666802326,
TJP2,13835,-0.168083387785875,0.707612317455337,
SLF2,12667,0.204008818113269,0.707649461645547,
RELN,11285,0.355022397494814,0.707686246306149,
DOCK7,3838,0.142543703189256,0.707800897628422,
BCL2L13,1336,-0.114938975178901,0.707900961344354,
PAN2,9566,0.196261492777485,0.707933070525135,
SPOCK2,13011,0.255734072589032,0.707946137124551,
IPO9,6662,0.350195845309486,0.707952074204252,
TRAV18,14367,-0.606268852914875,0.707978169296048,
ZNF444,15801,0.253119617270776,0.708102354674026,
NUDCD3,9243,0.105699552943483,0.708195634172466,
ALG14,528,-0.503030049559179,0.708224743202078,
UBE2QL1,14811,0.43747596011263,0.708346881815814,
RSBN1L,11728,0.169218220403316,0.708360365840439,
WDR54,15244,0.381089402117744,0.708398821709762,
PRKAA1,10582,-0.0766179097386076,0.708510102648185,
TMEM115,13929,-0.110446486468996,0.708559564762954,
TMEM178A,13988,-0.446478013140277,0.708571523108975,
FAM161A,4554,-0.308113321618921,0.70868490643511,
ESCO1,4377,-0.272466583391091,0.708706007934427,
SENP5,12071,-0.208500525993881,0.708742997028659,
LRFN4,7515,0.300928740552812,0.708747637261459,
NOL3,9034,-0.111844790983579,0.709098286035359,
ORAI2,9423,-0.117658999133537,0.709102492652065,
PEX7,9885,-0.223548405491555,0.709151446982967,
MEIG1,7997,1.09042682873787,0.709173738923448,
SORD,12889,0.447713940530433,0.7092344897628,
FBXO28,4753,0.199942819038892,0.709277995731727,
SLC30A3,12502,-1.08354235362441,0.709296396895603,
KMO,7158,-0.598363584810134,0.709322051715328,
PHTF1,9984,-0.220546050620801,0.709342245202493,
SPINDOC,12996,-0.23102402800157,0.709575455190097,
PLEKHS1,10206,-0.224824124037481,0.70957643445172,
HMGA2,6063,-0.38878432942271,0.70962362200509,
GFPT2,5288,-0.28307981531159,0.709655299672819,
POMT1,10374,-0.308292117997802,0.709764909337207,
DCAKD,3470,0.202046363265872,0.709853391370156,
KIF5B,7051,0.0867737478040036,0.709861404168144,0.896742758666697
INTS6,6645,0.161294643264457,0.709865808906291,
CACNA2D1,1829,0.402111251383025,0.709913496097433,
RGS2,11362,0.162523444797756,0.709932534247452,
NFIL3,8899,-0.240768087118534,0.709964428211471,
EGLN1,4096,-0.080126802602145,0.710011966581712,
NIPA2,8947,-0.131171489141142,0.710045112116248,
UNC5CL,14922,-0.242998540391148,0.710112838941111,
MS4A15,8393,0.953470301388252,0.710114678932103,
CHTOP,2676,-0.10965811219434,0.710224375024002,
HEXB,5910,-0.066476995604886,0.710280453079024,0.896742758666697
IGHG4,6389,-0.342234274775493,0.71031672247872,0.896742758666697
TMEM42,14080,-0.201946041746056,0.710336812666325,
DRG2,3899,-0.206074277857077,0.710392441641068,
AIFM2,436,-0.228337629453357,0.710411064173663,
CLASRP,2720,0.104713593904414,0.710418390794433,
TAS1R3,13484,0.619225379760727,0.710492747958301,
ANXA2,714,-0.0755564115826118,0.710509881265068,0.896742758666697
PIK3R2,10046,0.113218583506829,0.710511639979478,
KPNA2,7173,-0.133637461323311,0.710532362889966,
TMEM196,14009,-1.08281071778289,0.710544509766892,
HMG20B,6061,0.297154097109511,0.71065203747726,
HJURP,6024,0.693790859012086,0.710675127990007,
TTC23,14632,0.234584871817816,0.710764644286574,
SUMF2,13313,-0.0672897333148505,0.710784568790848,0.896742758666697
LAMP5,7262,0.356141122488241,0.710811387690175,
MRFAP1L1,8295,0.0793410844974555,0.710821353498928,
LEFTY1,7330,-0.417405395990562,0.710885739574618,
TRMT12,14519,0.272901518835934,0.710907022859974,
AP5Z1,759,-0.197663534735607,0.711019345273845,
TP53BP2,14273,0.0688472182454733,0.711171456687343,0.896742758666697
TPR,14304,0.0842705196657899,0.711317147711774,
DSP,3912,0.103572609787914,0.711343509004902,
ADPRM,353,0.404807608595628,0.711367012315074,
BSCL2,1501,-0.157450248492815,0.711376572931494,
DNAH2,3755,-0.324770109697735,0.711512453650579,
RPF2,11582,-0.409893871974741,0.711597877185694,
FOXL1,4999,-0.374156793894114,0.711614419376934,
SIVA1,12326,0.27286275050102,0.711770250465828,
EEF2K,4057,0.274715668186863,0.71177809713897,
MSL2,8413,-0.347458788359922,0.711782851146487,
NTNG2,9224,0.493295516284893,0.711788607597336,
ZNF704,15979,-0.368982254470938,0.711814171663461,
TRAPPC8,14357,0.162009649403981,0.711873332880887,
RBM8A,11215,-0.230409667776034,0.711904223984205,
C2ORF72,1713,0.199564584730218,0.711933014370807,
HAGHL,5797,-0.26254819081322,0.71197934098716,
BIRC6,1404,-0.196290163264088,0.712206337760971,
PROCR,10628,-0.19053100100163,0.712248251127028,
SIGLEC15,12289,-0.910828493108279,0.712399113906542,
TMEM181,13993,-0.122185832508783,0.712416674353109,
SH3BGR,12217,0.397847282214642,0.71243468983705,
CASP2,1940,-0.170662220808918,0.712550320909991,
OCLN,9337,-0.222170368876217,0.712632613496978,
DHX32,3658,0.201180469051133,0.712692204796525,
KRTAP12-1,7215,1.07367318161307,0.712721640342588,
NKIRAS2,8970,0.275233795197903,0.712780719898039,
8-Mar,9,-0.317329557166426,0.71279064900787,
RIMBP3,11417,0.66495008549434,0.71280685965395,
TNK1,14207,-0.313804816483783,0.712845336037831,
LTBP3,7639,0.149735755608259,0.712889087035378,
IFITM10,6334,-1.07455742630535,0.713077659096738,
NFRKB,8909,0.211689653351282,0.713306809100839,
ARNTL2,981,-0.169850227409514,0.713362982002904,
HOXC8,6144,-0.29175486535068,0.713473048363551,
RNF11,11470,-0.16262098982647,0.713474351503065,
HIST1H3A,5984,-0.209692069307033,0.713594919811906,
CD33,2258,0.182081477063776,0.71360289813819,
FPR3,5020,-0.189151953073598,0.713780019280971,
CEBPG,2438,0.320873154451978,0.713792357539163,
GYPC,5759,-0.14572178404066,0.713818614166626,0.898676476805721
RNF224,11525,-1.06942097933023,0.713830233063627,
ITM2C,6769,0.209855561588519,0.713837585151861,
PLA2G7,10128,0.183606609043645,0.713851247365073,
DNLZ,3815,0.275852151256649,0.713857083317697,
TNFAIP1,14163,0.169562424918085,0.713865796429403,
SYPL1,13392,0.142847056021538,0.713876254225343,
NDST2,8777,0.225395304863662,0.713920566804845,
TGIF2,13735,-0.197357538886995,0.713930717062637,
TAZ,13507,0.169350236762667,0.713961141251284,
RCCD1,11243,-0.241863430879055,0.713998250689593,
DDX20,3536,0.214688783839817,0.71405798299819,
ARHGEF38,911,-0.174287577155046,0.714071608309939,
MRPL40,8338,-0.405843491813581,0.714094703023344,
TRMT1L,14521,0.12519228426548,0.714126370545898,
GALNT16,5163,0.381064021941401,0.714185811284934,
EIF3CL,4139,0.102131273106886,0.714245035337335,
RPP21,11642,0.0839807308445848,0.71425369578077,
ACOT7,179,0.238976469300355,0.714266763655348,
RFX6,11332,0.583244756974021,0.714278063900908,
LMBR1L,7446,-0.235618979475153,0.714405583816837,
ARHGAP4,882,0.234405662778814,0.714415297148913,
WFDC1,15278,1.06511006275695,0.714479407949548,
CREBRF,3111,0.10409603898273,0.714512684530571,
TRAF7,14334,-0.0897576157949091,0.714537980962995,
IGHV5-51,6434,-0.482113046069934,0.714732544722647,
BTN2A1,1531,0.118969316429278,0.714867389072301,
THAP8,13752,-0.304384571817463,0.714868584117091,
RPP38,11646,0.14511257539315,0.715195602238067,
AP5M1,757,0.322418175284955,0.715236288969834,
GATC,5210,-0.110237368765022,0.715266493401099,
MYNN,8579,-0.165634052599648,0.715336400349462,
REX1BD,11308,0.547864665523076,0.715454651273209,
SAMD8,11851,0.125717693353589,0.715461925907381,
ADSS,363,-0.0588680206704005,0.715604040802181,
RGS17,11359,0.40267895951494,0.715639415962748,
FZD4,5101,0.308040463702676,0.715697196076242,
SEL1L,12027,0.200399033151316,0.715721650892382,
PI4K2B,9995,0.328776515276126,0.715748325820863,
ESRRG,4390,0.593060352600181,0.715754614622878,
MEOX1,8006,0.337339168250993,0.715936064352624,
NFIB,8897,-0.395567905904399,0.715994709722857,
KPNA4,7175,-0.197121554814777,0.716093364129287,
TCF7L2,13606,-0.11472082644901,0.716155677716613,
FH,4876,0.201434172184104,0.716193119062775,
RNF133,11483,-0.918785411905711,0.716269929402205,
DBT,3454,0.204541347212268,0.716292257637161,
PCGF2,9717,-0.171350817583715,0.716353990188323,
MPI,8263,-0.16545580408227,0.71641656581518,
C2CD4B,1699,-0.299432275019733,0.716430425106729,
HIKESHI,5944,0.323919630539203,0.716474349711233,
COPG1,2984,0.108526427304602,0.716486778586772,
MAST1,7857,1.05642999504506,0.716553241806055,
CDIPT,2365,0.168468234252869,0.716670257283594,
ZC3H7A,15483,-0.0667017945841673,0.716688280370194,
RHOJ,11396,0.350139126778116,0.716827025522019,
TMEM220,14025,0.294124561635439,0.716836924774614,
SAA4,11830,1.05125240211931,0.716909460354726,
TCEAL7,13589,-0.90376795512682,0.717121386916804,
S100A10,11806,-0.096389997499364,0.717159284581725,
ADSSL1,364,0.454821121599826,0.717188471298907,
KCND1,6873,0.518135686276909,0.717229373568689,
SLC9A4,12648,0.426550742304705,0.717253039502809,
CKMT1A,2713,0.21477741122798,0.717285261040444,
KCNF1,6880,1.0573951170314,0.717327070302213,
CARMIL2,1922,0.427074756811527,0.717363781781716,
SOX7,12910,-0.439296330975389,0.717399904946033,
MIP,8135,-0.875643188435384,0.71758087343088,
APOC1,797,0.243174862174013,0.717625714773849,
PPP2CA,10494,-0.105018587317881,0.717648444856112,
CYTL1,3411,1.04934951550531,0.717836013482153,
PAPSS1,9581,-0.0992375669777171,0.717971314732666,
FBXO43,4766,1.05579921062432,0.718105220166982,
CDK17,2375,0.255220259344647,0.718126724707185,
PDIA2,9804,-0.329163319228835,0.718146154027778,
FAM166A,4559,1.02858361807447,0.718185217754558,
FBXO5,4771,0.395506227064795,0.718228734304007,
HS6ST2,6186,0.469680018717617,0.718325821171518,
INPP5F,6622,0.148163155598285,0.718361184424744,
ABHD12,83,0.0916377289753621,0.718405552408342,
NAIF1,8663,0.165454890672763,0.718410545018386,
SUPT20H,13322,-0.161210426048488,0.718527045500657,
IPO11,6656,-0.110217395228072,0.718560046043594,
OLFM2,9363,-0.323580015408408,0.718615739325608,
DDX43,3549,-1.05018606974108,0.71862729693118,
ANKRD29,660,-0.271282858213656,0.718643335019737,
COX7C,3038,0.249254948155312,0.718691833771243,
RIOX1,11430,0.386368078703218,0.718694449287083,
DDIT4,3519,-0.223919867788954,0.718716821827203,
PASK,9618,0.349132962833823,0.718718391417077,
TRPV6,14553,-0.486469128453439,0.718803040567909,
CCDC32,2079,0.28925022089177,0.718894974054323,
ALDH1A2,504,0.352347326590661,0.718918756956011,
PNPLA7,10293,-0.234454360385329,0.718955487274631,
COPB1,2981,0.223196614656395,0.718972157860657,
PRSS3,10702,-0.345603194371004,0.718990134127395,
ZNF333,15738,-0.191886883033058,0.719025198978752,
KIF22,7037,-0.285188677508094,0.719171849412604,
VAMP1,15046,0.236890265545377,0.719252443318061,
STIL,13206,-0.380939556760437,0.719306327598216,
CHURC1,2678,0.148632085077198,0.719308057341174,
FBXW2,4776,0.213105740286454,0.719381927396298,
WHRN,15284,0.31128519068591,0.719406158333314,
LEMD2,7334,-0.286889363483922,0.719542555476053,
GPX4,5615,-0.0919418638550092,0.719600127987565,
CD300LB,2253,0.296205284644017,0.719600969933946,
KCNMB3,6914,-0.370088763492695,0.719606154681697,
NF1,8881,0.482860677781388,0.719716148126692,
ERGIC3,4352,-0.0510670341988292,0.719731817808516,0.903320590614126
CAPNS2,1901,-0.437006053236705,0.719851326810111,
FOXD4L5,4990,0.517841161834161,0.719974036189254,
TPSD1,14312,0.227087906229506,0.720072450734768,
OTUD7B,9473,-0.308759421591099,0.720107321258129,
CLTB,2819,0.0749071671994979,0.720153579950349,0.903320590614126
IRAK1,6683,0.124020161992848,0.720296941817128,
ZNF296,15718,-0.299150143104396,0.720385935336605,
BCL2L12,1335,-0.247597169557654,0.720422224480873,
POLG,10328,0.0820104340651285,0.720432848069236,
DLX5,3721,0.530660443999864,0.720549749962311,
DYRK1A,3977,-0.0793554335733584,0.720550686180694,
POLR1B,10337,0.218925993482424,0.720640879320186,
UTF1,15027,-0.784923576871061,0.720690317340181,
ZNF98,16085,-0.790784819857053,0.720801971209406,
SRGAP3,13080,0.324196012576795,0.720810654534607,
F2RL3,4474,-1.03871208047338,0.720830903965527,
MON2,8235,0.299676810490369,0.720971165580261,
ALG3,532,0.258549664182286,0.721044861319754,
C7ORF57,1769,1.04048067890734,0.721063675610206,
ZNF727,15997,0.38415121066661,0.72109732708691,
CACYBP,1838,-0.311469250443555,0.721159229005486,
RSPH4A,11737,0.883114349841724,0.721159494393462,
ARPC5,987,-0.079340572265919,0.721222318736733,
ADAMTS7,271,-0.374834151633307,0.721330423337861,
GPR89A,5594,0.223588419573888,0.721331197295376,
TAC3,13419,0.704536338659356,0.72134195161386,
ZNF316,15725,0.09842800632105,0.721391316546636,
MSH5,8407,0.16574035281892,0.721470332826086,
TNFSF9,14202,-0.408814636254013,0.721557385963547,
GPT,5610,0.380369983959606,0.721560803337711,
CEACAM18,2426,-1.03940667110561,0.721578971552786,
PRPF31,10644,-0.131171473581113,0.721589888812091,
ACACA,137,-0.0735573393671154,0.721835040456392,
PHOSPHO2,9981,0.133428246984563,0.721874849214768,
TAF6L,13449,-0.197670077227226,0.72199723286031,
SYCE1L,13358,0.594376870373035,0.722009462899035,
NLRX1,8997,-0.257762745066934,0.722072691938593,
PPP2R2C,10500,0.477106471657185,0.722094928618486,
FITM2,4899,0.28730376913846,0.722125215050958,
PHKA2,9968,-0.119352043985663,0.722132358095455,
GRPEL1,5665,0.171265046781784,0.722145736359693,
TESPA1,13680,0.340219636384603,0.722292772785401,
CPO,3069,-0.543869414942529,0.722306774196232,
COMMD9,2975,-0.126207619151355,0.722336136203394,
COQ7,3005,0.158147214310333,0.72235482619274,
CTCF,3225,-0.112754847067698,0.722574382193913,
RBBP9,11169,-0.395119369917464,0.722626661253985,
LCP2,7311,-0.166364366100081,0.722626919899928,
DHX33,3659,-0.371542589856802,0.722684033445929,
ZNF575,15887,-0.375898728459408,0.722736266031597,
IL12B,6513,1.03600955827932,0.722827799952764,
DCUN1D2,3502,0.166631250275493,0.722924512876506,
LZTS3,7698,-0.18194798647697,0.722934269731719,
CTU2,3273,0.196001889132069,0.723034834135684,
RAB3GAP2,11001,-0.108652512663119,0.723037044795138,
STAT6,13196,0.0643430658191754,0.723192723235356,0.903320590614126
UNC45A,14918,0.137009945868097,0.723226919574579,
PPRC1,10525,0.308481898191527,0.723373251373299,
MROH8,8308,0.52015661777344,0.723412708765929,
MED29,7978,-0.21741093435989,0.72343899777867,
LGALS3,7353,-0.0862057162434768,0.723454612749125,
IL26,6549,-1.02793564293485,0.723498495453551,
AGRN,413,-0.0670875839391054,0.72360567465805,0.903320590614126
MTMR14,8478,-0.181202651338943,0.723617107395732,
LRFN3,7514,-0.321096402663139,0.723782628843124,
TMEM87B,14115,-0.0805835343088674,0.723876013273001,0.903320590614126
MAPKAPK3,7836,-0.233591774957258,0.723879430550463,
DNAJC7,3800,0.108033039925209,0.724081194215259,
SERPINA10,12104,1.02284735818068,0.724099412740808,
DENR,3596,0.0838361847483287,0.724203156025718,
TEKT2,13653,-0.531475041872497,0.724221247188281,
KRT81,7213,0.611334004275475,0.724222184756825,
LAPTM5,7272,0.0977693007351994,0.724223571409342,0.903320590614126
KSR1,7224,-0.126038477352996,0.724237981140733,
FEM1B,4821,-0.221913991195456,0.724291345488746,
SYNGAP1,13378,-0.244426914987552,0.724302496566522,
HBEGF,5829,0.147540631529926,0.724345097661088,
PIP5K1C,10070,0.13079483577223,0.724397809039934,
WASHC3,15196,0.120927359548512,0.724399158924468,
ACSL4,198,0.12263776184525,0.724424002511698,
SERPINB7,12115,0.576426069687942,0.724454588665513,
LRRC73,7584,0.880633998646087,0.724628157277171,
LRRC40,7564,0.109023051050974,0.724709081335523,
LTA,7632,1.02585965799911,0.724729372225788,
HEXD,5911,-0.0818018773293857,0.724791998079464,
COPZ2,2997,0.365640724009859,0.724841927289551,
ADGRG3,319,-0.306205277045881,0.724887865505659,
EPRS,4320,0.462661583162017,0.724899147414652,
SIN3A,12306,0.145418575662013,0.724931988779929,
DCAF15,3461,-0.198767327892328,0.724970516763627,
NXPE3,9309,0.300384737240387,0.725020412231414,
UPK1B,14934,0.354901778217268,0.725047162875401,
PAX3,9624,-1.02339934779143,0.72520366455238,
ANKRD27,658,-0.191077764224826,0.725208519389663,
COA8,2907,0.267834165422644,0.725228600528671,
TM4SF19,13876,0.577674663079934,0.725367127669424,
TEX261,13690,0.11929762906308,0.725450626222477,
UNC50,14919,0.145346278699117,0.725463485378844,
CNOT6,2875,0.340434862139587,0.725572492556442,
CLEC20A,2762,-0.639514496343449,0.725597859998317,
WSB2,15313,-1.02033956073652,0.725635754426987,
RABIF,11037,-0.227427086591743,0.725690760548855,
OIT3,9360,0.610204330379719,0.72574175788446,
HAVCR2,5825,0.344253400231865,0.725743674765128,
EXTL2,4457,0.381755242097003,0.725753825126681,
STRA6,13248,-0.333832373393301,0.725867956274862,
BAX,1292,-0.0561671266073749,0.725877782603807,0.903986682964926
MAZ,7873,-0.0991051375622919,0.725911937929022,
CLCN6,2730,0.195198918912154,0.725969769891566,
KCTD16,6937,-0.381629660740805,0.725991367853671,
NOL4,9035,-0.553381416597029,0.726024163654117,
ZNF550,15865,-0.282825813519737,0.726116841846568,
C2CD3,1697,-0.113457928467744,0.726130349951777,
FAM167B,4562,0.606478969550422,0.726148107063585,
GUCA2B,5741,-0.510679147662868,0.726167265914526,
PDE1B,9773,-0.293584066233932,0.726180740881842,
RPL23,11603,0.0926091476581155,0.726366764248334,
POLA1,10315,-0.315593738003735,0.726394742761022,
HNF1B,6085,-0.263666839034061,0.72642578533693,
PITPNM2,10079,0.201385911617228,0.726468149896228,
VCX3B,15077,1.01710330286777,0.726500813681486,
DGKA,3620,-0.122532679308231,0.726549799778869,
STAT5B,13195,-0.118481978657119,0.726659399659833,
SLC2A3,12492,-0.180928051153487,0.726731247488316,
BLOC1S4,1417,-0.173209272492477,0.726780649230353,
TMEM200B,14013,0.413261237488955,0.726815144423285,
ERLIN2,4361,-0.199204377566858,0.726884186277819,
MTUS2,8508,0.45926250043108,0.726890987771034,
TNFRSF10A,14171,0.0933161855557451,0.726982276766687,
SEMA3F,12051,-0.338064050581384,0.72700119772015,
THRA,13772,0.133011327746542,0.727024710544152,
CHRNE,2659,-0.424652920526695,0.727063794406875,
CNOT3,2873,0.0729718979637437,0.7272106361026,
ADH1C,330,-0.44140686454305,0.727259842321222,
ZNF555,15869,0.194034261478053,0.727274962399193,
PPP1R15B,10468,-0.128671376060182,0.727335226429834,
FFAR4,4837,-0.353157915432015,0.727342562426945,
NDUFC2-KCTD14,8814,0.363302595551119,0.72739734646786,
HSFX1,6213,0.955320013107774,0.727442233243319,
RIDA,11411,0.228187529785792,0.727470805881212,
MAPK6,7828,0.109392664502735,0.72760704047241,
LILRA6,7391,0.267599207564074,0.727654388282801,
ZNF320,15730,0.474339215968723,0.727736883232799,
KDM5D,6966,-0.429705813613924,0.727778377291873,
PANK4,9571,0.125809375953155,0.727797465670603,
SHFL,12251,0.229382640129845,0.727818755594236,
SEC24A,12011,0.158684500526488,0.727839003363495,
HIPK2,5953,-0.177206222513716,0.727848498534008,
CEP89,2514,-0.226708396595119,0.728096677732808,
MAP3K11,7790,-0.113300766519963,0.728200655635951,
UBE2V1,14815,-0.0512173561245633,0.728210871552398,0.905494874179946
MRPL13,8313,0.249527556762713,0.728242236714227,
LUZP6,7656,-0.242829983617829,0.728256793079373,
ADD3,301,0.131275634327271,0.728392284981654,
FBXO11,4743,0.210883197227663,0.72846575844005,
ZNF10,15611,0.263943330342418,0.728534328687772,
MEIS2,8000,-0.220762911968107,0.728686056863879,
APOLD1,809,-0.340647013558178,0.728781262096429,
PECR,9850,-0.287896247327503,0.728792437024416,
NR5A2,9147,0.274751910279669,0.728821376816074,
POC1B-GALNT4,10301,-0.137757300140607,0.728922788050687,
DRAM2,3890,0.158001484908884,0.728984209217566,
GALK1,5152,-0.214509553499056,0.728984682600815,
CHST9,2671,-0.582059233625998,0.729019275084306,
APIP,778,0.261858682905927,0.729082339009106,
ZBTB24,15437,-0.333367812568827,0.729090934640062,
TNFAIP8L2,14169,-0.593690233618592,0.729146650337799,
OGDHL,9350,-1.01834757043319,0.72916047718973,
ESYT1,4392,-0.0982474546196193,0.72916115647422,
HDAC4,5852,0.151238341059137,0.729199371177477,
LRRC37B,7561,0.189354387249114,0.72925211048297,
TH,13741,-1.00615878104209,0.729397279707078,
CSF1,3169,0.292123739260613,0.729425391642834,
TMEM131L,13945,0.302162450906172,0.729432813130676,
NRXN1,9177,-0.482926899594259,0.729442145684813,
GZMH,5765,-0.250748818457423,0.729458108093371,
ODAM,9340,-0.468918824448979,0.729541836576776,
PPT2,10527,0.16780769072974,0.729569429723864,
C1ORF54,1661,-0.356956344548605,0.729575522032966,
MAP3K10,7789,-0.290511631102332,0.729588401533512,
PCGF5,9719,-0.326752226798123,0.729719660199103,
C1RL,1680,0.127869016976615,0.729725744838854,
AHRR,428,-0.525660374848255,0.729731443414721,
BTBD10,1510,-0.197575417483768,0.729759585749731,
ST6GAL1,13156,0.176720307999616,0.729944052901993,
ATP11B,1111,0.117238968971266,0.72998924863268,
RNF186,11509,-0.55452485218846,0.730127629484531,
TRAV26-1,14374,-1.00993624961557,0.73020836502825,
FRAT1,5022,0.217823428396899,0.730247832940101,
N4BP2,8623,-0.128823133900888,0.730305874681592,
SELL,12042,-0.225777039549396,0.730414397879408,
FHOD1,4884,-0.142476307518122,0.730418953646044,
HCN3,5844,-0.279931113855586,0.730436836772355,
DHX40,3665,0.174281720992096,0.730491986572928,
C1ORF109,1642,0.236771243204536,0.730525968369359,
PLXNC1,10254,0.117613036351021,0.73061520249125,
OR7A5,9419,1.00777102854085,0.73066645107767,
EME1,4222,-0.496635467758359,0.730873044484495,
SEPHS1,12075,-0.0821355612609063,0.731000665041456,
L3MBTL3,7238,0.21932895933091,0.731097244619636,
RSPH9,11738,0.741254824433835,0.731147643238556,
WDR55,15245,-0.141451219267141,0.731175424255285,
C8ORF33,1775,-0.22237860283336,0.731179141018993,
RAMP3,11088,-0.565552187155972,0.73124753647278,
SLC33A1,12511,-0.209539051172311,0.73127492016158,
BRSK1,1497,0.463065960974449,0.731317047414078,
POU2AF1,10394,-0.289379659953145,0.731359555463689,
AIF1L,434,-0.294711845396237,0.731390943272296,
EVI2B,4419,0.109876134082536,0.73154591793363,
TMPRSS7,14146,1.0001147474607,0.731546788764695,
CREB1,3102,-0.157223863705058,0.731626088168191,
C3ORF38,1726,0.306875123113562,0.731745923141289,
TRERF1,14430,-0.164689452254069,0.731801890256441,
TMEM105,13920,0.314834131741434,0.731832877025722,
HDLBP,5867,0.0694960461445484,0.731837450427093,0.906220266659911
IRF2BPL,6693,-0.148233932321064,0.731865207957283,
VPS36,15134,0.105839594436838,0.731924233942742,
ADHFE1,333,0.273491214316175,0.731933177578312,
AGGF1,396,-0.129811701163733,0.732002684914815,
C8ORF48,1779,0.576341905448688,0.732043687994313,
CST1,3200,0.368959073120204,0.732126998956961,
JPH4,6821,0.350163556038126,0.732173934581381,
SLITRK4,12680,-0.515949749316524,0.732192722233644,
ASPM,1048,0.518590596255172,0.732196657984086,
ASS1,1053,-0.211472702868164,0.732399176229546,
MRC2,8291,0.149907141663325,0.732461301119978,0.906220266659911
GPSM3,5609,-0.273884281427935,0.732658573192363,
ARID2,921,0.138549645650009,0.732769887989833,
BIRC2,1402,-0.152454583913919,0.732782038811965,
PDK4,9813,0.181122281316579,0.732816207927943,
OTUB1,9466,-0.0623963866554609,0.732866087413134,0.906220266659911
PRR3,10672,0.744762547249625,0.73289349427527,
TRIM16,14452,-0.141856282823913,0.732917481589597,
ZNF367,15759,-0.240519561106278,0.732999748256171,
DDX24,3539,0.148715306555229,0.733007188591873,
IL17RB,6524,-0.992685037230485,0.733056937849064,
SEC61G,12020,-0.0862636958583066,0.733102754581337,
ANO3,696,0.998832841197278,0.733158357291089,
AMPD3,584,-0.173541973288386,0.7331852041284,
ZFC3H1,15537,-0.0894289641727863,0.733243372496259,
MLYCD,8174,0.172529711557362,0.733256386320494,
TM4SF4,13878,0.173267204335481,0.733286039812791,0.906220266659911
ZNF365,15757,-0.227714835897449,0.733311134896235,
ZNF660,15945,-0.582484887775265,0.733318923271813,
SLX4IP,12693,0.295260499473977,0.733452028448213,
ZRANB3,16101,-0.337733839243903,0.73345511596772,
WASF2,15191,0.0875712643024028,0.733492121542802,
EIF4B,4153,0.157756994599739,0.733562628445566,
AGL,398,0.277412628467566,0.733607814550122,
PSG1,10731,0.996359934851771,0.733672721514675,
NAAA,8640,-0.28690899711526,0.733737587259152,
PRB3,10538,-0.985417824765774,0.733740237767394,
CLN6,2798,-0.158890774466803,0.733784147481238,
ANKRD6,680,0.289833274676923,0.733810136931609,
PARD6A,9592,-0.471176239535181,0.733865357795363,
SCNN1B,11945,-0.838261303070763,0.734106504358782,
ERBIN,4334,-0.0937434939287065,0.734209386747178,
LCN12,7305,0.53179149095571,0.734322785275576,
LRBA,7508,-0.0943323508371417,0.734360107947525,
SIRT3,12320,0.326530142504422,0.734360139266281,
BMP2K,1428,-0.321097119030675,0.734417176586221,
RBM48,11210,-0.2021075407817,0.734438242575744,
LAMB1,7253,0.293738143875956,0.73449417760116,
ZNF180,15647,0.200631300252585,0.734592895261226,
ZNF549,15864,0.188239780577434,0.734599689075102,
SLC22A7,12413,-0.493828264997101,0.734607659824246,
NCOR1,8757,0.0673297246601957,0.734628458247507,
UFD1,14871,0.100873584563846,0.734630370744963,
PUSL1,10902,0.206194821039079,0.734718943523226,
ZXDC,16134,0.126451674142964,0.734729337403436,
NFE4,8895,0.635735062325655,0.734740769624533,
ZNF821,16054,0.650215757264649,0.734887887796047,
TMOD4,14135,-0.548669188453834,0.734918922475329,
JADE3,6791,0.531007170353181,0.734947366744598,
SYT17,13402,-0.52222529064709,0.734959300544218,
TK1,13837,-0.334176677761121,0.734973942828214,
TRBV4-2,14408,0.740817602712652,0.735019826618177,
SYNE3,13376,0.177677781928775,0.735032077115731,
PLAGL1,10141,-0.0842646255349133,0.735046718422477,
DCSTAMP,3491,-0.496187412076521,0.735073946577688,
CD209,2237,-0.419899956093819,0.735104588039693,
ETFA,4397,0.132500818043185,0.735180997382362,
CD4,2267,0.335030477389557,0.735194554503054,
MAST2,7858,0.131470410535003,0.735256343916999,
ST20-MTHFS,13148,-0.138577567124588,0.735260667255054,
CCDC154,2045,-0.679159388026771,0.735319055025524,
ZNF777,16025,-0.172903653964104,0.735377282033867,
GINS4,5328,-0.404724621822206,0.735414308691314,
UAP1L1,14763,0.161026174846019,0.735446240880734,
B3GAT1,1230,0.405615838701467,0.7354546755896,
LEPROTL1,7344,0.125380988679315,0.735494161654235,
ELOVL5,4201,-0.22158519508952,0.735510540016706,
IL20RB,6542,-0.376711299753979,0.735648113264962,
RNPS1,11552,-0.0793529707039883,0.735691701787235,0.907803063214524
CADM4,1843,-0.240116981346942,0.735729141475358,
EML2,4230,-0.10648721774618,0.73573681236346,
TMEM39A,14075,-0.137438225890017,0.735757218395774,
AIM2,439,-0.288026533044897,0.735760414260859,
BRAP,1468,-0.213556003917084,0.735763121985598,
CLEC5A,2772,-0.347236848770084,0.735826923747921,
TMEM225B,14028,0.358458359476946,0.73585329592318,
NAALADL1,8642,-0.675521990253507,0.735957419228338,
TUNAR,14708,0.935116554120915,0.736008209899292,
CEP83,2511,-0.175116270654302,0.736214029864509,
RGS18,11360,-0.530326832904918,0.736323295922284,
HTRA2,6260,-0.178777496409103,0.736397643123943,
JMJD6,6812,0.109621043785598,0.736530146823657,
PNMA1,10280,0.18389037204645,0.736607635628135,
ANGPTL4,614,-0.245569129749184,0.736608739934637,
ZBTB32,15441,0.661152299513323,0.736656502830253,
ATP5F1D,1135,-0.125885027407515,0.736665404982231,
YBX3,15374,-0.139329827801144,0.736697328662019,
SREK1,13072,0.299566689592467,0.736721583344877,
SERPINA5,12108,-0.314035252130634,0.736838613292967,
LRP2BP,7529,-0.373897777462916,0.736904646980315,
AOPEP,728,-0.201562238800174,0.736962605545045,
SLC5A3,12608,-0.22003656841289,0.737032802105531,
NICN1,8936,-0.223592090209971,0.737100720198984,
SOBP,12871,0.313284923700443,0.737111505840033,
TRAF3IP1,14328,-0.359940003909457,0.737169949304595,
SERPINI1,12126,0.707478391556416,0.737208181085263,
FBXL22,4735,-0.42008839676852,0.737229902556685,
CYP7B1,3399,-0.281444934654172,0.737323696211512,
TBL1X,13553,0.145938188971463,0.7374279621056,
C2ORF74,1715,0.224104104354095,0.737431060297371,
MEPE,8011,0.913490929129833,0.737466759322991,
DROSHA,3901,0.0740026519545918,0.737520699516136,
SLC43A2,12575,-0.180533577068969,0.737539732036841,
SBDS,11884,0.321554892778049,0.737573852020963,
ZMYND15,15608,-0.46620557898454,0.737581389185412,
TDRD5,13634,-0.403504458678999,0.737598561205438,
2-Mar,3,-0.169994114086583,0.737642063356486,
COL24A1,2936,0.386448704400496,0.73766488275307,
LRRC28,7551,-0.177372989100242,0.737670687175636,
OBSL1,9331,0.118764295808916,0.737748981378521,
EIF3I,4145,0.104785644675364,0.73781017502293,
SNX10,12843,-0.202938859749963,0.737849034117918,
UQCC1,14940,-0.178238135142741,0.738059362197933,
SH2B2,12207,-0.429735444645315,0.738082872474306,
PPARA,10405,-0.156824817443726,0.73811516321581,
BCL7A,1344,-0.25921404525333,0.738116674786517,
PHGR1,9965,-0.393296549839105,0.738123750041865,
CPEB2,3052,0.158403699401522,0.738162179500035,
PPIL1,10433,-0.258600330109906,0.738258380048601,
RSAD1,11725,-0.176590184410781,0.738417992466058,
RETREG2,11303,-0.208554585071132,0.738433260653634,
AKAP10,457,0.25436832154756,0.738433474948937,
MCRS1,7926,0.116752894149009,0.738559100027804,
SEPHS2,12076,-0.122516344329636,0.738588509984446,
ALKBH6,543,0.27626140133675,0.738637687811152,
TNNI3K,14217,0.758857433506993,0.738657120867531,
TRAK2,14338,0.232233175027709,0.738759058179161,
SLC6A16,12622,-0.262701136435144,0.738762790405566,
TRGV5,14439,0.976041177050793,0.738871950205868,
H1FNT,5769,-0.968478060078613,0.738881688343237,
KIAA0895,6994,0.212074588575326,0.738955214075341,
TRUB2,14556,0.165975434063319,0.738964027763064,
FTH1,5055,0.0614950719797853,0.738967574179726,0.910453179180212
KCNA5,6866,-0.417922560090648,0.739053944010273,
TBP,13558,0.103143714245986,0.739153839865012,
FIGNL1,4892,0.210124300622011,0.739254518337994,
APOC4,800,-0.969054509305877,0.739282224295662,
GFER,5280,0.113649380314491,0.73958722864675,
MOAP1,8216,0.222968684031725,0.73959383679707,
GPA33,5501,-0.286274186429875,0.739632682030277,
MFAP3,8050,-0.237801353264631,0.739695864661982,
ATP2B1,1126,-0.132976002035083,0.739766289172528,
TAX1BP1,13505,0.42555584743018,0.739810063997228,
PARP3,9608,0.149573151366922,0.73982945784856,
FANCA,4677,-0.324724595391849,0.739839071664835,
MIF4GD,8121,0.277807490575241,0.739939760869641,
DUS4L,3938,-0.37157642826995,0.740018261061296,
ISG20,6714,0.176100759827851,0.740234363977903,
MEFV,7990,-0.323847174912916,0.74025943253863,
HNRNPH2,6103,0.05853126225444,0.740352318095155,0.910595541406369
C1QTNF1,1670,0.262943143655001,0.740364053669568,
MAGIX,7735,0.292475410812278,0.740416603275748,
CHST4,2668,-0.263103643217034,0.740429801821466,
ZMYND12,15607,-0.512675791901663,0.740638505155355,
BTF3L4,1524,0.123400777600677,0.740807015973443,
MIOS,8133,-0.190449629288717,0.740848541276979,
C20ORF197,1684,-0.846237042858865,0.74084903562549,
INCA1,6593,0.458435136338302,0.740861585192221,
MAGEH1,7730,0.2294890511216,0.740895046149044,
MOK,8232,-0.798008214008627,0.741095693027132,
FGF9,4860,-0.359508686908854,0.74113756452591,
RBFOX3,11174,0.963231992777606,0.741154060097603,
SUMF1,13312,-0.103977673482674,0.741199154321484,
CYB5D2,3339,-0.247461331785592,0.741237421191066,
TIGD1,13797,0.149639931218332,0.741257017035253,
NAIP,8664,-0.191025701744993,0.741281978399558,
MALL,7745,-0.115183001607727,0.741339864565036,0.910595541406369
OR7D2,9420,-0.85969420670708,0.741383553827422,
TRMT5,14525,0.175384503213008,0.74153406776495,
FBXL4,4737,-0.184777739089652,0.741666942933098,
SMIM14,12744,0.0903128682652519,0.741706637551209,
ACSBG2,193,-0.966315432568875,0.741733871389594,
MLKL,8163,-0.158190963827208,0.741766828191792,
TMEM138,13953,-0.149133171327362,0.741781739822158,
BRSK2,1498,0.678035333584924,0.741871539765936,
APPL2,816,0.129051178636471,0.741898026229346,
RAB9A,11026,-0.500096600450752,0.74191433584784,
ADORA2B,348,0.338062485730272,0.742011502154625,
ALPI,554,-0.660006533956433,0.742029131341312,
TM2D2,13872,-0.416063037006034,0.742030039794389,
GRINA,5650,0.162634455250977,0.742229522226501,
AGTPBP1,416,0.447058240442383,0.742248562392374,
RNF24,11527,-0.38442331875413,0.742273101849988,
EIF2AK4,4125,-0.194106593290195,0.742329405261891,
MTRF1,8493,-0.14805796619541,0.742344398624237,
VGLL1,15091,0.306578659353304,0.742371455754319,
POLR3E,10360,-0.115711413981429,0.742383272434959,
CLEC7A,2774,-0.177078071898622,0.742400071985285,
GFRA3,5291,-0.474775753136111,0.742536798090147,
MEDAG,7986,0.381885638697084,0.742559842509124,
MARVELD2,7854,0.232396696710604,0.742566736762893,
MAP2K6,7786,-0.385964427898813,0.742716959810083,
SLC34A2,12513,-0.276719705772539,0.742903876616127,
MMP7,8201,0.116594975440746,0.742942273815878,0.911176922445918
GRIA2,5640,-0.801412366618675,0.742958968194246,
EPS8,4323,0.0922841324226028,0.742964474127517,
TMEM185B,14000,-0.0749994118170863,0.742973799854491,
GAN,5179,-0.278992585535189,0.743020916404648,
B4GALT3,1249,0.216506630401671,0.743022931482302,
DNHD1,3814,-0.123208027367716,0.743053748027946,
TG,13722,-0.373094709639906,0.743055878532716,
CABP7,1817,0.449869448005238,0.74318722572299,
MFSD8,8075,0.226629777424567,0.743334268238753,
LIG1,7384,0.231309401748389,0.743341567898468,
RPP14,11641,0.175328033886178,0.74351917847375,
BMP8B,1435,0.20518263250732,0.743553540788933,
TMEM95,14123,0.903483163744289,0.743572594056918,
OASL,9323,-0.16106400729066,0.743685154667005,
MSI2,8411,-0.0967945267688754,0.743786026657194,
COX10,3019,0.215349975087913,0.743944888314901,
NOP58,9052,-0.0787184620041031,0.743952764178992,
ABI3,101,-0.177929826989856,0.743985927713439,
UBE2F,14794,-0.153826363834249,0.74400756774054,
DHX9,3669,0.209336455746455,0.744024225347247,
SCYL2,11966,0.166299470208621,0.744066107808813,
INPP5K,6624,0.163060787638037,0.744073214790138,
KLHL28,7122,0.141926584558698,0.744201926425087,
STK26,13220,-0.251394930112201,0.744493181650701,
LIN7A,7411,-0.465566302765837,0.744520938801859,
SNRNP200,12816,0.236493874112827,0.744595698790487,
SYT13,13398,0.156613688048724,0.744661850306915,
KDELR3,6951,-0.148148850557584,0.744684849869896,
ANKRD36B,665,0.188145345487906,0.744909460402921,
GAL3ST1,5147,-0.217878022776857,0.744926520055157,
FKBP1B,4907,-0.324470286270921,0.744932467932031,
NDUFA8,8790,-0.160472777612496,0.744938741396971,
CD1D,2231,-0.677653743430963,0.744955630718747,
ARMC3,962,0.673962544948411,0.744988073161334,
KRT222,7200,0.420395357027464,0.745019317706574,
CXORF66,3328,-0.944582555832976,0.745038002568565,
RNASEH1,11460,0.217037959257913,0.745073856691855,
MT1M,8439,0.25517106350639,0.745265196420739,
COA7,2906,-0.1981998842699,0.745297451102336,
FUT11,5072,-0.131485609576268,0.745319111579709,
NDUFB11,8803,-0.107077847280617,0.745354100687518,
AKR7L,485,-0.267411734513071,0.745394146839224,
RASGRP1,11137,-0.946400332552441,0.745431107665582,
PPP1R9A,10492,0.122605147981041,0.745492692970241,
HHLA3,5931,-0.19412840473508,0.745708359842399,
STRN,13255,0.145097960249155,0.745769447676381,
SULT1E1,13310,-0.539299632012642,0.745930396326526,
TSHZ3,14573,0.204553934480223,0.746223573379218,
BTBD11,1511,0.272927148266751,0.746234110526204,
TRBC1,14393,-0.178376262151114,0.746239204708376,
FAM177A1,4573,-0.0514692547893852,0.746259743451293,0.911843128262688
OLFM4,9364,0.221565771232132,0.746270708632651,0.911843128262688
PCDHA7,9671,0.943837557029922,0.746307560876804,
MBNL3,7886,-0.368678103741695,0.746321094570881,
EXOSC3,4446,-0.25144698748644,0.746511678965459,
ZNF485,15821,-0.268414320527938,0.746515643543884,
FLT1,4933,0.188894966700068,0.746529427138032,
CYP4F3,3393,-0.482207900543056,0.746552637869772,
CUL4B,3282,-0.257530139191921,0.746592531880532,
NRL,9168,-0.760803179163856,0.746625446953763,
LRRC37A2,7559,0.581343455494847,0.746737848942841,
GPX3,5614,0.253060894454857,0.746744345052269,
FOCAD,4970,-0.251717255107168,0.746761853467907,
NNMT,9020,0.199353166261716,0.746784607917762,
ZNF93,16084,0.45146736348993,0.746795553393342,
BLNK,1413,0.148965958464247,0.746823935521022,
PDIA6,9808,-0.0511100439738979,0.746875226495213,0.911843128262688
FZD2,5100,0.41812666045474,0.746886698878297,
C11ORF71,1565,-0.224935824195032,0.746910899493668,
USF3,14963,0.175232146956518,0.746939962661507,
TIGD4,13800,0.576658596439929,0.747002337406138,
DYNC1I2,3967,-0.139629079212053,0.747009231900961,
GOLGA8T,5478,-0.489914710638485,0.747100490109907,
IDH3A,6303,0.118003477365347,0.747215673601716,
TMEM129,13942,-0.23824211969916,0.747283663916886,
STRADB,13250,0.173149738762255,0.74732445264603,
NRF1,9158,0.198675522672439,0.747326664138281,
NFKBID,8905,0.391615642840963,0.747395270470658,
RCN2,11248,0.16638992558779,0.747454606758145,
OPN3,9385,-0.170068945516127,0.747563127173491,
TSNAX,14578,0.141656158601443,0.747607762212815,
ARHGAP6,888,0.208891894440323,0.74764348644569,
CD19,2227,0.551083860154706,0.747651251755942,
CDC25B,2314,0.149660203032267,0.747764799184834,
CELSR1,2452,0.150835734950312,0.747784341372477,
RBBP7,11166,-0.241321949317105,0.747862880798533,
ZNF26,15693,0.477662694984448,0.747981732146345,
CYP51A1,3397,-0.122007033572658,0.747984138736392,
BLK,1410,-0.471779309766539,0.747992970187529,
DTX2,3926,-0.114364023970048,0.748004273154573,
FCGBP,4788,-0.199049393289899,0.748035825794052,
PDHA1,9801,-0.0844931984451917,0.748110213664512,
CD244,2241,0.601499318929424,0.748326818957608,
EVPL,4423,-0.14224208245979,0.748369757911437,
CEMP1,2457,-0.684207543409244,0.748413230845972,
ATF7,1076,0.127177101397914,0.7484860046054,
RPL21,11600,0.111968455678023,0.748487557856497,
CCDC15,2040,0.844816279116626,0.748514406948276,
KCNIP2,6889,-0.232895834431783,0.748540623462058,
PGAM4,9905,-0.251051554990287,0.748643773992437,
NUP107,9273,0.29296385419614,0.748681449320237,
MEX3A,8044,0.722850343288164,0.748696843892695,
ZNF17,15642,-0.322765526958584,0.748779490070439,
BMP7,1433,0.432339266431105,0.748817816365608,
KIAA2026,7017,0.191636270157672,0.748911816806217,
LRRC39,7562,-0.343717274788999,0.748965150917196,
TRNAU1AP,14531,0.297690879504679,0.74896998880549,
PCP4,9740,0.642036950063175,0.749001916567023,
NRARP,9149,-0.193631377459916,0.749094419246527,
ENOX2,4258,-0.221939570504093,0.749150062941409,
FLT3,4934,0.419197640774385,0.749174622695026,
CD180,2226,-0.256793148273386,0.749177960738001,
C11ORF54,1561,-0.148018664282279,0.74917969242324,
DIMT1,3676,0.187682418416683,0.749183319340157,
PSMB4,10748,0.0468523033635394,0.749317803076157,0.912144587765397
CDC42,2322,0.0427995261185399,0.749382728238486,0.912144587765397
ANXA2R,715,0.307043060269364,0.749480899750091,
MRPL34,8331,0.933562550318444,0.749481276775168,
C2ORF88,1718,0.18775327655081,0.749491474306356,
CTSV,3266,-0.413914562709873,0.749677253030727,
MLST8,8170,-0.199477824665071,0.749692109666243,
ZNF189,15652,-0.269451817705874,0.749833091991496,
LETM2,7346,0.511593615623142,0.750101956559832,
ZNF287,15716,-0.254735680606391,0.750175378131086,
RAD54L2,11063,0.115713414811948,0.750264920171445,
SLN,12685,0.932925760380134,0.750323586035064,
CABLES2,1814,0.240545011044067,0.750351890566225,
AGRP,414,-0.457873480151977,0.750386560035282,
DECR2,3567,-0.167685439350194,0.750411208730326,
RASSF4,11151,0.130897500729987,0.750518284092295,
KRT4,7202,-0.557231454270458,0.75072296089548,
C1ORF159,1648,-0.278481560655139,0.750724769980025,
NCBP1,8730,0.225714185887044,0.750865706506745,
CLCN7,2731,-0.121620616521765,0.750882391532896,
FHDC1,4878,-0.236669480943946,0.750933395568173,
NHP2,8929,0.101854249992256,0.750974085494304,
FAM92A,4670,-0.420797767726687,0.751027729682139,
FRYL,5040,0.175551972327541,0.751100655690706,
AFG1L,377,-0.29654366451325,0.751171239285183,
FBXL19,4732,-0.377928945266897,0.751174964344535,
AARSD1,30,-0.288139926736636,0.751187425567916,
PLAGL2,10142,-0.18969061664755,0.75119136735999,
SYNE4,13377,0.279144646365795,0.751215812509323,
XPO7,15351,0.168193255503804,0.751256534715486,
HMSD,6083,-0.923598964789559,0.751372519343278,
SREK1IP1,13073,-0.131240513175863,0.75141655452666,
SLAMF6,12346,-0.309204955137444,0.751507085025184,
OR5P3,9415,-0.57749895956718,0.751581497875237,
APOBEC1,788,-0.385637516497078,0.751589533025215,
PILRA,10052,0.137903541283152,0.751591350308922,
LGALS1,7350,-0.140308338384418,0.751611626173247,
BST1,1506,-0.177345601265219,0.751612982477883,
MEMO1,8004,-0.120690997123939,0.751668414016839,
TMEM9,14119,0.0722908436337473,0.75184744498191,
LGALS2,7352,0.204736096330325,0.751852958465304,
C11ORF65,1563,-0.364591960811752,0.751919749983519,
ZCCHC9,15499,0.203257079165755,0.75201938347814,
PRPSAP1,10658,-0.16192793427261,0.752113115507538,
SRPX2,13096,0.165451462104582,0.752222106263796,
AP5B1,756,-0.217428250290485,0.752259497810565,
TRIM16L,14453,-0.147988083662497,0.75236543444748,
TRAPPC11,14346,0.0949609371039392,0.752536136458654,
PRUNE1,10715,0.293890151601077,0.752591205823051,
IBA57,6281,0.295018783307515,0.752613027892275,
CNFN,2851,-0.920892350569332,0.752623010010646,
CCN4,2157,0.221937229373044,0.752830221631051,
GSTZ1,5705,0.44982320055984,0.752879912179158,
MYCBPAP,8555,0.267289676082238,0.752899124983832,
SLC38A10,12547,-0.0568505063236946,0.752911069490686,0.912910873107428
BCL2L2,1339,-0.166625733235836,0.753034912919766,
NADSYN1,8655,0.102385686091512,0.753047138422932,
GBP4,5222,0.190316155890616,0.753056464890576,
STXBP4,13282,0.518803600315712,0.753086772532189,
BOLA2,1454,-0.348157938230071,0.753165916319561,
TENT4A,13664,-0.107870771057817,0.753191505763744,
PSME3,10777,-0.217300034605562,0.753291637080178,
TRIL,14446,0.48732088513929,0.753355896252872,
RAB39A,10994,0.386010040552028,0.753421157991531,
USE1,14960,-0.166482050981236,0.753433322058419,
MUC17,8515,-0.38250075306864,0.75360032833035,
ATPAF1,1182,0.193424983483843,0.753680201382757,
PEX6,9884,0.156492155151638,0.753773048754284,
NBPF10,8710,-0.156905293457455,0.753804071714104,
HLA-DRB1,6042,0.118816912276736,0.753957019873843,0.912910873107428
RRNAD1,11715,-0.130352925688594,0.75412295338409,
ZKSCAN5,15589,0.283536822439414,0.754198768753593,
ICE1,6290,0.276440661799432,0.754201279713084,
SAMD4A,11848,0.161370561959443,0.754207026192232,
HEATR6,5873,0.186568496791559,0.754282227570815,
GOLGA6L9,5467,0.098770895265776,0.754298068272529,
CES4A,2529,-0.310474601536037,0.754305035736258,
EPHA4,4301,-0.2519249144298,0.754323411971177,
ANAPC13,599,-0.220706130968715,0.754523981103239,
SCAP,11904,0.0653403407613415,0.754550582856054,
THBS1,13755,0.181561005314116,0.75462083512976,0.912910873107428
CDC25A,2313,-0.708766423417801,0.754720356734644,
POLR3F,10361,0.293297340256648,0.754797509714777,
PIGZ,10033,-0.269418222857796,0.754832062801839,
LONP2,7478,0.16275598274084,0.754958771729916,
HMGB3,6067,0.406623195382574,0.754978270974722,
IGLV1-44,6463,-0.604031821037846,0.755083932847388,
CUL2,3279,-0.224854035828211,0.755103537610275,
EDA2R,4027,0.403984693014721,0.755143650761144,
HSPA8,6231,0.041974620369163,0.755176136796623,0.912910873107428
GALNT1,5156,0.128786278606359,0.755180186219784,
CAPN15,1892,-0.184685148228372,0.755191849889722,
NCLN,8748,-0.176911937939947,0.755300548811163,
GC,5225,0.332376108047576,0.755391590925691,
IL2RB,6552,0.162044811227877,0.755459395616341,
EVPLL,4424,-0.905944442396576,0.755714682502212,
PDZD7,9837,-0.376738894909821,0.755776538270748,
NOCT,9027,0.219813744824774,0.75577893635196,
DNAJC15,3781,0.13718622193867,0.755803031008852,
FDX1,4815,-0.279250693212595,0.755957526530601,
RXRB,11797,0.10074414564164,0.75609353924485,
DUSP3,3952,0.127094991879162,0.756106061202162,
CYP20A1,3360,-0.20795865400303,0.756224791071718,
CYP26B1,3363,-0.358687266628638,0.756273464428198,
LANCL2,7268,0.203936378613797,0.7562904965906,
LMAN2,7443,-0.0751900257609315,0.756342075689708,0.912910873107428
C18ORF32,1624,0.151000408355287,0.756368217493089,
NAPG,8681,0.112217992790918,0.756390834232754,
EDA,4026,-0.531195624804633,0.75649686122303,
USP3,14992,0.183760519207403,0.756503498102424,
KCTD17,6938,-0.198957819406232,0.75655398024403,
ADGRE3,310,-0.275475494625298,0.756611257662788,
SYNJ1,13383,0.291182491370306,0.75666423483627,
HNRNPA0,6089,0.10454318789435,0.756867134128779,
DEFB1,3573,0.19307174791675,0.756874045347504,
CPNE5,3065,0.905224780080362,0.756875686279077,
MBNL2,7885,0.0882502163428353,0.756983668482037,
IGIP,6436,0.12559644038435,0.756984480799875,
SPINK1,12997,-0.131804276763656,0.757071158557296,0.912910873107428
KRT16,7195,0.32489805102646,0.757110353310913,
MCF2L2,7904,0.615624933133477,0.757154529347594,
GSTT2,5703,-0.235675256630709,0.757326771644619,
BTNL9,1538,-0.240775921252858,0.757349484872514,
HAPLN2,5805,-0.899155484510455,0.757398982175895,
BBS12,1303,0.291790147458727,0.757405387488475,
ELFN1,4180,-0.332623435933058,0.75740994308419,
DHX58,3667,0.200273376402448,0.757622369325771,
INPP1,6615,-0.0698306867408276,0.75773545252874,
MTA1,8442,0.113635690197513,0.757826760853913,
MYH9,8567,0.0715631413945045,0.757930960324631,0.912910873107428
FAM184A,4578,0.418849697641416,0.757938599028966,
SDHC,11986,0.452354715470669,0.75798339095069,
GRAMD4,5623,0.196987087512395,0.758068821934889,
TRAV8-2,14388,0.517080299829746,0.758079606997958,
SLC26A3,12469,-0.731941772620054,0.758104731999777,
KIAA0513,6989,0.113406142156685,0.758111075052403,
EPGN,4297,0.892462801057401,0.758228247988672,
OTUD4,9469,-0.112534016617719,0.75824373927383,
SPATA18,12945,0.286644800852817,0.758347189568785,
ZNF749,16007,-0.16918033387794,0.758349910817542,
IGFL2,6378,-0.504397688236621,0.758403201408528,
TNS2,14228,0.20388547794058,0.758458815006,
MPDU1,8255,-0.104337148719564,0.758536727295641,
FAM160B2,4553,-0.216589830498172,0.758598833138457,
PRTG,10714,0.280614738432074,0.758626603932546,
ZNF140,15630,0.168370898381056,0.758630941395504,
EXT2,4455,0.244719987918301,0.758637618665882,
DENND5B,3593,0.316287413244612,0.758672416699252,
LEXM,7348,-0.895262304137493,0.758790660051169,
TET2,13682,0.19274604608945,0.758791100294179,
C8G,1773,0.390873320465117,0.758879074776814,
ISL2,6717,-0.440376410253128,0.758886927747037,
RAB40A,11004,-0.728056119914957,0.7589061942298,
CAMK1D,1864,0.300993256291977,0.75891208222668,
ADAT1,283,-0.400012126771421,0.758960428899559,
ARMC2,961,0.33230470129795,0.758972147454326,
IGKV3-7,6447,-0.463344101603753,0.758975270961246,
CTH,3233,-0.23907713184039,0.759091193955526,
RCC1,11240,-0.142931575113261,0.759109436555924,
GRAMD2B,5622,0.176867157967406,0.7591747480605,
RPL14,11594,0.138274803715364,0.759458964689767,
MYO1A,8586,-0.197607682112994,0.759495488916829,
ZNF823,16055,-0.28953629956808,0.75958554860856,
DHRS4,3646,-0.891446437147018,0.759715575029906,
TRIM38,14472,0.1857257462436,0.759721126142375,
CEP128,2486,0.339923190535965,0.759741355633968,
DBI,3447,-0.0726295905450777,0.75985694292038,
PSCA,10724,0.193060357354886,0.759988477776374,0.912913262837115
VKORC1,15104,-0.176274909503371,0.760054464577129,
ORM1,9430,-0.423395752460915,0.760081406733614,
RMI2,11450,-0.890979279349251,0.760150606344172,
ZNF285,15713,-0.338795311425205,0.760167751028911,
POU2F3,10397,-0.229562594307231,0.760182915543436,
HNRNPA1,6090,0.042867297445153,0.760195430763992,0.912913262837115
SRC,13064,-0.124960155906174,0.760210984321485,
RILPL2,11415,0.173392201121223,0.76022132522234,
FBXO38,4761,0.154219706618511,0.760230565183598,
APOD,801,0.255617482292274,0.760259131068292,
GGNBP2,5300,-0.102662163629514,0.760308272561708,
ZNF581,15892,-0.199460337068216,0.760327827087053,
AGAP2,385,0.261321495872285,0.760364243003542,
RFX2,11329,0.216603948875552,0.760422970869381,
MFSD6,8073,0.0628865578365948,0.760436575843463,
CKAP5,2710,-0.127480176296917,0.760454212582129,
AARD,27,0.886807495893209,0.76048752255862,
GEN1,5275,-0.243130397703445,0.760806461134951,
NSUN4,9198,-0.231141288851217,0.760896127579214,
C19ORF53,1634,0.151371935649573,0.76101684523095,
TFG,13715,-0.0950090167457287,0.761191058834726,
HIST1H2AJ,5968,-0.158813153697524,0.761310076387033,
MAMDC4,7750,-0.189690892454791,0.761339868868644,
BTK,1528,-0.29774259118306,0.761383254223551,
RARB,11118,-0.22228948679731,0.76138799746107,
MTHFD1,8463,-0.189583510581227,0.761392104902544,
RTN1,11761,0.442834721947494,0.761410363889012,
SINHCAF,12308,-0.228228912706281,0.761511007804326,
FBXO3,4754,-0.116268983795203,0.761530294691299,
PUS7L,10901,0.248409328057179,0.761543045360407,
MCM3,7910,0.0893976598382528,0.761572213392705,
THAP7,13751,-0.184664073996191,0.761643134834307,
PCNA,9731,-0.398220671027063,0.761647467135862,
MALSU1,7747,-0.0895404123157201,0.761669376612955,
SNU13,12838,0.42276632421397,0.761686723632908,
PCDHB4,9685,0.301501176022322,0.761689574529319,
ZFY,15565,-0.698892873372775,0.761693099330829,
KIF27,7043,0.249026410120528,0.761704299643784,
OSBPL10,9438,-0.0904476528471151,0.761752895257485,
ZNF808,16048,0.210571545946573,0.76176746104826,
SCRN1,11955,0.175262910762361,0.761897254682723,
TBC1D8,13539,0.310852496059451,0.761913624463093,
IBTK,6282,-0.0662140265539102,0.761998206810063,
ADD2,300,0.363259010147756,0.762156885900075,
CHID1,2618,-0.0942349976618885,0.762163678638531,
PRKCA,10594,-0.224210111176074,0.762178888364201,
PITPNB,10076,-0.0650175754943583,0.762192764520365,
FAM160A2,4551,0.110566121913979,0.762216558695198,
CSTF2T,3212,0.203227343958477,0.762273599158471,
BICD2,1392,-0.100970896772143,0.762287234717803,
PKHD1,10097,-0.22534837561491,0.762291014721708,
GAGE,5142,0.879177254485083,0.762304269891322,
ZNF622,15925,-0.0896215283900532,0.76234688667052,
PCDH17,9654,-0.308091121233705,0.762633719358193,
UBN2,14833,-0.168920588829302,0.762745154783077,
ZNF579,15890,-0.318367865985368,0.762745674520933,
CDC7,2336,-0.307325094329933,0.762796086798036,
SLC13A4,12365,-0.878773255355916,0.762814974619729,
CDK5R2,2386,-0.875748500107946,0.762887340994309,
CNIH3,2857,-0.876213937029007,0.762905510249716,
TRAV14DV4,14365,-0.494709028898572,0.762969072439726,
LZTS2,7697,0.196877243296684,0.763012596779049,
MSL3,8414,0.106068055812689,0.763015273846021,
PUM1,10892,0.127517421764134,0.763031459184135,
UNK,14927,0.063870538426314,0.763318764609601,
DACH1,3420,0.232605716517237,0.76348172825929,
RANBP2,11093,0.462231078033313,0.763488524433381,
SLC16A6,12382,-0.192636490028158,0.763489482303483,
LRRN4,7603,-0.744592759468977,0.763528619716016,
SUPT16H,13321,-0.0734800448057847,0.763631044952593,
LUZP2,7655,0.326581670792815,0.763706715767788,
SPDYE16,12972,-0.559173529543688,0.763788654616529,
PTK7,10834,0.18804725745932,0.763840169630412,
CFL1,2567,-0.0492427774422493,0.763898654420982,0.914740461349286
SCARB1,11908,0.318299302737852,0.763898855731559,
CD2AP,2248,-0.126352700712617,0.763952866574627,
AGAP5,388,0.164935026183664,0.763953749201403,
NBPF11,8711,0.158557866174068,0.76404330599058,
SULF2,13302,-0.0778129451278928,0.764078543967844,
ST8SIA6,13165,0.875836278264521,0.764106340987019,
FRRS1,5036,0.150010330536683,0.764120420503268,
TRIQK,14509,0.101180951455659,0.764122338196818,
LRRN1,7601,-0.131426334443159,0.764244899818357,
NPRL3,9115,0.0876438130556708,0.764273126768533,
KIF20A,7033,-0.304990899447223,0.764289541547457,
KIF2C,7045,-0.239239028125263,0.764340274011299,
HCFC1,5838,0.120299641463685,0.764357458561451,
NCAM2,8723,0.3915565381565,0.764434650648526,
PKDREJ,10096,0.877216049162026,0.764479265325137,
EIPR1,4170,-0.268988741545512,0.764518596711885,
SPATA17,12944,0.364164025123934,0.764534250333478,
ZBED4,15418,0.25287228095958,0.764557599262116,
KMT5A,7164,-0.169413823037894,0.764561349448158,
FBXO36,4760,0.573728111298855,0.764633537748194,
CSF1R,3170,0.0891454266641153,0.76474624722037,0.914740461349286
TMEM259,14055,-0.0747849188536395,0.7648616082471,
SNURF,12840,0.174326003274418,0.764934893760086,
RNF5,11540,-0.153171768116572,0.764947307325776,
IRX5,6708,-0.870866952834545,0.764949881900828,
SLK,12683,0.0950691235311341,0.764974735943243,
HERPUD1,5901,0.147197084569777,0.765114431850759,
ANTXR2,709,-0.0925800747018623,0.765135826258391,
ANAPC16,601,0.134279275581467,0.765142359714205,
LHB,7370,-0.271583475885899,0.765160824911166,
CIAO2B,2681,0.062192881859171,0.765272959732785,
SEC16B,12004,0.343235052129533,0.765286114709175,
CARD8-AS1,1916,-0.498824993787137,0.765335119435331,
DDX52,3556,0.278380285297211,0.765393700679947,
CSRP1,3198,0.0897793053810018,0.765554224392149,0.914740461349286
ZFAND2B,15531,0.249362409052812,0.765599873945699,
4-Mar,5,-0.869004106098409,0.765605358244869,
SLC38A2,12549,0.273069318517249,0.765630349686575,
CEP170B,2492,-0.0987443654756517,0.765765456009182,
POLR3H,10364,0.215879916115778,0.765847270842755,
FCRL2,4806,-0.349114819370467,0.765905747038288,
DPEP3,3858,-0.866052274971487,0.765916006615093,
EXOC5,4437,-0.866792122123723,0.765921630499315,
SLC2A1,12486,-0.205654338221363,0.765952542424175,
TRAPPC9,14358,-0.252957250987176,0.76595607241308,
THAP1,13743,0.189593054727562,0.765973449846752,
PARK7,9596,-0.082452857336038,0.765978623799796,
ATP8A1,1175,0.216154970943437,0.766021348865104,
PSMB10,10745,0.483888269882326,0.766060536556824,
CDC37,2319,-0.0651446132778959,0.766067015976488,
HIST2H3D,6013,-0.148273958241886,0.766164241283548,
SART3,11874,0.0502482857831334,0.766250993645746,0.914740461349286
GTF2I,5721,0.123694010107183,0.766265283040519,
SERINC5,12101,-0.0692474024433191,0.766271002816866,
TCF7L1,13605,0.257147077645772,0.766279632468901,
WDR46,15238,-0.272751110110349,0.766339844641923,
ISLR2,6719,-0.354456494998768,0.766486467983007,
CCDC102B,2009,-0.250126162646311,0.766507111378921,
GPRC5D,5601,-0.862387201202959,0.766584121840598,
SERHL,12095,-0.538459409912003,0.766620886504138,
PGAM2,9904,0.374987539491717,0.76663625370665,
PCDH10,9650,0.648339542323678,0.766673496485751,
FUT10,5071,0.156583133626443,0.766674758272719,
SLC25A5,12460,0.087130672038996,0.766725343213364,
SMIM7,12759,0.366480547418966,0.766768665360254,
PHC1,9940,-0.0825279538652275,0.766804920381111,
PCDHGA7,9700,-0.335637284754233,0.766871760394407,
ARMH1,974,-0.306985457229846,0.766976799167075,
INPP5A,6618,0.0822725580313286,0.766997930328161,
SHPK,12269,0.16027074053869,0.767026295241947,
FOSL1,4978,0.155613773621305,0.767040872232308,
MPLKIP,8266,-0.358277634062172,0.767217295337791,
HHAT,5925,0.216859886326825,0.767240228621674,
PPP4R1,10515,0.159205016782649,0.767274867809333,
EFNA4,4081,-0.139500360035593,0.767375361958083,
SHROOM3,12274,-0.154765526767803,0.767489541896808,
PPTC7,10528,-0.0870300419148387,0.767621006617145,
MMD,8179,0.418297704459505,0.767649192710645,
DIS3L,3690,0.267091463181849,0.767666024743432,
OR1B1,9390,-0.861615778856419,0.767677069431128,
ODF3L1,9345,-0.328085459215887,0.767699612133464,
CDK19,2377,-0.109115635307114,0.767716251481037,
TOR3A,14265,-0.0881658746285487,0.767830309645192,
CHCHD5,2594,-0.0930977873128772,0.767889917439319,
DST,3913,0.0941173411183805,0.767956505578919,
COX7A2L,3036,-0.078678294960603,0.767980200604972,
SOX8,12911,-0.220444676439519,0.767989346413884,
ORMDL1,9432,0.104947752361642,0.76804595373745,
CTNNAL1,3240,-0.220437271524135,0.768090180699607,
CFAP57,2550,0.861014715516466,0.768097729719513,
SCN1B,11934,0.24597392849928,0.768165882262928,
BOLA3,1456,0.197466352686929,0.768183925690305,
RNPC3,11549,-0.205905282257118,0.768188861301995,
C12ORF4,1575,0.142870073996688,0.768200630201234,
LSMEM2,7626,-0.858700119339413,0.768225449152964,
VSX1,15167,0.793130299471071,0.768285427785866,
PGBD2,9911,-0.202557997131387,0.768421848380909,
PPL,10440,-0.0858604387723469,0.768430668042518,
BUD13,1543,-0.14984093779254,0.768447540322103,
COIL,2920,0.161604907082329,0.76850108184855,
C11ORF49,1560,-0.223212295102252,0.768517408306426,
GRHL1,5635,-0.256459884258744,0.768630619819549,
L3MBTL1,7236,0.126063455818324,0.768632564540027,
ZUP1,16128,0.218501714896404,0.768674732054537,
SLC17A4,12385,0.305425741057398,0.768680457583815,
SLC1A1,12393,-0.195188553685685,0.768726545376611,
VEGFB,15083,0.0684691907204342,0.768764048519728,0.91495262632481
ARHGAP33,879,-0.381615605256747,0.768780421703977,
SP6,12922,0.262824854143778,0.768785739215002,
B3GALT4,1227,-0.182984810876052,0.768803886722551,
TMEM102,13918,-0.262326049045207,0.76882759208611,
CFAP410,2543,0.130098188570493,0.768876507902256,
ATP5MG,1144,-0.0798192441533466,0.769066568157039,
PGGT1B,9918,0.0864254788139433,0.769095632805858,
CRYBG2,3155,0.402595281434619,0.769122326560575,
TGIF2-RAB5IF,13736,0.183305050832828,0.76914723087821,
YEATS2,15376,0.195082634116008,0.769183755965777,
MPP7,8275,-0.168742273741309,0.769222255632465,
TFE3,13709,0.117063788779542,0.769248003421374,
ACO2,172,-0.302716050201903,0.769423170558983,
GRAP,5624,0.35081105112962,0.769714136192583,
U2AF1,14757,-0.0465275358324791,0.769795971702633,0.91495262632481
PBLD,9633,0.151583305749928,0.76981442773079,
PRKAR1A,10590,-0.0417185811542921,0.769830028840825,0.91495262632481
HSPA2,6226,0.265664908987954,0.769872506065559,
CYB5A,3336,-0.390590161496447,0.769881981332646,
ZNF462,15809,0.148882374250855,0.769993494741132,
PAX8,9627,-0.624186492540507,0.77015031284574,
NCAPG,8726,-0.309972423775572,0.770206560483164,
CD40,2268,0.212290985764251,0.770218370346329,
ZNF655,15942,-0.134410986938892,0.770313039850706,
NECTIN4,8835,-0.160713883293131,0.770360611094502,
KLHL17,7112,0.227661550181281,0.770370426016923,
SSX5,13143,0.772622305111994,0.770383282613225,
SCT,11958,0.516481800259806,0.770400281873079,
AFAP1,369,0.149315254672598,0.770439038570057,
BCAS2,1316,0.15365201073961,0.770476651673211,
VPS13A,15118,-0.0758890281016054,0.770488934802834,
PCDHGB3,9705,0.176930430175477,0.770525815284287,
MADCAM1,7713,0.847290511590173,0.770578312692621,
CCDC85A,2110,0.85193680763236,0.770603752415014,
ADGRL3,325,0.443068096180502,0.770604408147068,
CDK5,2384,0.278832284248088,0.77062702682525,
C17ORF58,1615,-0.380675936840275,0.770808669166947,
RSPH14,11735,-0.462908085651296,0.770879860297043,
ZNF880,16080,0.162561527695424,0.770882402838216,
SF3B1,12158,-0.116970409110016,0.770925146257811,
DPP4,3871,-0.21829541266159,0.77093883484177,
CREB3L4,3107,0.400217669640287,0.770939077670624,
WDR37,15231,0.121276328150312,0.771044355065624,
RADIL,11065,-0.555989010478937,0.771150670920248,
NCAPD3,8725,-0.145153980453909,0.771212581076852,
SLC13A5,12366,-0.348099353881717,0.771221313857299,
ZNF780A,16027,-0.136727994091638,0.771320562007261,
FLOT1,4928,0.113602281301427,0.77132678770146,
BCAM,1310,-0.13002047807346,0.771424539553441,
DNAJC16,3782,0.13346498083613,0.771432473868744,
SUZ12,13342,-0.089788837607368,0.771470634515615,
FAXC,4708,0.335674047714201,0.771475540867627,
SART1,11873,0.0565034663203986,0.77161713809228,
CAPRIN2,1903,0.237449024923675,0.771719031641155,
CLCA2,2723,0.846426899230617,0.77178065414206,
PHKG1,9970,0.316901197953612,0.771800693281667,
ARAP1,833,0.0694285562695708,0.771873744683469,0.916032517587587
LRFN5,7516,0.396142535452635,0.771880674707034,
CCDC136,2029,0.546032966285683,0.771901418149483,
TCEANC2,13593,0.211679610226669,0.771925753029543,
CBWD5,1989,-0.413030149486605,0.77197944534976,
ARL4A,945,0.319873935249845,0.772015213729684,
CSRNP1,3195,0.118050451758228,0.772016783062793,
MYCBP,8553,-0.843878053974529,0.772043220714556,
ARHGAP40,883,-0.840879033921901,0.772115094526846,
EMG1,4224,-0.423488569233028,0.772116138203403,
ATP6V1E1,1167,0.165550730745281,0.772172919668562,
BIRC8,1406,-0.845541761707279,0.772178228114905,
KATNA1,6848,0.163715075613267,0.772180732687664,
RNF208,11516,-0.32876321261548,0.772194342909532,
KIF11,7019,0.252338422731678,0.772217868140491,
TOR2A,14264,0.140310421968895,0.772284640386953,
ADAP2,280,-0.120478200386015,0.772384204149622,
PDZD3,9835,0.334834741374195,0.772385614297553,
FASTKD3,4701,-0.256865676172922,0.77267064349337,
MAP2K5,7785,0.202423350481971,0.772708150906647,
SMC2,12720,-0.254117427067455,0.772719565152339,
HEATR5B,5872,-0.0709223605448005,0.772778075491394,
SNX15,12848,0.126156653634429,0.772897117318709,
RPS21,11665,0.0741446418053635,0.772911057128861,
RTF1,11751,0.140903912146111,0.772913382677394,
CTU1,3272,-0.291684505198013,0.773024574811421,
HIC1,5934,0.212113595415146,0.773090435150885,
PDLIM7,9819,0.175844388982819,0.773136655841772,
TRIM26,14460,0.205513857062342,0.773142728530607,
CDYL,2423,0.177543274424407,0.773143138099269,
SLC20A2,12399,0.0917239885073576,0.77319155021865,
ZNF599,15908,0.840194379068789,0.773210908103594,
CXCR1,3315,-0.483585948147703,0.773329893588243,
CDC42SE1,2331,0.0698904763713613,0.773406837482313,
RNF123,11477,0.30194727007308,0.773433374977583,
C19ORF47,1632,0.194454088464667,0.773463025115639,
BSG,1503,-0.0548208945824966,0.77366003907562,0.916804187274633
ATF6B,1075,0.0606437090752463,0.773700253501528,
FADS6,4493,-0.622375633173072,0.773707160532553,
FGF2,4854,-0.169976334291042,0.773718866560029,
PAN3,9567,-0.124443040464021,0.773888278158875,
GFOD2,5286,0.143055740369118,0.774073110996623,
CORO7,3016,-0.158550111910661,0.774088244224346,
ZNF175,15644,-0.157549377247945,0.774089903360433,
GPR173,5564,0.453096984400232,0.774134024140091,
CSNK2A2,3189,0.25418029575363,0.774181476930711,
ACVR2A,232,0.342957477092913,0.774274858202228,
ATG9B,1096,-0.256514855585772,0.774325913838218,
TMEM167B,13976,-0.0919612598510196,0.774348236051533,
CLDN2,2741,-0.151125127969361,0.774465408774013,
AUH,1202,-0.330134450127381,0.774521024632812,
PLEKHM3,10202,0.157939090369205,0.774559960010048,
BARD1,1285,-0.227924881660949,0.774620913405081,
DNAJC5B,3798,-0.391376544022804,0.77464878718806,
FRS3,5038,-0.201857509615636,0.774688427109103,
NDUFA11,8780,-0.0778545349421381,0.77470663694318,
SPATA24,12949,0.282076247196471,0.774711328710026,
SETD1B,12139,0.107140243715191,0.774716592533846,
CDKN3,2407,-0.450292361223187,0.774761491250386,
SPNS3,13008,0.395152852222623,0.774862450756499,
MAPRE2,7840,0.635750051212438,0.774882990540564,
PPP1R1C,10474,-0.237249065082908,0.774902878564378,
RPAP3,11578,0.124998220878849,0.774907946760527,
ST6GALNAC6,13161,0.220611729459711,0.774960718415736,
KPNA3,7174,-0.394076803303092,0.774986757384696,
PEX11A,9872,-0.268179532686685,0.775122553195332,
C5ORF51,1749,-0.191900105025949,0.775276182654976,
SLC25A42,12455,0.474520363129107,0.775345323263856,
RHOT2,11399,-0.1644932186175,0.775460955280498,
BOD1,1450,0.101992105257573,0.775499030337146,
WIF1,15285,-0.828659807040594,0.775514151931421,
IGKV2D-24,6445,0.827335427548423,0.775539415502045,
HPSE,6168,-0.320045311144881,0.77558034043224,
ZNF841,16066,-0.0487718760279782,0.775609101597007,0.917210944206917
TCIM,13610,-0.11832537009217,0.775699806418994,
CSNK1G1,3185,0.133139434350109,0.775733967215477,
CASQ1,1949,-0.436296224142048,0.775787444997961,
TRABD2B,14322,0.307253010870245,0.775804251256323,
REXO5,11312,-0.826633816670125,0.775882206903797,
DKC1,3697,-0.212820629153138,0.775892684909944,
NOG,9030,-0.29582578265753,0.775907972615427,
GOLT1A,5484,-0.645955413047583,0.775956431519859,
GRIN2B,5647,0.652027953150251,0.775962637933986,
BLOC1S3,1416,-0.312698317899866,0.775967951025749,
CREB3L1,3104,0.109522901985853,0.775985831225182,
PSPC1,10786,-0.0585017284606433,0.776054118532726,
FXYD4,5088,-0.832737313321894,0.776055230962984,
TBC1D17,13517,-0.0516676875659474,0.776276424898791,0.917210944206917
UCN3,14866,0.768802058348441,0.7765104356223,
STOX2,13244,0.242001515277334,0.776541396031869,
KLRD1,7155,0.165201818066028,0.776613498659567,
TNNT3,14219,0.320660613854355,0.77669271644594,
ADH6,332,0.347261335587777,0.776721683336127,
VIPAS39,15100,-0.0952123713351608,0.776746748929839,
ZNF23,15677,-0.195918330248008,0.776922025318729,
HSD17B6,6201,0.40195218647222,0.776923500849053,
CAVIN4,1969,-0.287760418779863,0.777090103768606,
FBXL17,4730,0.208882785676212,0.777215195077024,
ESRP1,4387,-0.13400904961075,0.777241919940199,
ZNF251,15689,-0.147253172764223,0.777269395016008,
OR3A3,9404,0.825044204418951,0.777294852776083,
CPLANE1,3056,-0.266302780134835,0.777337796859346,
KIF17,7026,-0.318176129123648,0.777342233535913,
PDIA3,9805,0.175670324921446,0.777348370567316,
ZNF584,15895,-0.207395833989281,0.777376331213953,
ALDH1L1,507,-0.382784162112376,0.777527876652375,
NPY4R2,9124,0.82218842935893,0.777533855244314,
SH3BGRL2,12219,0.178737275199157,0.777604177933083,
RHNO1,11385,-0.109569955035769,0.777630750287961,
DNAJB1,3765,-0.125358033074761,0.77768789875495,
LYSMD4,7689,0.175302380084861,0.777688551654363,
R3HCC1L,10950,0.149805499174187,0.777709135384305,
CNTD2,2888,-0.822010396233758,0.777749317671719,
ZNF184,15650,-0.451636553637693,0.777778873899904,
IFIT1,6328,-0.112854110667549,0.777884776995122,
PCNX1,9734,0.822862408421663,0.777952906739866,
ZNF624,15927,0.37380444625412,0.777991750905028,
RAB8B,11025,-0.183797103219657,0.778017890064199,
DOLPP1,3849,0.129314555228316,0.778182110625014,
RSRC1,11742,0.189695438376988,0.77819871845687,
PSMD2,10767,0.130803957094431,0.778205712899177,
GRIK3,5645,-0.817233453093933,0.77823241389091,
ANKRD34A,662,-0.340933982190765,0.778352077911494,
GTF2F2,5714,-0.164916239499354,0.778557522808274,
LRRC8D,7591,-0.187478458153923,0.778609777455625,
MYO1B,8587,0.192705922901774,0.778655768637475,
MAGED4,7726,-0.113735762020698,0.778755834124756,
DMD,3730,0.20983028240102,0.778790802829503,
OTULIN,9474,0.172355068162183,0.77880482100075,
SETX,12151,-0.0659768813851688,0.778930366789431,
EXOSC1,4443,0.316621898168334,0.778965525412036,
COL6A6,2954,0.652271269371709,0.778968512749091,
BRD7,1478,0.196969820465592,0.778971396748695,
ITPK1,6771,-0.175983383693058,0.779074616017359,
DNAJB11,3766,-0.0524950284873836,0.779081478367511,
IVD,6784,-0.0628655740213566,0.779115581095899,
GP1BB,5497,0.495768381314597,0.77916307326583,
PITPNM3,10080,-0.281506638683707,0.779256935089294,
GTPBP10,5733,-0.452536598257151,0.77931052888106,
CSDC2,3166,0.24392811739518,0.779344077922454,
RNF41,11537,-0.146967071813308,0.779382744764135,
NPSR1,9116,0.238060841245478,0.779391614195542,
KIF12,7020,0.214148603297836,0.779424746552726,
RALBP1,11076,-0.114395056289144,0.779430071889592,
SLC16A14,12377,0.814976315991934,0.77953726987011,
RNF181,11506,-0.159615076254162,0.779542721182818,
FUT9,5080,-0.377523395641072,0.779576901477385,
ZBTB41,15449,0.113429660391003,0.779579972475528,
RPAIN,11576,-0.127055399776128,0.77964731080356,
WDR89,15268,0.129627662261345,0.779755712253008,
IRGM,6701,-0.816912569412425,0.779797483104752,
CCDC110,2013,0.445458911288411,0.779813127169946,
TXNL4B,14742,0.0860404914486643,0.7798490856956,
GALNT6,5169,-0.28696613016108,0.779954326793706,
HARS2,5810,-0.0863161379700784,0.780079401818345,
P4HTM,9515,0.209562033027177,0.7800920298964,
TMOD3,14134,-0.0577370362243637,0.78031179450664,0.920631020711781
PTPN7,10860,0.223037079758247,0.780312192376778,
GTF2H3,5718,-0.25782099837472,0.780326700033531,
YY2,15412,-0.160519266138831,0.78032758834183,
MIER3,8119,0.116525540367739,0.780329820127514,
HIST1H2BG,5977,-0.426788502908237,0.780333460837079,
B4GALT2,1248,0.129789330476283,0.780333761132904,
SLC6A1,12616,0.817958653788714,0.780373140133771,
FAM3A,4628,-0.0636498445583994,0.780410356112854,
TAF1D,13441,0.0694194333879226,0.780435900249958,
ZNF641,15935,0.108564795300365,0.780461568262281,
LMO3,7458,0.26260521833985,0.780497440409477,
HOXC5,6142,-0.346533743696595,0.780561529892695,
DEFB124,3574,0.810574889482996,0.780567356460768,
BHLHB9,1385,0.180779085122814,0.780571573639021,
BTN2A2,1532,0.180084769428955,0.780654941808141,
CAPN2,1893,-0.0713709297749965,0.780768806176407,
RNF152,11496,-0.16396686825393,0.780837180178266,
ALG10B,524,0.138063181541644,0.780980130383779,
SUB1,13289,0.416832228778166,0.781026696102278,
ZBED5,15419,0.103425187924853,0.78107428780154,
NDUFA7,8789,0.068334023290194,0.781113612693691,
CD300A,2250,-0.145406546314043,0.781177777797192,
NPTXR,9120,-0.223780482158537,0.781210965206611,
DUOX1,3931,0.199676870989529,0.78128505543776,
FAM122C,4525,0.310992089164502,0.781296092352983,
ACTR3B,224,0.238788182557687,0.781350863040252,
MGRN1,8091,0.157183173248534,0.781406356697987,
TMEM86B,14113,0.167955497677659,0.78145005886349,
MAP9,7817,0.248299349929178,0.781540767806811,
HARS,5809,-0.0755027516867916,0.781636142182836,
ALDH3A2,511,-0.111739763811052,0.781903903405698,
MRPS23,8370,0.585613485073098,0.781999770003871,
CMTM7,2843,-0.0928234454587593,0.782003788824255,
METTL22,8028,0.21854867282064,0.78202686740311,
SLC38A6,12553,-0.0627407488787337,0.782075734660924,
CR1L,3090,0.480461930442702,0.782137818936466,
ASPHD1,1046,-0.26756619979355,0.782144187081739,
NUDT16L1,9252,0.199194634446047,0.782267214704834,
CCHCR1,2126,-0.142627894844524,0.782297944302709,
TWF2,14720,0.0770405072518428,0.782301235890439,
PIGH,10017,0.19563050257505,0.782354720031083,
ACP1,186,0.125821012736195,0.78243892156603,
LGALS9C,7360,-0.369966872694248,0.782518878558938,
TBCE,13548,0.127318249882157,0.782523256609107,
MREG,8293,-0.282641976175274,0.782529602326684,
HOMEZ,6117,0.201636443617757,0.782580067193802,
LRP12,7528,0.138234801841712,0.782588536628076,
TUBG2,14699,0.212512845900917,0.782591889528995,
ZNF142,15632,-0.205666761939062,0.782658993536618,
OR2D2,9399,-0.404750641779796,0.782663673071055,
SKIL,12336,0.070292129401162,0.782672033943885,0.921549099411439
UQCRFS1,14947,-0.114586976079313,0.782779132397981,
PODXL,10305,-0.181638218620468,0.782816026920261,
BUB3,1542,0.298987975501641,0.782990013978005,
DLG2,3707,0.287037876514866,0.783118726086268,
ZNF594,15904,-0.127851429346046,0.783266563617181,
NHSL2,8932,0.181963948450218,0.783296304316282,
NBPF15,8714,0.0941551531018151,0.783304258858736,
CECR2,2441,0.280465464419045,0.783347017593809,
ZNF850,16072,0.243537897615653,0.783362609795452,
CHI3L2,2615,-0.322356325907409,0.783383422251216,
ALG13,527,-0.0602782808554282,0.783461648138897,
LPL,7502,0.24364305450414,0.783507793100591,
COX5B,3030,0.261424023970304,0.783541716881139,
ZNF445,15802,-0.109171786433395,0.783611494537249,
PTP4A2,10840,-0.102688614721185,0.783760932642068,
LSP1P4,7628,-0.191871350699435,0.783765921867616,
PPM1A,10441,0.144548284244376,0.783805720490438,
POU5F1,10399,-0.38697437293407,0.783884261020725,
CFTR,2571,-0.229558870778075,0.78390661286814,
MCOLN3,7922,0.800579717449609,0.783978540305158,
PLEKHA5,10179,-0.0907810459667489,0.784008632660943,
DET1,3610,0.12489576977368,0.784029263268108,
STX3,13273,-0.0868914467757772,0.784119097594054,
DMAC2,3724,0.0769443778174033,0.784129094007473,
C12ORF10,1574,-0.172676898869025,0.784188995364321,
TRAV5,14385,0.793666368482974,0.784235994092998,
LGALS4,7355,0.0997316891448016,0.784373140725931,0.921549099411439
CD1A,2228,-0.419632545513223,0.78440188093746,
SPTBN1,13049,0.0631801989577469,0.784515776078883,0.921549099411439
NEK5,8854,0.389636094711042,0.78452986331827,
DYSF,3982,-0.197285541740454,0.78462365443735,
PXN,10918,0.134753350443183,0.784860511623141,
HIBADH,5932,-0.159088155648022,0.784928911681249,
MBOAT2,7888,0.254025081313882,0.785000017939881,
CCR2,2193,-0.285742080638337,0.78502088397495,
SASH1,11875,0.183973015891284,0.785055629841238,
DNAJA4,3764,0.200721985608282,0.785107867036475,
ARHGAP39,881,-0.105330946747304,0.785110241428578,
SPAG1,12929,-0.433080413406409,0.785132162405512,
ELAC2,4172,0.297742420678974,0.785139370391653,
DNAJC8,3801,-0.146248908771013,0.785140989161304,
CENPH,2465,-0.474462170373932,0.78517151780312,
USP7,15021,0.0710946409946988,0.78535225780037,
ASPH,1045,0.213422949982003,0.785399019692662,
ECSCR,4023,-0.222953065892185,0.785503946026697,
MON1B,8234,-0.124791808732609,0.785584081627281,
FAM83A,4655,0.25967738252395,0.785619292404397,
LASP1,7284,-0.0721281562847956,0.785679297719373,
BAIAP3,1278,0.192155681160532,0.785779795088466,
MED23,7972,0.119853382859748,0.785957896964517,
GAS2L1,5194,0.145424235224617,0.786057262352749,
DHRS4L1,3647,-0.200712970394255,0.786257966911798,
PRCP,10542,0.0858988684770052,0.786326110479266,
EFR3B,4087,0.388478597967502,0.786391043056172,
ZNF506,15835,0.185883413334494,0.786440200601024,
BTD,1522,0.159606656942062,0.786474575414392,
SPA17,12923,-0.282521474343151,0.786488847427186,
C17ORF80,1618,0.504991706391665,0.786524977656739,
FNBP1L,4957,0.0946432509643111,0.786578489622629,
CEP78,2510,-0.338172849476409,0.786624148325889,
ATG5,1093,-0.151081624816719,0.786644976884278,
RTCA,11747,-0.147769357524145,0.786693146734662,
PRRX2,10693,0.193871175585858,0.78671904355426,
CENPV,2479,-0.258918009522656,0.786927523044827,
FAM86B2,4663,-0.0874122756290255,0.78702199135067,
ACOT4,177,-0.225448585978449,0.787035342747669,
SIRT6,12323,-0.128412253250911,0.78711339522605,
CLEC3B,2766,-0.1311591603386,0.787128363551417,
AJM1,444,-0.258543351040837,0.787150335140089,
AFF2,374,0.399940181441531,0.787155540386364,
SPATA5L1,12954,-0.150665808323198,0.787188200097259,
PAFAH2,9540,-0.115320012792562,0.787244083435751,
CRIP2,3123,0.0804980472572992,0.787329332417522,
ZNF595,15905,-0.249696715533178,0.787378540684532,
TIMM21,13812,0.189528931263768,0.787433568869873,
CALHM6,1854,0.299535729872571,0.787445917827141,
CRADD,3095,0.104696512697317,0.787540316039863,
CWF19L1,3295,-0.135710036062541,0.787540335689284,
MMP13,8187,0.407072861417106,0.787601841255836,
BAAT,1257,-0.203015419874071,0.7876352912309,
CLEC12B,2754,0.788447271917777,0.787693515065517,
SIX5,12330,-0.200505556763701,0.787728266120594,
ZDHHC24,15518,-0.124103952454927,0.787762854206028,
IGKV6-21,6453,-0.548631069295972,0.787770085055172,
B4GALNT2,1244,0.788436601012458,0.78778191995501,
TMPRSS6,14145,0.267932047773607,0.78780255320043,
CEP164,2490,-0.0897075462819037,0.787977970347823,
AMOT,579,0.171816957787242,0.788034061035093,
OXR1,9489,-0.0972372187604414,0.788083783222867,
DCHS1,3476,0.389067110434641,0.788118900017205,
ACBD7,158,-0.493720915975906,0.788132354808247,
DENND4B,3590,-0.0820700933971066,0.788176687418028,
ZDHHC13,15508,-0.156274032253346,0.788217908840581,
KDM8,6970,0.380291925283783,0.788269547819977,
DCPS,3488,-0.099417048679962,0.788274977080625,
MORN1,8241,0.0826382065929594,0.788279664635369,
PLEKHG6,10194,-0.280369246676634,0.78830143366304,
PPP6C,10521,0.174707263427336,0.788452956553749,
MCOLN1,7920,-0.145307785916697,0.788472176043624,
GUCY2C,5746,0.787568856969596,0.788679324336968,
NEK11,8850,-0.154770255150919,0.788816935901631,
NECAP1,8830,-0.112324988161662,0.789097566046713,
CC2D1B,2002,0.163436492577582,0.789098137861103,
NDUFAF2,8794,-0.118980216189437,0.789103544071434,
CYB561D2,3335,-0.219330077018849,0.789217255130073,
CILP,2691,0.294566312410115,0.789314088894886,
SEMA5B,12060,-0.308720807077853,0.789391490217526,
PIP4K2B,10064,0.213382564118203,0.789534754098413,
AP3S2,751,-0.0783920801334274,0.789666868571776,
PPIAL4H,10425,-0.146658880432291,0.789728818761061,
GUK1,5749,0.0806185705217457,0.789811074624643,
PFDN4,9890,-0.457257879826164,0.789822308199184,
DENND6B,3595,-0.145090746161031,0.789875819957887,
HMGA2-AS1,6064,-0.222919319885008,0.789908890715742,
CLNK,2800,-0.326790119756632,0.789949502690861,
TNFRSF9,14191,-0.466341410224503,0.790012278536386,
ZNF668,15950,0.447987640445878,0.790028335189218,
SLC19A2,12391,-0.130830550682672,0.790046077272351,
RBM15,11185,0.242447935788773,0.790142996794992,
BAHD1,1274,-0.129675996604147,0.790190793895147,
INTS5,6644,-0.119741893109634,0.790219749137301,
CCL8,2151,-0.297402037967084,0.790249639129963,
CISD1,2698,0.137979287355869,0.790253403502112,
ZKSCAN7,15590,0.158181136127108,0.790269511531882,
GPATCH11,5510,0.134833961934054,0.790288760577309,
C3ORF18,1724,0.215073012399335,0.790314104521035,
RAB4B,11012,-0.135100758580972,0.790396173157612,
OR4F3,9406,-0.44799429716238,0.790413975360239,
ABCE1,72,0.283940224700165,0.790501908317697,
POMZP3,10376,0.476895326994834,0.790514298967202,
GLB1L2,5358,-0.223349356004873,0.790522970395824,
OTC,9463,0.779616302042971,0.790526608522216,
DNAJC12,3778,0.28549680706326,0.790653893703768,
EIF2D,4131,-0.112939428397729,0.790701137983631,
KANSL1L,6837,-0.0527479655104509,0.790729683170128,
EGF,4090,-0.303580133103451,0.790773013516501,
SFXN3,12181,-0.0894525926244107,0.790790458565062,
KIR2DS1,7062,0.775567624846471,0.790792468229155,
STPG1,13245,0.166971139578766,0.79085951907237,
COX19,3025,0.586123222079407,0.790971738361726,
C18ORF21,1622,-0.104419012949022,0.791007844170806,
SAC3D1,11832,-0.178664203655592,0.79101350393294,
MRPS18A,8364,-0.182180588435683,0.79107140870293,
ST8SIA4,13164,-0.153255114186205,0.791130248185117,
ALKBH3,540,-0.249424048752962,0.791131286067198,
OAZ1,9325,0.0727913228647205,0.791170162575489,
DDX19B,3535,-0.0739413390912799,0.791180395687096,
DFFA,3612,-0.180729873774397,0.791198598840129,
CCDC22,2072,0.0965307846443376,0.791226881811302,
GPKOW,5532,0.16672434088732,0.791243276263702,
HOXB13,6131,-0.773833705935593,0.791263782511622,
LIN7B,7412,-0.217029191320682,0.791352920125382,
KIF24,7039,-0.299033400375557,0.791395282360678,
UNC5A,14920,0.317562640733642,0.791468605541742,
SGSH,12200,-0.09478498569676,0.791473029929053,
INSIG2,6629,0.0990885019719177,0.791479030223249,
GAS2L2,5195,0.768060207825826,0.791494969477085,
TCN2,13614,0.192608690611054,0.791543042551175,
BCAT1,1319,0.170753835389356,0.79158279918108,
CLCN3,2727,0.163548418523853,0.791586677049086,
PRDM15,10548,0.15977627306324,0.791621644758735,
EIF2S1,4132,0.0616805820647124,0.791643050037267,
UBA3,14766,0.134307397973307,0.791717061294181,
TSPAN18,14588,-0.173427792762033,0.791757441073343,
PDGFC,9796,0.438756562766033,0.791814452650012,
GRM5,5661,0.765146455892273,0.791858373412802,
CYB5R4,3343,-0.280637913793123,0.791972019628376,
ZNF592,15902,-0.192538738104106,0.792012400193568,
NUCB1,9237,0.0367150418369904,0.792044675277377,0.928733053327138
EMILIN3,4228,-0.445771739592746,0.792155638840282,
MRPL39,8336,0.122818394040564,0.792174801530202,
PAQR6,9586,0.172559447957045,0.792299142460412,
SLC16A3,12379,-0.137508616828983,0.792469345823627,
TMEM60,14094,0.164508774300696,0.792497625690876,
STRC,13253,0.619724828546788,0.792532662764163,
ROM1,11561,0.765516717327529,0.792541254150781,
MTF1,8454,-0.146044983547538,0.792680484798752,
SPART,12940,0.106669993130708,0.792715708043346,
SEPTIN7,12086,-0.0817016366341807,0.792760854461317,
PRR20G,10668,-0.761988472980244,0.792808474442344,
FAM222A,4610,-0.491110217253928,0.792819762398489,
SUCO,13294,-0.138606850999056,0.792823051209502,
SNX19,12852,-0.05933152321654,0.792869982794959,
IGFBP2,6370,-0.0882953543664661,0.792933176880295,0.928733053327138
TMEM158,13967,-0.354366980103535,0.792957019774643,
BAMBI,1280,-0.111548093965474,0.792985336135338,
PBX2,9636,-0.139620525457345,0.793027651689933,
GZMA,5763,0.136455315690805,0.793037703644614,
COPS4,2989,-0.269309445015716,0.793048990858369,
GNG8,5440,0.459197996185789,0.793186247872731,
ASMTL,1040,0.121418641338429,0.793201824885028,
SEMA3G,12052,-0.272482891860819,0.793227944339671,
NOL11,9032,-0.116186263031799,0.793352435977426,
WNT2B,15300,-0.353965716115515,0.793375795979703,
XRRA1,15362,-0.148375903452184,0.793412398772952,
FAM13B,4538,-0.133859687652139,0.793416367787919,
RBM27,11196,0.0727790793069893,0.793541580034013,
PYHIN1,10929,0.426533026628334,0.7935456498333,
APOBEC3F,793,-0.0786309481819253,0.793588578776677,
NPRL2,9114,-0.137980772900927,0.793683716495484,
METTL7B,8041,-0.197126022673555,0.793832114093722,
GDPGP1,5267,0.760145929010864,0.793872394830645,
FCHO2,4799,-0.0971515016010036,0.794012029922639,
ASNSD1,1042,-0.129028267196849,0.794274623801205,
GFI1,5281,-0.262938808092733,0.794303513810115,
JAK1,6795,0.0963215382778386,0.794406048215091,
LMNTD2,7456,0.518008293468719,0.794504184734065,
EGR4,4102,-0.479450154192739,0.794527749521661,
PSMB6,10750,-0.155348763629139,0.794548040487862,
FBXL14,4727,-0.230836150622167,0.794630373571382,
VPS26B,15126,-0.286065375824366,0.794850186529648,
TMEM132C,13948,-0.754465435140432,0.794930224287331,
POLE4,10327,-0.103690877934603,0.794963325816331,
CD1E,2232,-0.497594439349756,0.795005578508375,
UTP11,15028,-0.192750186388586,0.795010114564559,
PTPRCAP,10865,-0.179131061920512,0.79502339801559,
LYPD1,7674,-0.328828975413851,0.795038897627409,
KIR2DL4,7061,-0.648670451104086,0.7951036037752,
DDX58,3560,-0.159579921852935,0.795150073896567,
ALOX15,549,0.624777207419044,0.795259056100742,
FNDC10,4960,-0.332279561423495,0.795275791562605,
FOSL2,4979,-0.0858873974338429,0.795288351763475,
DPYSL3,3886,-0.133177803888513,0.795308854493072,0.929017405807606
LCORL,7309,0.192071646135325,0.795368718848002,
TMEM132E,13950,0.531252472889884,0.795434787615933,
RTF2,11752,0.0820409305100409,0.795440342339564,
RNF135,11484,-0.174156736948868,0.795456046158818,
ARFGEF1,848,-0.0557250050504607,0.795478348715063,0.929017405807606
ERG,4348,0.182592688969211,0.79548833961879,
ZSWIM9,16127,0.251183230795299,0.795511970512546,
CIAPIN1,2683,0.316801275558352,0.795595770274173,
PREX1,10568,-0.14117457017038,0.79562963557512,
IGHV3-64,6419,-0.753119187882744,0.795785859096719,
USP38,15002,-0.195745262349453,0.795807164157888,
THOP1,13771,-0.107736012933478,0.795875091019805,
RPL39,11626,-0.635872507767697,0.796187406618163,
CCR7,2198,0.208093953813415,0.79618936952446,
TFAP2C,13700,0.2626345628585,0.796218338754147,
DENND4A,3589,0.0828130353405477,0.796254224416435,
RASD1,11132,0.213860995180438,0.796296735190448,
HGD,5919,0.316785353978086,0.796300698872043,
ZRSR2,16102,0.350460574356159,0.796436192343599,
KCNK16,6904,0.387066906154657,0.796519721514522,
IFI44L,6325,0.186603710808896,0.79655035127017,
CMTM1,2838,-0.10657215089686,0.796579474026841,
SDCBP,11973,0.0594755280149986,0.796670327319882,
APOBEC3B,791,0.711575247902683,0.79706864338974,
UBE2E3,14793,-0.068540136122896,0.797171654106162,
ARHGEF37,910,-0.196789015434349,0.797188327709368,
C1QTNF12,1671,0.230820308202306,0.797232512803119,
NAGA,8658,-0.0689078981253069,0.797266777477965,
AK8,453,-0.241009711776973,0.797278552877766,
IGKV4-1,6451,-0.310773921856531,0.797306013442181,
STARD8,13188,-0.213287656292835,0.797328817949223,
ADAMTS8,272,-0.286850626403449,0.797363725062027,
TNNI2,14216,-0.288288964163581,0.797406541299914,
CES5A,2530,-0.661773595805698,0.797416976814553,
MRM3,8301,0.163300270515228,0.797457161052985,
CLEC16A,2756,-0.103814799997918,0.797468349619046,
MAPK11,7820,0.219926829817377,0.797473353923668,
CCDC85B,2111,-0.120410034392173,0.797639321221901,
LRRC74A,7585,0.750779739758482,0.797693605065509,
KLHDC10,7097,0.0750270801596379,0.7977196526218,
SYTL3,13409,0.15527916528868,0.797719873709099,
PIEZO2,10009,-0.301842002313214,0.797753677326392,
FLNC,4927,-0.130262813699812,0.797827165770895,
ZNF350,15751,0.130789152206679,0.797884775373047,
SLC39A13,12559,-0.218718136546323,0.797914145436729,
KPTN,7180,-0.350483107956208,0.798006195899235,
RNF165,11498,-0.364723777300134,0.798021554651717,
TAF1C,13440,-0.0726000095599493,0.798050385551389,
C11ORF21,1556,-0.299128427815178,0.798093085245267,
TXLNG,14728,-0.122784163414512,0.798108773341,
AP5S1,758,-0.177623745371872,0.798120287281711,
GPBP1L1,5518,-0.128495402731448,0.798212026532029,
MS4A7,8397,0.256144832945096,0.798299332581801,
ARHGEF15,899,-0.214725563601324,0.79832111049311,
PRSS33,10703,-0.383996103506258,0.798399529559074,
GAGE12B,5143,-0.41615833991925,0.798469377954654,
PTPN13,10848,0.201976354089606,0.79849290227299,
SPCS2,12966,0.232409964787679,0.798548161987622,
PSORS1C2,10785,-0.744374795663172,0.798577129542834,
FSIP2,5048,0.487662448223067,0.798647983174165,
PRKCE,10597,-0.100380108481616,0.798652801488568,
BCAT2,1320,-0.238016667313018,0.798731418966704,
RGP1,11345,0.11636734952657,0.799036818177676,
FBXO4,4763,0.147045197792447,0.79915329500496,
SLC35G5,12540,-0.407661773486995,0.799176028309026,
CCDC163,2051,-0.312276977840764,0.799188924518249,
FLII,4923,-0.0683677087182252,0.799254491779902,
NIPAL3,8950,0.131095337521776,0.799291664765708,
ATG3,1088,-0.101191789510092,0.799312324409882,
SHARPIN,12243,-0.148112341922578,0.799403684139944,
VPS4A,15142,0.051573681592948,0.799469356233695,
MTFR2,8460,0.312587939734305,0.79947269245051,
HMGB2,6066,-0.105684466362666,0.799481886625052,
SPAG7,12934,0.188594997854422,0.799552570084615,
CDCA7,2341,-0.246096453458726,0.799625215878967,
UBE2G2,14796,0.0513030690216962,0.799719101813907,0.932620397635582
FNTB,4969,0.153026711883184,0.799750487588162,
MYLIP,8576,0.110076657943228,0.799795178240899,
RBBP8NL,11168,0.222673332215396,0.799803044344479,
ARSD,1000,-0.0978579151113037,0.79984418846068,
CBSL,1985,0.227344885535396,0.799846896957299,
HILPDA,5945,0.287556581023021,0.799985365365143,
KCNQ1,6919,-0.0789507917795242,0.800081073272995,
CCPG1,2191,0.152130255528097,0.80039150005033,
MTERF2,8451,0.245287286126412,0.800628474162468,
C1ORF50,1658,0.262128381371345,0.800705471463484,
TRIM31,14465,-0.412322799510631,0.800769361862333,
AMPD1,582,0.451724497867474,0.800855260873479,
NKIRAS1,8969,-0.116491965452226,0.800910772832806,
KATNAL1,6849,0.12702786202013,0.800923209057339,
POLR2F,10346,0.408355909269449,0.801037488973554,
EHD2,4106,-0.087717894949093,0.801046559282522,
RNF138,11485,-0.143208528940717,0.801358927190001,
TOR1A,14260,0.151374791674879,0.801403950297517,
ZNF486,15822,-0.295522395092537,0.801501078727384,
TDG,13625,0.169984276653305,0.801630749622236,
APLN,780,0.504838775005796,0.801634946603104,
PLCXD1,10163,-0.169158888993839,0.801654994711043,
YARS,15370,-0.145804112663167,0.801691978920218,
RIOX2,11431,0.125949883338272,0.801760051662364,
KMT2D,7162,-0.130500823777984,0.80180251118412,
PRDM2,10550,-0.109791647739108,0.801809687565006,
STYXL1,13288,-0.437046333096964,0.801841084855483,
ZNF248,15686,-0.117444323149662,0.801860615243454,
SYCE1,13357,0.31092552470466,0.801895953973197,
PEG10,9852,0.202217577616767,0.801928770379002,
RAB3IP,11003,0.244555777696848,0.801962746510291,
TUT4,14713,0.117587012915804,0.802060278000577,
GIPR,5332,-0.0983821189661647,0.802120255528799,
HOXD4,6149,-0.239573732910077,0.802178588601901,
HLA-V,6049,-0.299184976948398,0.802309163607658,
EHHADH,4110,0.129977120658963,0.802310485049714,
NRXN3,9179,-0.591656181371507,0.802321733017719,
SAMD14,11845,-0.218986182017856,0.802387356354117,
ZXDA,16132,-0.200633976061144,0.802468614167149,
APEH,771,-0.0797122390936737,0.802521492119132,
DOK1,3842,0.147410206915702,0.802581092968131,
CAMK2G,1868,-0.213497227541614,0.80261603132917,
HIST1H2BD,5974,-0.12968675774158,0.802628735553683,
LDHAL6A,7318,-0.726007751496043,0.802693721501531,
POLR2J3,10352,-0.0993805693249566,0.802710277450088,
KLHL11,7107,-0.209210636422973,0.802759958992645,
TNNI1,14215,0.730373995300242,0.802804896710367,
CNTFR,2890,0.379338700029025,0.802857758803457,
OXLD1,9487,-0.21221023860207,0.802868571805074,
VEGFD,15085,-0.544503421635131,0.80288411062093,
CCNJ,2179,-0.150492172939078,0.802982435615266,
TRBV19,14400,0.439061057433016,0.802993576417661,
SPEG,12980,0.646692634507774,0.803070919745435,
SNUPN,12839,0.133341612475303,0.803111899234331,
DUSP8,3957,-0.148837191074497,0.803114929271639,
C19ORF18,1626,0.295587701247173,0.803126560749419,
ZMAT3,15594,0.152256104671348,0.803143748258066,
KCNQ4,6922,0.252110633989092,0.803149998988965,
CYTH4,3409,-0.0889019390886999,0.803156011577397,
CLCC1,2724,0.275255264511292,0.803178723242574,
SH2D1A,12209,0.363371723143189,0.803320297810366,
PDCD2L,9761,0.417838794308201,0.803380111863648,
HMCN1,6058,0.330810324876559,0.80340154966099,
VPS39,15139,0.0818365213523558,0.803405896147532,
CPNE7,3066,-0.160771782314,0.803425804670249,
LTK,7644,-0.27489581724196,0.803478802702928,
ADAMTSL3,276,0.295906342770944,0.803486333322689,
PCDHAC2,9675,-0.338190737948253,0.803532155937234,
PPP1R3C,10485,0.209885135863293,0.80357423979007,
SLCO1B3,12658,0.442711370667349,0.803580090722316,
CYP3A4,3382,0.351939636704144,0.803604974375947,
DPEP1,3856,0.194390944148815,0.803613377229517,
ZNF616,15920,-0.216833132828685,0.803650120541453,
MSLN,8415,-0.107976046463524,0.803694257883056,
POLDIP3,10323,-0.0574563146132445,0.803704227184768,
TMEM269,14063,-0.300368046853591,0.803713822873151,
ANKRD20A2,651,-0.276373706413672,0.803751882011584,
GPR89B,5595,-0.210177786866425,0.803751995371782,
RAB11FIP4,10960,0.457964340330587,0.803774937828186,
UNC5B,14921,-0.178990889915465,0.803831949267316,
HMOX1,6081,-0.119442235306552,0.803947798315612,
SULT2B1,13311,0.728338369209524,0.803962110977697,
CLPSL1,2807,-0.463940341824017,0.804062095558117,
LYZ,7692,0.116611197762195,0.804070381017328,
PQBP1,10531,0.0507459065779167,0.804079503175721,
SLC27A2,12476,0.329379973203127,0.804227138648354,
DCUN1D4,3504,0.10462224647316,0.804249223640355,
HIST1H2BL,5980,-0.172557623168361,0.804310625453945,
ICAM5,6289,-0.620326600977568,0.804413082918252,
WDR18,15218,-0.114979790863656,0.804422393004887,
EMP2,4236,-0.129552548120969,0.804486264667528,
HOGA1,6113,-0.252189115322673,0.80453090221863,
CFAP20,2537,0.0911327028237729,0.804597582697835,
EVA1C,4415,-0.0853725846154258,0.804612940382818,
ZNF720,15993,-0.28845633396632,0.804841247718655,
CACNB3,1834,0.0805051591242988,0.805099367071609,
SLC16A5,12381,0.102514505993372,0.805130248616215,
HIST1H2AG,5966,0.221127742140515,0.805181249933745,
NIBAN2,8934,-0.0478680695100459,0.805257491730213,0.933029142929884
RASGEF1B,11135,0.165618378133338,0.805268117776619,
RER1,11294,-0.10723162701033,0.805329498554374,
GPX1,5612,-0.0527861069580736,0.805390715634953,0.933029142929884
MN1,8209,0.352641848189021,0.805501776561305,
AC213203.1,134,0.179803273306942,0.805520296343582,
TMEM8B,14118,0.10215919277838,0.805556225326557,
WDR6,15248,0.0375557942201392,0.805610269082875,0.933029142929884
IPP,6663,0.0890327562559509,0.805702540688936,
PDE6D,9786,-0.225039623749964,0.805754861824912,
OXER1,9486,0.248379347154203,0.805794834205078,
HIST1H1E,5961,-0.0573766411692445,0.805825584636233,0.933029142929884
LRRC45,7568,0.107102380246687,0.805827420626553,
ACTR8,227,-0.0990843236609052,0.805842168641372,
DCXR,3507,0.090251072604801,0.805893819893381,
LARP4B,7278,0.180092416870967,0.80602200789835,
TM4SF18,13875,-0.217392095932546,0.806084326905903,
QKI,10936,0.275784189717534,0.806358638969978,
IGKV3D-20,6450,-0.313099625848827,0.806362383447833,
SCAF4,11895,-0.0684592430874219,0.806388275793855,
AP2B1,742,-0.127667705684684,0.806407661011001,
NTRK3,9228,0.352168478663807,0.80652242435595,
PRSS36,10705,-0.287650671964664,0.80653752117703,
SPR,13022,-0.275360166842203,0.806565905805154,
IGFBP1,6369,-0.284716111653344,0.80658408336717,
ADK,339,0.117714738857862,0.806615635678217,
CD101,2216,-0.267626892026946,0.806640349427262,
KCNK12,6902,-0.710961549028055,0.806707957738908,
MDK,7941,-0.0764258889875046,0.806797318878952,0.933029142929884
CALU,1861,0.259867922387561,0.806868081150696,
SLC25A30,12444,-0.128498160604306,0.806885725846279,
TICAM1,13791,0.139256246343655,0.807060095488751,
CCDC146,2037,-0.198230544032453,0.807178634465629,
FGD5,4844,-0.16692397364217,0.807186931604595,
TIMMDC1,13821,0.0629961759051862,0.80721574154113,
DNAJC6,3799,0.709197833968105,0.807231055448813,
PELP1,9858,-0.0914197341584224,0.807307921572553,
SESN1,12132,-0.259988902147501,0.807414303045913,
ACBD4,155,0.151602648287348,0.807414393555536,
SECISBP2,12023,0.0933445799309314,0.807469554506627,
PPFIA1,10416,-0.0547141967794391,0.807498311679653,0.933029142929884
USP1,14968,0.458227786729924,0.807587120813678,
KCNH8,6888,0.241610899533683,0.807709629045261,
FAM25G,4626,0.707289335809148,0.807728977929561,
OAT,9324,0.110675114499122,0.807793366296655,
MUS81,8526,-0.126512279889154,0.807805063498631,
FBLN7,4718,0.302101264358839,0.807894710428248,
METTL8,8042,0.455380534668951,0.807919821926542,
KRT5,7203,-0.252209409099829,0.807926836246529,
RFNG,11323,0.126361036094971,0.807964855657026,
HOXC4,6141,0.43576376820065,0.807996244016704,
LRP6,7534,0.102455082105174,0.808008959821164,
SIDT1,12281,0.268514545516718,0.808049037079585,
NID2,8938,-0.231858396699517,0.808067529590216,
BCL2L1,1332,0.0603186996160645,0.808162789229231,0.933029142929884
SCAMP5,11902,0.233796602728713,0.808241841953206,
ZNF302,15722,-0.0884256673485071,0.808268408792034,
FDFT1,4813,-0.236740531399592,0.808574653520926,
BRPF3,1496,-0.123632018087983,0.808642018588756,
SLC25A6,12464,0.0593566415004036,0.808646410025975,
LHPP,7375,-0.113744668751373,0.808687218015587,
APOL4,807,-0.218096450377618,0.808717552999365,
SNX11,12844,-0.142373406359228,0.80872998827371,
ARL14,935,0.110043713190349,0.808743895929746,
TBC1D1,13508,-0.102001703482754,0.808816567906553,
FKBP10,4902,0.136853091327732,0.8088924122684,
TNFRSF13C,14179,-0.706055609697425,0.808913932824046,
SLC16A11,12374,0.557166058674098,0.80896632273674,
MRPL37,8334,-0.0855796618478127,0.808969136858502,
HIST4H4,6020,0.0567293886221543,0.808978476483454,
SLC25A45,12458,0.104218248509982,0.809011615928002,
MIF,8120,-0.0618758366211473,0.809015648674739,
CCR5,2196,-0.129620873116329,0.809075676383638,
CHL1,2622,-0.292465686632187,0.809173477515002,
ATP6V0A1,1153,0.133420462855787,0.80924706144514,
GYS1,5761,0.124917493333339,0.809260106121507,
CCDC179,2058,0.501823222586328,0.809350135047082,
RPL36,11619,0.0671043323566373,0.809397877150846,
NETO1,8872,-0.204725257106092,0.809421619444261,
RPL19,11599,0.0848887464682759,0.809428098297135,
FCGRT,4797,-0.0730252459430583,0.809533288596482,
FAM122A,4523,0.102706665820573,0.809645678646103,
WDR27,15224,-0.162629655325066,0.809764526875652,
ULK2,14908,-0.272998022409898,0.809792824310763,
BTLA,1529,0.319503108960374,0.809851952323151,
VWF,15183,0.166079720954361,0.809904069706176,
SVOPL,13350,0.468242723548533,0.81004816269608,
ZBTB7B,15460,0.0619532606416597,0.8101058393056,
TPD52L1,14288,0.106783723592176,0.81017755269494,
CAAP1,1808,0.117761292882996,0.810257242450835,
TVP23A,14715,-0.289974858535469,0.810302433154212,
POGLUT2,10312,-0.444090552995659,0.810323261651579,
LRRK1,7599,-0.165173111973982,0.810381569052788,
SNRPG,12833,-0.0875599350836799,0.810497205395846,
ZNF48,15817,0.240149452979405,0.810558534274833,
EXOC6,4438,0.095358705490787,0.81057908086605,
XPO5,15349,0.253817200117851,0.810591332029807,
LCK,7300,0.139445705826031,0.810653207373736,
UBE2J2,14800,-0.113672236170469,0.8106734457296,
SLC5A2,12607,-0.678024644757777,0.810686485748122,
NKTR,8973,0.0485618835993201,0.810820668045855,
MCEE,7900,-0.243646729310117,0.810840570225526,
S100B,11819,-0.26827297480874,0.81088453496976,
ITIH4,6763,-0.120139068965099,0.810886982850043,
VPS72,15149,-0.128390970440391,0.810946571036758,
RABL6,11041,-0.124660291939437,0.811035705884681,
NTM,9217,0.161289838494892,0.811131484182387,
MAGI1,7732,-0.127123302040009,0.81118323413503,
CSTF2,3211,0.106378881100362,0.811189042546876,
USP6NL,15020,-0.0718192239216031,0.811252542077462,
UNC13A,14915,0.696626987975787,0.811590099560819,
LAMTOR4,7266,-0.0909189892735567,0.811886959175173,
IL22RA2,6545,-0.693275568229665,0.811938889013989,
IGKV1D-16,6443,0.354924596760178,0.811997341993347,
LSG1,7612,-0.0966083820908244,0.812005908952854,
KRT14,7193,0.358397846944388,0.812014412293497,
EDEM1,4032,-0.102498808534572,0.812139633717235,
KAT8,6847,-0.134230214507914,0.812163892530448,
XXYLT1,15363,-0.105192470596615,0.812247164538807,
BPHL,1463,0.158641627241785,0.81224971920153,
HERC4,5898,0.664031153628334,0.812267075339114,
LCLAT1,7301,-0.052135766345961,0.812343351771608,
IL9R,6570,0.413639718316905,0.812413224785638,
RNASE4,11457,-0.091183312759401,0.812418929808165,
CFC1,2557,0.406061112826096,0.812448259696317,
SLC45A3,12583,-0.187691359419157,0.812541493087916,
HDAC2,5850,0.0657248493612157,0.812610821230242,
SMAD4,12698,-0.24172931161457,0.812610963128071,
PIGX,10031,-0.0771321220793045,0.812655076674391,
POLR2I,10349,0.0897773221887878,0.812887791940548,
RIOK2,11428,-0.194855766457971,0.813009749261658,
HOXC10,6140,0.340385300458803,0.8130627484614,
ACOT6,178,0.693198689744443,0.813097262606217,
A4GALT,15,-0.128041961064458,0.813122970532516,
SLCO1B1,12657,0.64086862837545,0.813140627146209,
UAP1,14762,-0.0682076599517464,0.813143110706298,
CKMT2,2715,0.374478422723205,0.813225220126914,
PEX16,9878,0.348077892308462,0.813352836105835,
HS3ST3B1,6183,-0.200741337155275,0.813535101733373,
ACTB,210,-0.0412018985502629,0.813591647964468,0.937954942724751
SHMT1,12266,-0.271790005140237,0.813681707007866,
SLA2,12342,-0.319339741042632,0.813689486853506,
PGPEP1L,9929,-0.676923192443608,0.813712488809084,
WDR34,15228,-0.235479231670897,0.813832092160071,
ISL1,6716,0.187188270180495,0.813873805608742,
PTEN,10807,0.210650039338023,0.813981930823081,
RAB11FIP5,10961,0.100018379682572,0.814064083861423,
SMAD1,12695,0.560115220554673,0.814211672015784,
HOMER1,6114,0.192139412811361,0.814218873284976,
SCO1,11948,0.098539456659647,0.814338344993852,
CCL19,2136,0.22791840548616,0.814352035823414,
ALAS1,497,0.0657346294296986,0.814511611066617,
STMN2,13234,-0.25934229220314,0.814554981448996,
PRKAG1,10588,0.128392651718296,0.814562147802763,
CTLA4,3236,-0.184145303360549,0.814600067854237,
SLC12A8,12362,0.144496152285521,0.814750519914708,
ANKRD18B,646,-0.192313985228125,0.814795718431546,
LDLRAD3,7324,-0.213081086636404,0.814931430827876,
PLA2G2A,10118,-0.222237668275139,0.81498093344912,
RBBP4,11163,-0.0729107404669795,0.814986073302383,
ZNF155,15637,0.253864624018126,0.815003555413676,
GTF3C4,5729,-0.116380377832549,0.815009563639935,
ESR2,4386,0.39417204434623,0.81505775774666,
FAM117A,4515,0.0991692710899096,0.815170008802202,
FCGR1A,4789,-0.235425371577973,0.815185418306683,
UCP2,14867,0.068197344976564,0.815296049721192,
TSPO2,14602,0.677191736058295,0.815357598262444,
FGF13,4850,0.363539597643222,0.815446884750935,
ATIC,1097,0.126567304737702,0.815530045334774,
ANKDD1A,621,0.316412864687227,0.815548283755452,
MRGPRE,8297,0.608664390323731,0.815609653381032,
TATDN3,13504,-0.165723448313311,0.815631033626731,
APBA2,762,0.22183517671354,0.815698350942331,
EMC10,4212,0.0480113051096739,0.815717107864794,0.939063774674592
LBX2,7295,-0.305881385919815,0.815808911061249,
WDR5B,15247,0.371392015126978,0.815895445789687,
TBX19,13565,0.259791190726552,0.815955224372059,
PHF8,9963,0.0547729512564743,0.816066716744499,
NIPSNAP3A,8955,0.615080119292386,0.816076091742718,
ZNF679,15958,-0.676419872106331,0.816146791095344,
FITM1,4898,-0.508916336447261,0.816251166208045,
PPOX,10452,-0.146978045310368,0.816254459359252,
RAB1B,10970,0.137389022963765,0.816258274879529,
CEP104,2482,-0.137234287659236,0.816351602119746,
PPP1R26,10477,-0.135717631997397,0.816437737351916,
RNF20,11514,-0.0815333004658138,0.816452429039148,
DCDC2,3475,0.13925058536352,0.816477517254218,
ANKRD12,638,-0.0882578003337508,0.816533927820235,
GZMM,5767,0.530589237572828,0.816600981962708,
OSBPL3,9442,-0.0610767504098431,0.816737964594583,
MYCBP2,8554,0.0451613932134545,0.817024890828436,
GPSM2,5608,0.118830130905536,0.817102257712692,
BMI1,1425,0.0989589904333751,0.817206033092465,
SUPT5H,13326,-0.0704297044915134,0.817221871049213,
WNK2,15294,0.219439387366822,0.81733711179747,
KCNK2,6906,0.321296478707981,0.817416128005311,
ICOSLG,6295,0.592133646550383,0.817424898959073,
PCDHA8,9672,-0.670773763793187,0.817447524704087,
TMEM238L,14037,-0.370445488169185,0.817468486480636,
SNX29,12860,-0.0872176668795037,0.817508045957791,
TMEM51,14088,-0.142268724699211,0.817573163145345,
KIF9,7054,0.623318238021195,0.817626180759307,
ISCA1,6710,-0.0985123103816204,0.817758685117859,
TNFAIP3,14165,-0.106189822326328,0.817777779255929,
HOOK1,6118,-0.112353812878638,0.8178733000583,
MTPAP,8489,0.0882747436846993,0.817915161008489,
ATXN3,1196,0.0972923908512999,0.817944636126305,
IL7R,6568,0.227915542685314,0.817982265594703,
PPIH,10432,-0.206666619417803,0.81800200605746,
NKAIN2,8960,0.667806335079008,0.818034120763708,
AK5,450,0.298484150850993,0.818061777587968,
SRSF6,13111,0.0427641629909389,0.818066219190041,0.939391844846
PLCG1,10157,-0.165152072603571,0.81820533843481,
SAP130,11857,0.12178837070094,0.818292749683366,
PPP2CB,10495,-0.103068284175269,0.818307028219348,
SFXN1,12179,0.129580676621167,0.818308242546954,
MX1,8535,-0.0693143812683881,0.818330194456924,0.939391844846
WDR36,15230,0.0643519446953306,0.818465294058942,
LATS2,7288,0.108032936015347,0.818504486054582,
BRI3,1484,0.217806459420777,0.818504705889819,
LAS1L,7283,0.235590354421974,0.818551173569489,
FAM47E-STBD1,4635,-0.0646869823773279,0.818623112991322,
CDC26,2316,-0.141711144752338,0.818648603250691,
ZSCAN25,16112,-0.0925234899466996,0.818662999849215,
HEXIM1,5912,0.0565046979364357,0.818696980219513,
PLA2G4C,10123,0.157788384244253,0.818714518161012,
CEACAM7,2434,-0.670059050730266,0.818810290822882,
GAB2,5117,-0.109302139225942,0.818847941425706,
SMDT1,12730,0.225498519730897,0.819089206597096,
RGS4,11366,0.218347314379528,0.819133701503776,
IL17B,6521,0.667389326447922,0.81914067722064,
SLC2A2,12491,-0.445062973376039,0.819140917250527,
ZNF496,15829,-0.0753190683051451,0.819237574228386,
PLPP6,10231,-0.350590492457941,0.819240687887395,
SLC29A4,12485,0.235564889064096,0.819301052629918,
PDS5B,9827,0.120079441179532,0.819574020936659,
TRAV4,14383,0.286653274032651,0.819622709369885,
NDUFC1,8812,0.106250606479215,0.819706738919806,
UBA5,14767,-0.076479687593753,0.819718983909628,
FURIN,5068,0.201604911177074,0.819773384791955,
SLC7A6,12635,0.135366161546226,0.819797397133069,
MYO5C,8597,-0.114044857382063,0.819905785618305,
COG6,2917,-0.102071283046359,0.820028065975548,
TRIM74,14498,0.361388393337839,0.820117784186419,
RC3H1,11233,0.0476554049007688,0.82012949268384,
GPR119,5543,-0.414187528479649,0.820146094729409,
GPR180,5568,0.194946706617048,0.820152302828195,
CXXC4,3330,-0.170844025582244,0.820167672206753,
GDF10,5255,-0.261071677192384,0.820177921080797,
SLCO4A1,12663,-0.335212353073871,0.820286725003257,
AGPAT2,406,-0.125011262948204,0.820359754251082,
ASRGL1,1052,0.11659975188516,0.820414121581505,
TNFRSF11B,14176,-0.422149068050075,0.820425124163739,
CPA3,3044,0.203495106755433,0.82052043516019,
DERL3,3606,0.172206570256548,0.820597132249805,
PUS1,10897,0.099197016929979,0.820658650083114,
SUGT1,13300,0.059821091102013,0.820752345742953,
SNRPD2,12829,0.0559864299491037,0.820756252874265,
DIO3,3678,-0.222446871661424,0.820770156637638,
ZSWIM3,16121,0.267907753540179,0.820907909162704,
CLEC4F,2770,0.277555987378436,0.820918478895604,
TRAPPC12,14347,0.0849641676927094,0.821040456361391,
ZBTB21,15435,0.24518138728454,0.82108612123477,
DNAH11,3751,-0.387552181750457,0.821132744113374,
MMS19,8206,0.106872033828372,0.821154992284675,
DNAJC10,3776,0.0738561639339615,0.821220704952667,
GLTP,5392,-0.0798340381136835,0.821281879674881,
NAB2,8645,0.228335970888134,0.821293405175826,
JOSD2,6818,-0.137465812657311,0.821293819185221,
MRO,8303,-0.253152838781198,0.821418385656467,
RPRD1A,11648,-0.0558222333332874,0.821425230491862,
CBX4,1994,0.0439989941521029,0.82153207896038,0.941727823467368
C3AR1,1722,0.164800707040894,0.82157142724362,
GRSF1,5668,0.373673375471314,0.821603764442336,
PTX3,10889,-0.257070551447263,0.821612081567496,
MPPE1,8276,-0.195986135468064,0.821641752391873,
TMEM121,13935,0.655820941806279,0.821648424978747,
TPRA1,14305,-0.334487105590787,0.821671617854863,
EIF3D,4140,-0.10089189594155,0.821690825630711,
ZNF101,15613,-0.073451865413106,0.821774399485099,
ZNF699,15973,0.171196603860387,0.821804308816624,
MOB2,8219,0.102909532540921,0.821847720812989,
EFHD2,4077,0.0626183508867748,0.821865790341684,
SLAMF8,12348,0.133996365806366,0.821904174130669,
TMED7-TICAM2,13912,-0.195596045495689,0.821945645638476,
CD52,2275,0.098136836088194,0.821999787247072,
ZNF740,16004,-0.146016681074122,0.822001364057083,
ANKHD1,626,-0.0527186901456223,0.822023161892369,
GRB10,5627,0.113019979850446,0.822072793346422,
MASP1,7856,0.659204791805353,0.822148896569496,
PSMB8,10752,-0.047859676653594,0.822237191065823,
NRAS,9150,-0.211191896692383,0.822238851690101,
PTPRN,10874,0.621379524657908,0.822297114622473,
ZNF331,15737,0.139628392659232,0.822304779698852,
METTL4,8037,-0.17793607112745,0.82235904126485,
NEK3,8852,-0.209324139279203,0.822372399354932,
TRAV6,14386,-0.651835799263496,0.822505879758905,
DRP2,3902,0.515967785948643,0.822540528922538,
DDHD1,3514,0.146146615277217,0.822543733299758,
BLOC1S6,1419,0.116282358045652,0.82257621175359,
MECR,7954,-0.193352842424339,0.822578508485459,
AMZ2,594,-0.0902071942147921,0.822649937941536,
ZADH2,15413,0.104132415520785,0.822795378241655,
SPICE1,12990,-0.0692986243866558,0.822820842388897,
ADGRE1,308,-0.256309574902452,0.822921866424272,
C2ORF42,1707,-0.186506964661708,0.822925946829298,
CD69,2283,0.116754729225921,0.822945467132721,
TAFA3,13457,-0.64989641698397,0.822952371457497,
UHMK1,14898,0.0634239427396376,0.823000849385331,
FOS,4976,0.0995736960406542,0.823005707484099,
NGLY1,8921,0.0965751593300125,0.82301938935261,
TMEM31,14068,0.653484925345832,0.823026364329661,
HS1BP3,6178,-0.10350042733712,0.823085533548489,
FAM167A,4561,-0.224520444944608,0.823110443125936,
REP15,11290,0.210936632524731,0.823112425826549,
OR1J2,9391,0.440394877579227,0.823124074723786,
FUZ,5081,0.140062176150976,0.823171633691671,
TRIO,14501,0.129417291702001,0.823200924815933,
MTMR10,8475,-0.171978991863367,0.823292922656515,
NKRF,8972,-0.0893979046921137,0.823311801673042,
TAS2R30,13490,0.158696708161031,0.823494610715289,
ARIH2OS,930,0.268435081698851,0.823542061884763,
SEZ6L,12152,0.296159049239463,0.823853411596239,
TRIM52,14484,-0.102543448491268,0.823854486926505,
NAGLU,8660,0.108778636949188,0.823908402198638,
ASB3,1020,0.226543194331045,0.824001258765396,
ACD,159,-0.184991210447739,0.824046280532834,
PLXNA1,10247,-0.092083349018356,0.82408659612735,
KCNE2,6877,0.644069722638885,0.824108835312819,
ZNF177,15645,0.186767127964781,0.824321152357115,
ZNF764,16013,-0.171708101304621,0.824355350848557,
C16ORF70,1601,0.164309381969035,0.824405866343783,
TBL2,13556,-0.122756781057377,0.824485137579319,
OR2AE1,9396,0.510864318568822,0.824539075445044,
ARHGAP44,885,0.125789507792901,0.82461323849507,
DDB2,3512,0.125577363986248,0.824715061213466,
HECA,5877,-0.0723231880128221,0.82472479978373,
CCR9,2200,0.344340235775309,0.824815664716204,
PCDHGA10,9692,0.111957718045579,0.825021747333176,
GPR135,5545,-0.180768802761449,0.825028114029628,
KIAA0319L,6986,0.169498370908076,0.825047480526652,
OR52N5,9411,-0.646021058170521,0.825093350468368,
CYB561A3,3333,-0.110567456954834,0.825233992563362,
ADGRG5,320,-0.17325267442662,0.825251733043225,
DARS2,3439,0.195732189336462,0.825301739893019,
PAPPA,9579,0.200825211063148,0.825333850532666,
GAB3,5118,0.145922364975623,0.825359216486457,
ARHGAP22,868,-0.187832131939514,0.825498715580442,
NFX1,8912,0.130728112206493,0.825562867455362,
CHCHD3,2592,0.0715368311240646,0.825569764504802,
KHDRBS3,6979,0.159724022534469,0.825601175387402,
AZGP1,1218,0.221245538729332,0.825718043589308,
FOXS1,5014,-0.352747143303313,0.825718672911713,
RUFY3,11777,-0.144316062414849,0.825812603159771,
POTEE,10389,0.594551754667391,0.825837550143409,
SMPX,12775,-0.383345246667543,0.825839097641127,
KIAA1614,7011,-0.224151372977965,0.826035575451582,
IGHV2OR16-5,6405,0.63934781089143,0.826066067073803,
SIGLEC12,12287,0.189014487516087,0.826102853408887,
GRPR,5667,0.471911376950686,0.826153872009368,
CHAD,2584,0.328034760148414,0.826188944904884,
FEV,4831,0.638219229710428,0.826202734176036,
FARSB,4694,-0.0733003861498917,0.82624180348578,
STK32B,13223,-0.199899108352474,0.826307375459979,
GLRX5,5386,-0.090601806155575,0.826434731946023,
CCDC47,2086,-0.045946469695525,0.826510733058427,0.94609100933071
IQCG,6670,0.141947706347221,0.82659415805446,
CDC6,2335,-0.183191167960272,0.826634920748375,
WASHC4,15197,0.109608277981939,0.826745334784572,
PLPPR2,10234,-0.209756415492494,0.826770549107032,
IGLV4-69,6480,0.342397309883978,0.826813265627767,
TMEM38B,14074,-0.22669035021368,0.826828570313328,
RARS2,11123,-0.0681241324964828,0.826862044956676,
PLCH1,10159,0.180224580122919,0.826884269661784,
NLRP12,8992,-0.178415770996102,0.826959028689886,
RBMX2,11220,0.125765454323995,0.826993270132478,
TTLL10,14665,-0.204382188500742,0.827002524376501,
CCDC18,2059,-0.168869003924393,0.827007623612086,
ISM2,6721,0.635634889928203,0.827118311899841,
PPP2R1A,10496,-0.0727641168415972,0.827124403217613,
GAP43,5182,0.293270986573107,0.827142385867805,
HIVEP1,6021,0.164772319309347,0.827230286726279,
ZZEF1,16137,0.103009550396839,0.827278011399219,
MTLN,8472,0.177488926682688,0.827289335306614,
INTS9,6649,-0.163285862596827,0.827335025588243,
RAB3IL1,11002,0.16532198145139,0.827488615095831,
IFT27,6350,0.157047794143658,0.827534590757429,
SAP30L,11862,0.133080652930596,0.827540131827097,
MYO7B,8600,0.157261163930207,0.827559771450924,
HBS1L,5833,-0.115589192570205,0.827590690973089,
DTNBP1,3922,-0.0564611327279945,0.82769999242413,
BICD1,1391,-0.0598835493652957,0.827707778307415,
PCDHGC5,9712,-0.28292075479305,0.827791897393003,
GGACT,5295,-0.201425392733597,0.827860272342966,
BCHE,1323,0.230224846354793,0.827878638979312,
OGFOD3,9353,-0.101928248586278,0.827986234395245,
SAMD11,11842,0.155630863903439,0.828003883684245,
EIF2B5,4130,-0.20951967565125,0.828073604647046,
CEP76,2509,-0.161548665416642,0.82808390251559,
ACP5,188,0.097896537768771,0.828148504874408,
APOC3,799,0.232151636568434,0.828186159793951,
TMEM61,14095,0.632882842522569,0.828246616068232,
AIMP1,440,0.117790210924507,0.828276970888157,
IKZF2,6504,0.151570586883056,0.828308243778873,
TMED4,13908,0.0500107149043877,0.828318713244645,
ZGPAT,15577,0.0646587502285232,0.828402460808958,
FAM102B,4502,-0.0815556887745063,0.828525351596815,
FAM153B,4544,-0.140977798261666,0.828541719178565,
RBM4B,11211,0.110397292337916,0.828598715078459,
TWIST1,14721,0.199996861041473,0.828642299047645,
OGFOD1,9351,0.1243130379095,0.828749545907126,
TWISTNB,14723,-0.176535250802171,0.828756022092135,
TIMM23,13814,-0.0902275895667164,0.828832223293764,
OVCH1,9478,0.629477852594961,0.828882563077911,
OSBPL6,9444,-0.198796729780535,0.828891830476955,
ROCK1,11558,-0.172256762114074,0.828907987595692,
PLEKHG1,10188,0.13481599500019,0.829112762712119,
PLD1,10166,-0.0875394475867171,0.829121478506342,
CACTIN,1836,0.127863031918098,0.829209064055698,
TRIP4,14507,0.124641896546356,0.829264760222465,
FBXL18,4731,0.097954814834651,0.82929566559571,
SLC35F6,12537,-0.103529521711677,0.829369747291575,
ILK,6575,0.0435518456975518,0.829425714750841,0.947517625582544
FIGN,4891,-0.211249194092009,0.829470406615311,
ZNF587B,15900,0.0740056500671485,0.829475231773487,
PARPBP,9613,-0.191884725102501,0.829498141422695,
ENPP7,4265,0.627235666544304,0.829503948130432,
DSE,3907,0.116025571323804,0.829580192141,
PRSS50,10709,0.302483042215863,0.829585633525372,
TAF13,13436,-0.163591528656754,0.82960725067957,
ASTN2,1056,0.185379805579291,0.829984722010932,
KCNA3,6865,0.232234286698799,0.830033498165032,
PIWIL1,10084,0.629244216201139,0.830051752033607,
ADAM15,243,0.0631446114745683,0.830143123678447,
VWA7,15178,0.555247725096724,0.830168512079615,
PTGIS,10823,0.130190374161673,0.830262606465517,
GAPT,5184,0.41561174828266,0.830297101358266,
SH3GL1,12228,-0.074932669563552,0.830339274472836,
IGHE,6385,0.621600101305011,0.83039643793373,
F12,4468,0.222825943790429,0.830431699339798,
TIMM17B,13811,0.190455457117074,0.830460858823306,
PARD6B,9593,-0.233263715859104,0.830688590563922,
ZNF277,15704,0.124794545641035,0.830690547021981,
SLC19A1,12390,-0.12538045607878,0.830747488038984,
B4GALT7,1253,0.0692986437232344,0.830771784410956,
ELMO2,4189,0.131852742864785,0.830800079627215,
TM4SF5,13879,-0.12709741101518,0.830825944495717,
RALGPS2,11082,0.0705638132017677,0.830864557687331,
IGKV3D,6448,-0.191869071889086,0.830925249780685,
FAM110D,4510,-0.2756730819614,0.830954768683372,
SUCNR1,13293,0.163386857547529,0.83103886929802,
FUS,5069,-0.0334319059333438,0.831110439838777,0.947517625582544
CCDC157,2046,-0.161045322537197,0.831170529082294,
UTP20,15032,0.479980333849312,0.831239119911521,
HNRNPC,6096,-0.0352914147548959,0.831279403856804,0.947517625582544
FAM200B,4590,0.102516181020934,0.831292776824672,
PPP2R2B,10499,0.457438431944227,0.831317198402946,
WTIP,15317,0.313645732224169,0.831322511487597,
JAG2,6793,-0.135583025670325,0.83136361590036,
FAM110A,4507,-0.19900734088438,0.83139699035197,
C19ORF12,1625,-0.200499362074376,0.831467878266179,
PTPRQ,10876,-0.40053895049592,0.831526684803991,
EIF4A2,4151,-0.0559564019417719,0.831548700209416,
ARMC7,965,-0.216331959447336,0.83158534489767,
IL1RL2,6538,-0.455865045708616,0.83160020612702,
HOXA10,6123,0.185487934797973,0.831722601159145,
PAM,9563,0.0812840719642689,0.831782718824169,
ESPN,4383,-0.193820185545081,0.831802104285166,
CPOX,3070,0.227238832953453,0.831865409497484,
CCDC153,2044,0.503368299038272,0.831883360288101,
OXCT2,9485,0.176538156769611,0.831916882153292,
ZFP30,15545,0.107425236221225,0.831935468034554,
VPS33A,15130,0.103383462529239,0.831963633940347,
SIRPB2,12315,-0.129738131106962,0.831993524001312,
UBTD1,14846,-0.121168483569212,0.832065979800723,
HOXA2,6125,0.197656844899665,0.832102754317265,
ZNF600,15909,-0.343180146293856,0.832117772931303,
ECD,4008,0.107728376918882,0.832432480177259,
SLC35A3,12517,0.0701512510429729,0.832449500490128,
AHSP,431,0.264330965219307,0.832497561985381,
IL4R,6562,-0.0737541231917552,0.832540687273819,
SLC34A1,12512,-0.427683545743709,0.832574911810162,
MTERF3,8452,0.0690585213455913,0.83260533903173,
TVP23C,14717,0.0390149308255838,0.83262259700143,0.947627097815723
C1GALT1,1639,-0.124034815413073,0.832630696054333,
MED8,7984,-0.117102840512432,0.832668233972535,
CSMD2,3181,-0.27278962533074,0.83267984957662,
RPL36A,11620,0.0795190636582245,0.83272637607878,
FAM25E,4625,0.612233767333494,0.832784655585306,
HEPHL1,5894,0.613151973134458,0.832878222101998,
SLC19A3,12392,-0.201681321451847,0.83290887357856,
BRF1,1482,-0.110819013306962,0.833018013731779,
SEC14L6,12002,0.278900971552459,0.83315391643036,
LRP3,7530,-0.163554308238069,0.833165507182039,
TMEM99,14126,-0.1549158071834,0.833285318562322,
BEND4,1368,0.346051168255091,0.83329322246876,
DTWD1,3923,0.161292884980083,0.833403431144663,
MPV17,8280,0.142841762249933,0.833407326967788,
ITIH2,6761,-0.380231016552599,0.833465395226205,
DNASE1L2,3808,-0.237971072414358,0.833633547034057,
PIH1D1,10034,0.162032807677763,0.833722955274634,
SET,12136,0.0482097722260287,0.833745028627806,
DISP1,3693,-0.135033102547182,0.833747793049737,
LCAT,7298,0.163428331029302,0.833796985822457,
SRP68,13088,-0.211867828529948,0.833808870294753,
ARHGEF18,902,0.0889229536618382,0.833866814970134,
FAM50B,4639,-0.285104391244531,0.834045622125821,
SPTSSB,13057,0.209096570585709,0.834046094115782,
DIABLO,3670,0.235638062694284,0.834151923108458,
RNFT1,11544,0.153295477141483,0.834163336291535,
CXADR,3300,-0.111279322727909,0.83417410548303,
DIRAS1,3686,0.392928053442561,0.834196811079591,
TSPAN5,14595,0.129318671443375,0.834198420009112,
CFAP161,2536,0.608871895994811,0.834241131894468,
PSMD8,10773,-0.110791734106781,0.834273063484655,
LSM8,7624,0.153457385712811,0.834277728795931,
CARD8,1915,0.047994094095578,0.834302314561984,
PGM5,9926,-0.15347150527561,0.834366922725636,
AGER,393,0.17056877949696,0.83440491002075,
RNF207,11515,0.13509421898777,0.834431661196583,
RAI1,11071,0.0680173049518156,0.834438568394793,
DOCK5,3836,-0.0756205820797105,0.834522863724103,
PELO,9857,0.0695918249046431,0.834561734247499,
MCF2L,7903,0.0836920434931048,0.834609033450342,
RASGRP3,11139,0.116179838201247,0.834642724728484,
PLEKHH2,10197,-0.109549811808341,0.834647962044491,
DPH7,3867,-0.104388389705015,0.834650671368498,
KDM5C,6965,0.0497686192659668,0.834728207841136,0.947627097815723
HEATR3,5870,-0.139376394054113,0.834805036598609,
TMEM132B,13947,-0.280802273446088,0.834860350014663,
CYP11A1,3356,0.306966547245427,0.834867323456812,
KNDC1,7167,-0.523249166268233,0.834890318963996,
FAM156A,4546,-0.0342198582242828,0.83489822372612,0.947627097815723
MFAP1,8048,-0.134921350668196,0.835001182399516,
PKDCC,10095,0.122194864112806,0.835126592251766,
KCTD15,6936,0.152080971805961,0.835138979358567,
NAPSA,8683,-0.355290926628777,0.835189878144046,
LRRC47,7570,0.0620094098034451,0.835217181406957,
SCRN3,11957,0.186543328448981,0.835224391999019,
CDK20,2379,0.156476469106088,0.835334910475745,
TAX1BP3,13506,-0.077327310778233,0.835368707610402,
RAB37,10992,-0.163770611005355,0.83538589073923,
PIP5KL1,10071,-0.299169805600602,0.835387123275097,
SPATA25,12950,-0.219641381510125,0.835414192749443,
GATA4,5204,0.215104538733832,0.835580767131236,
ABHD5,96,0.104031340236427,0.835749978441655,
HMGN4,6076,-0.0567398739361371,0.835784829209746,
NDUFA13,8782,-0.0545450136844911,0.835812089344725,
BGLAP,1382,0.36326029102227,0.835820199745972,
TTL,14663,-0.104497755022304,0.835863787149452,
NEK7,8856,-0.108597951804528,0.835997509613407,
TNFRSF6B,14189,0.278132860911391,0.836097695424171,
RNF170,11503,0.098285174625156,0.836182512133058,
DYNC1H1,3965,-0.13790758519816,0.836192173278532,
MICA,8100,-0.151343771874795,0.83628123086663,
ZNF268,15699,0.114336442616178,0.836498223355936,
DUSP2,3948,0.440107902124671,0.836543510887507,
HSD11B2,6192,-0.278659275435501,0.83656265565482,
C16ORF91,1608,-0.195240601811074,0.836669499173797,
VPS11,15117,0.12167064278811,0.83669259424661,
BAG6,1271,0.0588198964716568,0.836717902939947,
TMEM156,13966,-0.251741074729308,0.836741807913122,
SDF4,11979,-0.0459082544413519,0.836742290684742,0.947850798431949
COL28A1,2940,-0.212367848132792,0.836763701991786,
TXNDC12,14733,0.0976062511593894,0.836791757823122,
ILF2,6573,-0.101676001506972,0.836895987458372,
TUBB2A,14689,-0.142438635916255,0.836941518048904,
GPR150,5554,0.383952394860807,0.836942597011797,
NUP62,9289,-0.102579333649375,0.836962957568171,
UBE2H,14797,0.0567054423727599,0.837125248484905,
PIGM,10020,-0.162946692925122,0.83718387612429,
AP2M1,743,0.158624142535291,0.837253334941575,
PGGHG,9917,-0.0749996647054822,0.837444385727361,0.947850798431949
TRBV7-9,14420,0.59765775945348,0.837449990499786,
CMTM8,2844,-0.110747810034834,0.837455166602993,
NUTM2B,9300,-0.170747391880156,0.83745895016921,
TUBGCP4,14701,-0.122471054462834,0.837539778517331,
ZNF222,15670,0.17950833203907,0.837548651744166,
ETV1,4407,-0.294180772615657,0.837580525502139,
EDF1,4035,-0.0419102837427898,0.837613058251079,
SERTAD3,12129,0.116598866086089,0.837628670164909,
ZNF799,16043,-0.134140762155477,0.837658481275062,
INSYN1,6633,0.171605629272644,0.83769121833476,
TRMT10C,14516,-0.282596314159545,0.837696305209358,
CCDC180,2060,0.173863494629897,0.837749753022975,
DOK2,3843,0.0951468081611302,0.83785446030101,
APOB,787,0.193150850062934,0.837930499766743,
DDX19A,3534,-0.0837247246216722,0.837965697394051,
GPAM,5504,-0.222741780367601,0.83798715089442,
GOLGB1,5479,0.0786727318437621,0.837996212747964,
PIK3C3,10039,0.151615158959296,0.83810749082965,
FERMT3,4829,0.0926354361678402,0.838179332945753,
IFT46,6352,0.191333916382072,0.838298899534575,
SAE1,11835,-0.0631309779369214,0.838358533300337,
NUMBL,9272,0.263132554863591,0.838363018337003,
CYP4F22,3392,-0.412298379750632,0.838500632305497,
TANC1,13465,-0.185751808421177,0.838599560156484,
IFI44,6324,0.086621855325037,0.838605592079817,
PMM1,10264,0.152531751059384,0.838622891651257,
ACAD11,140,0.163488785231567,0.838630021279094,
AIMP2,441,0.0905344941048396,0.838652210563366,
RASAL3,11131,-0.150107982181137,0.838742118881579,
PARP2,9607,-0.0894908963044169,0.838791328136998,
MT1A,8433,0.404127511640915,0.839061924048977,
SHC1,12245,0.0710982152912848,0.839070306037711,
MKNK2,8151,0.0469857651180741,0.839221111169868,
HACD2,5788,-0.161961939285416,0.839226179764229,
LIPA,7430,0.124024411131036,0.839304588656039,
NFYA,8914,-0.0841429302450326,0.839341356177522,
SPRYD3,13039,0.0804195849832984,0.839370937128737,
TBK1,13551,0.143240425680935,0.839439473931173,
C16ORF46,1598,0.37537391709438,0.839442615134819,
ASAH1,1012,0.24779475716057,0.839562029653258,
NDUFS7,8821,-0.127478967701432,0.839601511279693,
CCL24,2141,-0.186494039919603,0.839603729963137,
CACNB2,1833,0.197144509227706,0.83960722750033,
CDKN2C,2405,-0.143591682811972,0.839612026007421,
TP53INP2,14278,-0.0988936163612522,0.839616622881629,
REEP1,11268,0.126807856128681,0.839750639493551,
MAPK8,7830,-0.0894383375294442,0.839786025923303,
NUDT11,9246,-0.402812026387424,0.839973391450666,
ANKRD33,661,-0.590383547278194,0.840062607370864,
HIPK1,5952,0.117049091744292,0.84007775592256,
MAP3K5,7800,-0.128253813488727,0.840092181309148,
CMC2,2831,-0.167259712806655,0.840131930617656,
BTBD16,1512,-0.245085201226318,0.840181504737571,
VIPR1,15101,0.254225640704696,0.840220664265637,
DDIT3,3518,-0.0505838482354786,0.840342639171597,
ACKR3,167,-0.145536832069758,0.840376253539794,
GOLGA6C,5462,0.436651975732313,0.840387862332122,
SF1,12154,-0.0760512760092476,0.840450767026121,
BBOX1,1300,0.344632930595943,0.840452264145955,
MRPL33,8330,0.0670182888123136,0.840464719251561,
RASA4B,11128,0.482167290215509,0.840530819087233,
CSRP2,3199,-0.233939123135424,0.840620429518108,
KDM5B,6964,0.0425891967367631,0.840683671885614,
CSNK1E,3184,0.183951091109257,0.840718944554958,
PDP1,9820,-0.0768501515682606,0.840839235488257,
IFRD2,6344,-0.161768189233711,0.840872606829648,
RAB11FIP3,10959,0.1315521430775,0.840892740350336,
LIAS,7381,0.179909310520278,0.840950705500561,
PRG4,10572,-0.202866006838302,0.841066778756246,
NQO2,9126,-0.0909768204865336,0.841089717514421,
AKR1E2,482,0.130110726184088,0.841096664178876,
ACADL,143,0.258408608646736,0.841189533552618,
NOP9,9053,0.149571762390831,0.841357004489813,
KEAP1,6973,-0.115442393433824,0.841403298806363,
GTF2H4,5719,-0.125928578713783,0.841432689671168,
LILRA2,7387,-0.135895623534273,0.841440166505653,
C2ORF81,1717,-0.262489038484975,0.841510596357536,
ENDOV,4246,-0.101632419856854,0.841522870755714,
SP5,12921,0.184072205025664,0.841559428324072,
CMYA5,2847,0.585219108131878,0.841566580052703,
SLC9A3,12645,-0.217093883252543,0.841593034684479,
TCTN2,13623,0.134446925025634,0.841594702348885,
IRF6,6697,0.0585226165866356,0.841608001995371,
LETM1,7345,-0.0786387916686503,0.841682922993878,
GSC,5672,-0.132798037717924,0.841728427979068,
PSRC1,10788,0.137865199792461,0.841729235530346,
PRODH,10629,0.191326990166529,0.841734144683409,
STK25,13219,0.0687077921015673,0.84180154649284,
BLMH,1412,-0.136524121433449,0.841822480148356,
ELMOD1,4191,0.581073153556668,0.841925264899924,
FKBP8,4914,-0.0588372553242406,0.842029626564247,
HACE1,5791,-0.137539495814184,0.842062062710345,
VPS25,15124,-0.0671027596308637,0.842239982134105,
TRAV27,14376,0.32738468344922,0.842268245514387,
CNOT1,2869,-0.0526220572103119,0.842280756011183,
NXPE2,9308,0.580347498026087,0.842283621909506,
PPT1,10526,-0.0695135470079982,0.842316082538175,
CLCNKB,2733,-0.357476696562164,0.842390128069164,
EMILIN1,4226,0.105275409044437,0.842652092263458,0.94957605624125
DCTN4,3497,0.0638003784056246,0.842659738130336,
RPL3,11612,0.0377171857829718,0.842689683906547,0.94957605624125
ARL17B,940,0.119342565827375,0.842816251768624,
SEC13,11997,0.0440775245673536,0.842973480571609,
DHRS2,3644,0.199634190464329,0.843085393770311,
XPNPEP2,15345,-0.20113961974267,0.843091644036945,
CHD6,2603,0.0797590270778683,0.843139935592519,
F11R,4467,0.070481574726168,0.843247424111338,
KCND3,6875,0.162175768275652,0.843290314058577,
DUSP4,3953,0.0669642534891961,0.843368374379192,0.94957605624125
GGH,5298,0.174892923103644,0.843457489355244,
TOMM34,14244,-0.183537203724391,0.843470318433552,
RTL8A,11758,0.0697766700029752,0.843494372492264,
MIGA2,8123,-0.230611471971456,0.843647110692967,
MYLK4,8578,-0.302808535727876,0.84366685850926,
NES,8870,-0.120233211445823,0.843674422213786,
TMEM123,13936,-0.034722125511044,0.84367538082401,0.94957605624125
UBR1,14840,-0.22709899537815,0.843751140733338,
CD48,2273,0.130713948704328,0.84393184406013,
SOCS4,12874,0.0873090176864072,0.843980100251045,
ETFRF1,4401,0.132068016874354,0.844017697223293,
LONP1,7477,-0.138616178444906,0.844052763401289,
LARP6,7279,0.128801639617148,0.844078166409812,
ZNF70,15975,-0.20137449908229,0.84409735589477,
ZFP36,15546,0.144684222734099,0.844334937417611,
CASZ1,1957,0.0794749473510207,0.844423105662342,
F5,4476,0.201144322387587,0.844452983072259,
IQCA1,6666,0.295854758257529,0.844488592206391,
ADGRF3,314,-0.431781803505057,0.844507325183136,
GCNT7,5246,0.572192549224431,0.844538607075355,
EFS,4088,0.245488149603573,0.84454912362051,
SRR,13097,0.18946543544574,0.844573112634581,
TMEM74B,14107,-0.222921572175762,0.84462114894602,
KCNN2,6916,0.17334103447931,0.844692123170992,
SETDB2,12148,0.147232106578673,0.844716348801758,
MKRN3,8155,-0.569505925598943,0.844755104457942,
TRIM23,14457,-0.0904305575481394,0.844835633032683,
FMOD,4951,0.124394347887754,0.844878660492438,
RAB25,10976,-0.0952354688620031,0.844945183155726,
CARS2,1927,0.0549183219437232,0.844981639139461,
RNF40,11536,-0.077048305708745,0.844987300242644,
NEK8,8857,-0.176361182439009,0.845071802181274,
ARHGEF10L,896,0.0695632031692205,0.845112827418613,
NFYC,8916,-0.12415002349234,0.845128615460638,
UBE2N,14806,0.140374123287695,0.845138461886782,
ZNF3,15719,0.458034316542476,0.845218495435841,
TRAV8-6,14391,-0.48381992459464,0.845298175819281,
HDAC9,5857,-0.0892720007662476,0.845316821093735,
CCDC158,2047,-0.331859457994926,0.845331208306202,
ATPSCKMT,1184,-0.0998459184488699,0.845339365011094,
NUDT13,9248,-0.288774592197769,0.845343166932362,
GSTT1,5702,0.141411258607213,0.845348426740703,
BRI3BP,1485,-0.092852340654228,0.84545395640401,
APBA3,763,-0.101547559903929,0.845491861986333,
TCF15,13597,-0.540635569265956,0.845498689381411,
ZC2HC1A,15466,0.0645844423157762,0.845502174223717,
SEMA4D,12056,0.0447902564106396,0.845533910585105,
DNAJC1,3775,-0.103157361034554,0.845772023371761,
SMIM6,12758,0.196760836389744,0.845920719412597,
ZSCAN23,16111,0.157309235527561,0.846100356502894,
ELF2,4176,-0.102071163389246,0.846108422033165,
CD59,2279,0.0609303290713169,0.846162947488617,
PDE4D,9781,0.147155293110719,0.846170539734864,
KPNA1,7172,-0.109867133495351,0.84618768330077,
LINC02693,7424,0.193858132142443,0.846328404616213,
C2CD4C,1700,0.263814053776437,0.84638659118988,
NLRP6,8996,-0.163427261257635,0.846436418524166,
VPS51,15145,-0.125288634395195,0.846526626240718,
KIF3B,7047,-0.0576413164253414,0.846604637978928,
DCLRE1B,3482,0.553352483162093,0.84665798499213,
EEF1AKMT4,4050,-0.1666669666079,0.846711910430578,
DOCK4,3835,0.197889412849059,0.84674873461053,
MTFMT,8456,0.143237834296375,0.846773284996118,
AP1M1,735,0.0994000606565923,0.84678322952617,
ABCG8,79,0.561342148107797,0.846793484054143,
IGLV1-47,6464,-0.264160133763698,0.847015395971321,
HMGCLL1,6069,0.307002995657885,0.847044604654208,
MICALL1,8104,0.0608779791197322,0.847078314682928,
TLNRD1,13860,-0.0847066932118525,0.847124336069237,
PDZD11,9833,0.24259438648756,0.847137538190701,
ZNF845,16069,0.146214636806785,0.847292434282863,
NUP155,9276,-0.134601055966964,0.847311564484582,
VSIG10,15157,0.112380291790147,0.847324635325383,
RTL1,11755,-0.537800923661734,0.847324898609305,
CERS5,2523,-0.0543884277691527,0.847327300113874,
HOXB4,6134,0.133369375593332,0.847333202647283,
MST1,8426,-0.12478082152968,0.84738576455113,
NIP7,8945,0.0987365364094891,0.84750525590875,
NDN,8768,0.171125319437353,0.847562469871028,
METTL15,8023,0.181469497825314,0.847579980357758,
WNT11,15297,-0.157886551195014,0.847601808996668,
GARS,5190,-0.0735581637456259,0.847700974846706,
CHMP1B,2626,-0.0796497087444093,0.847720019501433,
CH25H,2581,0.164681594853775,0.847810291159476,
FBXO31,4756,-0.090252490105728,0.847834010617821,
GPT2,5611,0.0988976884787732,0.847910234522204,
RFC4,11316,0.228462058748211,0.84793246291309,
RALGPS1,11081,-0.19344643561038,0.847971863258124,
COA6,2905,-0.107771659085057,0.848001711312714,
AP4B1,752,-0.161920324814294,0.84801719518567,
IGHV1-2,6393,0.256582822133467,0.848045253251601,
GID4,5312,-0.176457112284466,0.848068668036319,
RNF121,11475,-0.0383577327106308,0.848128017672808,
STEAP1,13201,0.165152602132687,0.848189526007473,
MYBL1,8547,0.147706847720735,0.848318058173712,
ALS2,560,-0.0841322859697094,0.848335441819869,
MTMR1,8474,0.156513957275093,0.848405551560803,
HMGB1,6065,-0.217021945139618,0.848476206973199,
ZNF572,15884,-0.202489518314515,0.848560244982585,
C17ORF100,1611,-0.41096510221388,0.848575818081973,
LINC01145,7420,0.123366415795475,0.848665557585485,
METAP1,8016,-0.0740782681844382,0.848681395486124,
PTGER3,10814,0.176326755681193,0.848757518199156,
UTP14A,15029,0.120637350482949,0.848958243090636,
MST1L,8427,0.07570304721958,0.848997043227308,
ODC1,9341,0.0667660756906176,0.849031397840913,
ZNF480,15818,-0.163222047114676,0.849122065265088,
C2CD2,1695,0.153470022555588,0.849131507005226,
EIF3G,4143,-0.026946638345827,0.84921234189183,0.9544768243826
NEK6,8855,0.044762615495887,0.849321151012519,
PMAIP1,10258,-0.277411294782193,0.849393455446777,
INAFM2,6591,-0.134253620411609,0.849553916471658,
UGT1A10,14882,0.140090317712301,0.849688455921169,
PHF1,9946,0.0712685697845822,0.84974729054901,
CIDEB,2688,-0.110429304578669,0.849771105858093,
ZNF652,15939,-0.0380431219647108,0.849819044068047,
KRT6B,7205,0.196852254547904,0.849905832581698,
EEF1A1,4045,0.06253808980694,0.849969630970551,
LDOC1,7327,-0.167285108131095,0.849978158461794,
GALT,5177,0.0963571631516404,0.850063683399742,
MGAT3,8082,-0.258960026757335,0.85014332702639,
LRRC14,7541,0.103887513907952,0.850146158070859,
CDX2,2422,0.130976343643784,0.85017563753566,
CSTF3,3213,-0.0555439185739939,0.850190880902992,
ZNF471,15814,-0.170203174503023,0.850203044599433,
EID1,4114,0.0664385802212083,0.850243453480045,
SKAP2,12334,-0.210860551235244,0.850265320862961,
MSRA,8421,-0.432642103086393,0.850268725449602,
CENPX,2481,0.130135167790691,0.850304675386661,
METTL27,8033,-0.176284936698961,0.850424075097834,
TLR3,13863,0.164147855317488,0.850558953375044,
GFOD1,5285,-0.0742671896866127,0.850566735648091,
DDR1,3524,-0.0976665101199859,0.850579513859566,
PXMP2,10916,-0.25118329868411,0.850650483013851,
ZNF738,16002,0.16371990837658,0.850779321256778,
DGCR6,3617,-0.101475443592825,0.85080484265582,
CORO6,3015,0.242481262329375,0.850971614118307,
ZNF230,15678,0.256574328440624,0.850980269576392,
NUFIP2,9268,0.063133593836453,0.850999697929813,
ZSCAN12,16104,-0.186733952220864,0.851020563843655,
PPP1R10,10456,-0.0449886930268093,0.851043979774332,
GNAZ,5426,0.106160754871002,0.851066286014105,
SLC30A1,12499,-0.0634227616180438,0.851186767775546,
REL,11279,0.0711675771508582,0.851243042226946,
SIGLEC8,12294,0.548617651844438,0.851270050455001,
CCDC88B,2115,0.0797936298150528,0.85146400292608,
GDA,5250,-0.0889259985689757,0.851555690945177,
PADI1,9532,0.154833295567829,0.851569537851797,
IL27RA,6550,-0.158880701084516,0.851594137339832,
FABP2,4485,-0.294619261122483,0.851603137797549,
CDK2AP1,2380,0.113064695345083,0.851754390126148,
PRDX3,10557,-0.0459025229267591,0.851756128461589,0.956004444601533
PPP1R37,10483,-0.0763786634967523,0.851773411352256,
ZBTB1,15425,-0.0824867285755522,0.851884500476371,
EPB41L4B,4289,-0.0700494756123881,0.852016026823265,
CCDC148,2038,0.183878599969338,0.852078177203192,
URM1,14956,0.059929910027214,0.852186854987882,
POLD3,10320,0.0961519898938703,0.85232416699031,
PHYHIP,9988,0.295526287101942,0.852497856103435,
KCTD1,6930,-0.185087196739281,0.852511706575191,
ZNF225,15673,0.0864524381493849,0.852756136352622,
CSNK2A1,3188,0.071970292110482,0.852759932176098,
UBE4B,14824,0.104148349698295,0.852818179783192,
UFM1,14873,-0.0713309894823785,0.852840421339267,
LYRM1,7683,0.165308099993862,0.852871077695505,
IGF2R,6367,0.0459955092913131,0.852994493366469,
RPL35,11617,0.0313405809984337,0.852995731728888,
MAN2C1,7764,0.0374970035968074,0.853046975146649,
CCL15,2132,0.213305574243777,0.85314870023676,
NLN,8987,0.0586775290504683,0.853260082336348,
ERI1,4354,0.163341423271149,0.853282953442465,
ZNF816,16053,0.104801694786631,0.853362081391186,
NAPA,8678,0.0885409197519164,0.853611832409871,
CHIC1,2616,0.175543261939936,0.853651788071965,
MGAM,8077,0.163797524085846,0.853660119601365,
TNFSF14,14197,0.195749512589367,0.853676848430783,
C1ORF131,1647,-0.092723079085551,0.853678926815544,
ZNF169,15641,-0.202848922572003,0.853723972799284,
TSSK3,14612,0.471941389136898,0.853734828356827,
IGLC7,6456,-0.330488001872291,0.853748917868375,
TRAV25,14373,0.537634746325561,0.853832017868928,
SPOCK3,13012,-0.275940498811297,0.853874592602022,
BTAF1,1508,0.0557614448799232,0.853882690475193,
TRIM28,14462,-0.0342544029585118,0.853914327740141,0.957095642342075
CCDC188,2065,0.210295734039232,0.853945049689226,
NLRP3,8995,0.115322649460546,0.853991502339928,
DESI2,3609,0.0994002001200755,0.854040294617267,
DDX6,3562,0.123247328956712,0.854128430390124,
TMEM266,14060,-0.495830593712199,0.854135012306058,
COPS7B,2993,-0.200845938421882,0.854330642422847,
CHRFAM7A,2648,0.237954717000393,0.854349829503916,
ZNF71,15986,-0.157567054842819,0.854417583310555,
PTPN12,10847,0.0899444724586586,0.854433137150673,
ADGRG2,318,-0.216389901849994,0.854449776372809,
HIST1H3H,5991,-0.130710591468494,0.854453081881316,
RALGAPA2,11078,0.412706324615661,0.854550846336115,
EML3,4231,-0.533918632966547,0.85457838900139,
ZNF84,16065,0.0988908351177054,0.854673097053142,
COQ2,3000,0.0958731208699249,0.854729519455493,
KLHL8,7138,0.184181808015617,0.854823235711251,
GCNT4,5245,-0.110202591734736,0.854840500435714,
PRKCB,10595,0.112791767584189,0.854885943839506,
FBXW4,4777,0.0696606314904,0.854921288555529,
GREB1L,5632,-0.21505476015416,0.854929988742916,
PTPN5,10858,-0.534319970181299,0.855004405432955,
MKS1,8156,0.12316829092971,0.855019738177512,
CR1,3089,-0.117842361025599,0.855123941512362,
SCNN1D,11946,0.13421782470307,0.855131504718986,
DEF6,3570,0.148847948397547,0.855132804018065,
CCDC8,2105,-0.16187597757264,0.855207684550347,
UBR4,14843,-0.038547277810094,0.855229121386186,
GET4,5278,-0.0882735461903794,0.855315870276387,
GET1,5276,0.114606029416383,0.855374417682776,
SHROOM1,12272,0.134591638248286,0.855479275226583,
AC010616.1,120,0.183299686432827,0.855495998893901,
LMAN2L,7444,0.0999509827274115,0.855594430717277,
SAP30,11860,-0.0770734937745706,0.855611625467024,
HSD17B2,6198,0.18336244846432,0.855629956985498,
CEP250,2495,0.121508348186238,0.85569421408632,
PCGF1,9716,0.137607133383198,0.855752718632388,
GYPE,5760,0.213022369621403,0.855818060741401,
SMIM20,12747,0.19029971585059,0.855944350697756,
RTL8B,11759,0.190623379461853,0.856081408038259,
COG3,2914,0.0681989058040335,0.856542794437868,
TMEM30A,14066,0.0633677165714685,0.856543681407139,
CLEC4G,2771,-0.343265963188887,0.856550226382149,
TMEM150A,13962,0.103697613750671,0.8565553509349,
NTHL1,9216,-0.133943762191983,0.856633514970721,
BTNL8,1537,-0.161750674161591,0.856712162528213,
WRNIP1,15311,0.0832421054891905,0.856718532815663,
THTPA,13780,0.0856204208132097,0.856785992609864,
ITPRIP,6779,-0.0982705995092074,0.856839492575474,
MED21,7970,-0.135603343870187,0.856900275325583,
SECISBP2L,12024,0.0513647025221719,0.857008483810871,
FAH,4496,0.0905313121009196,0.857050941263178,
PCDHA10,9662,0.45078620698537,0.857146366188757,
HELB,5885,-0.0937607682752201,0.857212797763565,
BRINP1,1487,0.370224881187703,0.857238904252294,
CCT3,2207,0.0549806067950729,0.857420286782025,
DHRS4L2,3648,-0.0898224944065367,0.857429488735775,
ANKRD20A1,648,0.209420727121141,0.857558201197088,
KLK7,7147,0.105854833766379,0.857590521172905,
C6,1752,0.18130287065533,0.85780385993747,
TDRD9,13637,-0.520500149409744,0.857816839093619,
GRK6,5658,-0.0676895185133569,0.857861736937881,
TOMM20,14242,-0.0575270401390213,0.858073732088981,
ARHGAP25,871,-0.0719289054217176,0.85808177484397,
FBXO42,4765,0.0759354895624285,0.858094827581293,
XDH,15331,-0.179051882625543,0.858142155293993,
ZG16B,15575,-0.144343354204884,0.858186754006373,
TTC12,14623,0.0376740568549129,0.85824502657378,
ZNF501,15832,-0.135504346023449,0.858337499915032,
SLTM,12687,-0.031302477341568,0.858634235304885,0.961051078905745
SGMS1,12193,0.119244727855311,0.858651759820515,
TRIM35,14469,0.234030501291603,0.85868617887739,
FTSJ1,5058,0.096455043814258,0.858723302483283,
PSMA7,10743,0.071714150483533,0.858891797745535,
SETMAR,12149,-0.147998240499818,0.858930991093933,
ZNF621,15924,-0.0809676216996182,0.858941975620224,
KDM3A,6957,0.159894020897328,0.85900384217484,
WDR86,15267,-0.173459028595201,0.859009580653551,
TATDN2,13503,0.13738432519721,0.859027016765883,
NR1H4,9133,-0.196792833979915,0.859169492812666,
NFKB2,8902,0.117963036302264,0.859189044226438,
SPRR2B,13029,-0.472312303220003,0.859402528040661,
C14ORF178,1590,0.248603143945487,0.859485550924716,
RASGRP2,11138,-0.161537547488631,0.859573516750232,
HS3ST3A1,6182,0.140941197717528,0.859587786318622,
GRB14,5628,0.305703062496338,0.859608846270632,
SEC23B,12009,-0.156643595274738,0.859611650016213,
CYP4F11,3389,0.148760576824773,0.859643726897927,
STX16,13266,0.0591469234988185,0.859731071049738,
PRDM11,10545,0.137323486554098,0.859785297976961,
SUCLG1,13291,-0.0502993721988982,0.859801990102295,
ZNF681,15960,0.147201903800726,0.85989799671616,
AGO1,401,0.0796012765352519,0.859939822305632,
NT5DC4,9210,0.295704375131632,0.859944093735791,
FAM86B1,4662,0.51330263961554,0.860059273009101,
SLC35E2B,12530,-0.0416859758288936,0.860090094467527,
TRAV22,14371,0.378152420804053,0.86012270520427,
ACKR4,168,0.248275358632826,0.860123976586817,
TRAT1,14359,0.228941124099748,0.860137451176075,
PRPSAP2,10659,-0.105507493705112,0.860213528962756,
ABCA4,43,0.382715881497912,0.860217875598806,
SBSN,11890,0.511601465624684,0.860274573289496,
TPRG1L,14307,-0.194952875774287,0.86028229023813,
WAS,15189,-0.103056917804152,0.860319617268936,
STAB1,13166,0.101156825637285,0.860366523987321,
COX18,3024,-0.0774346039617619,0.860402405685662,
PRR14,10663,0.110977067335196,0.860499685331011,
LIPE,7432,0.240214917317959,0.860551482890044,
OTUD6B,9471,-0.114954342651934,0.860580009181219,
WDR13,15216,-0.0683924611476876,0.860646574240308,
DRICH1,3900,0.229877730334003,0.860680800346371,
PHF12,9949,-0.0674844408879819,0.860690059297295,
PBX4,9638,-0.136657135996845,0.860842702994884,
DCP1B,3486,0.141013570650291,0.860857147168647,
MTMR3,8480,-0.211770793824354,0.860977445856921,
GORAB,5489,-0.164490209653081,0.861030124314299,
TRBV6-1,14413,0.510762887026559,0.861139610799784,
ZBTB8B,15463,0.379110399520238,0.861177713195002,
PIANP,9998,0.274611633037475,0.861275977331112,
ATP7B,1174,0.0908921034049062,0.861299984477673,
RHOBTB2,11389,0.16856180174685,0.861301692910015,
ADCY5,294,0.215121278143818,0.861336408816591,
RAB33B,10988,-0.0838687202754011,0.861346835358042,
ZNF415,15779,0.172506521226684,0.861377543462745,
ZC3HAV1L,15487,0.106067968900052,0.861435222107021,
C11ORF80,1567,-0.0735171818424439,0.861440791582583,
ARMC10,959,-0.156558240220016,0.861447742711629,
SPECC1,12976,-0.0874872919467011,0.861450612816544,
C5ORF15,1743,0.0585086577633818,0.861465496588854,
SFT2D2,12175,-0.0279577622789437,0.861486358825866,
ZNF768,16016,0.153742018999449,0.861592016891531,
CCR6,2197,0.143445147787963,0.861610096336024,
P2RY10,9499,0.281880328371851,0.861672402201951,
ZNF829,16057,0.335933116168385,0.862032116620003,
ZNF709,15985,-0.108407337294791,0.862144332069949,
RAD9A,11064,0.261486752936895,0.862435264664533,
GSPT2,5685,0.0841881660901896,0.862466469684971,
SOWAHC,12897,0.0660765175651969,0.862540725070843,
NPTX2,9119,0.189544509240179,0.862564066233314,
PLP1,10223,0.2836674288998,0.862682982593636,
MRE11,8292,0.0493445955820919,0.862753518332704,
UBE4A,14823,0.0672818952103063,0.862755508467031,
PCDHB3,9684,-0.149038242341808,0.862875743717705,
MYO3A,8593,-0.261725414337553,0.862887927760251,
KCNN4,6918,0.137249666485145,0.862903350182973,
FKBP15,4905,-0.148913428287295,0.862921373121759,
APOBEC3A,790,-0.145674181293318,0.862941636959011,
SRPRA,13093,-0.0706816904496415,0.863042085322016,
MNX1,8215,0.0943469481659936,0.86317289162185,
ARSA,998,-0.0469158771505681,0.86320715185602,
GPR63,5584,-0.164242070327189,0.863313857567512,
TREX1,14431,0.112418524772685,0.863334165019554,
SFXN2,12180,0.146587152216915,0.863335282110968,
CCDC25,2074,0.0831518055201639,0.863361747180097,
UBP1,14835,-0.0571072352284008,0.863367365815991,
KIAA1324,7004,0.301529598668806,0.863437009524458,
CYP2D6,3373,-0.154249161683825,0.863475265606821,
HEY1,5914,0.144725500561303,0.863516460678493,
DNAH10,3749,0.503717789475409,0.863564966439017,
BCL10,1327,-0.181377468858168,0.863567146956205,
CDC14A,2308,0.125293803850199,0.863568224041666,
PINK1,10059,0.0424570197130391,0.863643782705765,
ZNF382,15761,-0.193160020513747,0.863651740022296,
MBOAT1,7887,0.0658152201548743,0.863667686884407,
LYG1,7670,0.179134432967862,0.86367065456572,
UBE2O,14807,0.089482215110207,0.863752230273873,
MOB3A,8220,-0.080883312874559,0.863753662421591,
TFIP11,13716,-0.0725446411163709,0.863830247589154,
PRDM16,10549,0.119573182611041,0.863838232689015,
MRGBP,8296,-0.0833555342081247,0.863860873782359,
MTRNR2L1,8495,0.175087616362942,0.863875166136669,
POTEH,10392,-0.394206657981758,0.863886864224476,
ZNF425,15785,0.251647046793562,0.863959530641041,
SPRR3,13033,0.182883780526847,0.863985243722768,
GJB3,5341,0.118022087103477,0.86400203596141,
MTIF3,8471,-0.147024429603039,0.864119723590247,
ANKRD35,663,0.135875644961164,0.864129881008372,
CPSF3,3076,-0.256554359609704,0.864136084456423,
MRPL53,8351,-0.124973410885383,0.864406515873785,
AP1G2,734,0.126381835982931,0.864418951229056,
ZBED9,15423,0.23279567437759,0.864429382342077,
IGLV3-21,6475,-0.165478625781393,0.86445428293823,
CWC27,3294,-0.260283932999184,0.864474068198393,
BACE1,1261,-0.0901920549638433,0.864502030655916,
TRAM2,14341,-0.0644044686666699,0.86454851820611,
TTC9C,14657,0.0587913363984466,0.864584938561838,
ABRACL,111,0.0926204005899949,0.864587953033249,
FAM214B,4601,0.0841816695595984,0.864598421608596,
CLTA,2818,-0.153783384390743,0.864614638199895,
TAF12,13435,0.132649545208297,0.864650653951652,
OAS1,9320,-0.0622563608331723,0.864666315140474,
MYL4,8571,-0.168740090380663,0.864700355585334,
PRLR,10615,0.150626527453769,0.864706786099276,
UBLCP1,14831,-0.0811770272471891,0.864758875141357,
CARMIL1,1921,0.063588851041648,0.864782813366073,
UGT2A3,14891,-0.116776202826979,0.864843555203877,
IGLL5,6459,0.26118747899357,0.86485333689252,
CCNE1,2171,-0.191639549095943,0.864903211406161,
C19ORF54,1635,-0.153186463422483,0.864909446861488,
SIGLEC14,12288,-0.181646559805137,0.864918492414276,
FAM71F1,4645,0.405496900301776,0.864972632621118,
PNOC,10286,0.293564256320308,0.865067098781106,
PLP2,10224,-0.0396166359992493,0.865101199502758,
TRIM9,14500,-0.277137757327119,0.865333830087859,
SCN8A,11941,0.161039663413444,0.865350990160596,
CX3CL1,3298,-0.112234387921931,0.865421073634103,
CHKA,2620,0.0555701629362867,0.865457227219573,
RNF19A,11511,0.0879427833179009,0.865470024462463,
SNX33,12863,-0.133205524297266,0.865536800309685,
ORC6,9429,0.491710630679519,0.865599521469547,
GLDC,5361,0.206643344447158,0.865619455438775,
DNAJC13,3779,-0.0429114071932093,0.865648239797664,
PARP14,9604,0.0958038759806062,0.86579109775618,
UBA7,14770,-0.0936082258552984,0.865791420041547,
ZNF772,16020,-0.0952469627033513,0.865821651837016,
PCMTD2,9730,-0.030356624639058,0.865847848993603,
MLXIP,8172,0.0588845555343816,0.865889784654935,
ABCA3,42,-0.447177518901508,0.865901288950222,
HTATSF1,6248,0.0439160362347769,0.865924617411556,
NDRG2,8773,0.0874821398964795,0.866022396249094,
CHN1,2636,0.242802847043925,0.866141380322214,
CCNI2,2178,0.139658559335979,0.866143827037654,
ITFG2,6729,-0.0481055022212449,0.866154108612704,
ECE2,4010,-0.494079861063641,0.866166307069498,
THOC2,13766,0.066125249678927,0.866192057655503,
CYSRT1,3404,0.492611820936077,0.866250501732878,
MMP8,8202,-0.228296784845495,0.866341873578329,
HOXB8,6138,-0.206845170403407,0.866437187822105,
KBTBD7,6860,-0.268606070084588,0.866459142249625,
EXO1,4428,-0.212663849121826,0.866543258713684,
STXBP5,13283,-0.0571895289258912,0.866568506954014,
G3BP1,5109,-0.0429697233981042,0.866576392880768,
CDKN2AIPNL,2403,-0.150062236937709,0.866583818344467,
ZNF217,15667,0.0969554530962288,0.866619853176409,
GRIP1,5651,0.227988418485483,0.86664056285408,
ERV3-1,4374,0.138919676211752,0.866656799842314,
CDK5RAP1,2387,-0.0600150866681504,0.866700135489527,
HEMK1,5890,-0.103916996748116,0.866800941313423,
RBKS,11176,-0.488080069005622,0.866804739666214,
PCDHGA9,9702,-0.112258093875401,0.866894705128878,
DGKE,3623,-0.203976934750449,0.866900096923956,
RCAN1,11235,-0.0621572622818154,0.86693584030357,
OSCAR,9448,-0.39730965956321,0.867009557087873,
PLA2G4B,10122,-0.104484209720923,0.867067828202497,
PRXL2A,10718,-0.0623688814865537,0.867102805832743,
CYP27B1,3365,0.17779197252148,0.867159644509057,
ARNTL,980,0.129649615717589,0.867196255320088,
TRAV38-2DV8,14381,0.485182532936388,0.867223917274511,
ARID3A,922,-0.150165905307506,0.867282947968377,
BRMS1L,1493,0.117653668362537,0.867284531767461,
CCDC84,2109,0.100878550112158,0.867288255373006,
NBDY,8703,-0.130315623926457,0.867290341454632,
DHX38,3664,0.0614704487314304,0.867337603635043,
MAU2,7870,0.051888916743898,0.867366226159756,
IGKV1D-43,6444,0.165230975657837,0.867386936757672,
ARHGEF6,916,-0.348618085745524,0.867420573488678,
DOCK6,3837,0.0481289952228926,0.867424143758834,
GATM,5213,-0.100816083478966,0.8674698975553,
STX18,13268,0.159160136864452,0.867496751822637,
CST6,3205,-0.135750681638924,0.867530411395815,
NUDT2,9256,-0.178687582663908,0.867649085507952,
STK10,13211,0.106279819284679,0.867746792845536,
ADRM1,361,0.0979504408341744,0.867766187519259,
DDX28,3541,-0.145434966032785,0.867900338772429,
C15ORF40,1594,-0.0790420612599398,0.868004990259898,
DIPK2A,3685,0.0885032739555109,0.868213120863113,
GPHN,5529,0.138580624614759,0.868225107219014,
NR1I2,9134,-0.11793575757047,0.868231733856432,
KIFAP3,7055,0.108566658683652,0.868236920485017,
BMP4,1430,-0.0941985912649785,0.868248478005629,
PKP1,10109,-0.217445096545157,0.868272737100136,
ARHGEF12,898,-0.0306813554883111,0.868400557313321,0.970636079988712
EPB42,4291,0.323751000033874,0.868553878411285,
RNH1,11546,0.0812675829352424,0.868559417334924,
NABP2,8647,-0.420763523999515,0.868588328689588,
NRBP2,9153,0.043050861251816,0.868597119587796,
ACSL6,200,-0.348205009713478,0.868919784982245,
SPATA21,12948,0.480664208518865,0.868923341432563,
TIMM29,13816,0.141428369931804,0.869023425107703,
FAM199X,4588,-0.107392483750065,0.869026798989311,
AGO2,402,-0.0689412314323783,0.869067199145824,
NSL1,9188,-0.160883843114537,0.869073858164608,
NUP88,9292,0.113076394567939,0.869205420661426,
ABCB10,50,0.115470504561746,0.869218211072887,
MAMLD1,7754,-0.104828039904151,0.869281560020606,
LCP1,7310,0.0886381323161001,0.869295255107475,
UPK3BL1,14937,-0.0657782271946523,0.869316183068544,
PHF10,9947,-0.0722070577687139,0.869327555489451,
ZNF664,15947,-0.0639676048794993,0.86935451301544,
CD6,2280,-0.0807480991562456,0.869409254737264,
CCNDBP1,2170,0.0748112227574273,0.869525579073807,
PGF,9916,0.120931077622137,0.869568220796982,
BBS2,1304,-0.121658863116283,0.869571076677974,
AKNA,472,-0.0743703718628663,0.869595071898046,
CROT,3137,0.19449721560346,0.86961588592328,
C15ORF61,1597,0.301157247183509,0.869701775662727,
ASB7,1022,-0.0796942105877981,0.869706204155147,
MAPK1IP1L,7825,0.0474981105791586,0.869917531114022,
SELENOO,12037,-0.0655914050090182,0.869939951510318,
EEF2,4056,0.0317623502485098,0.870119247014095,0.971211939613243
RNF32,11531,-0.201830100332659,0.87017932682581,
MEIS3,8001,0.130871505240939,0.870230592989721,
EFNB2,4084,-0.12234042634318,0.870386620312099,
RTN4RL2,11768,0.262695583667236,0.870448277999755,
ZNF689,15966,-0.0901243429799038,0.870478256793822,
SUSD2,13335,0.1755398686835,0.870548303696108,
PHF7,9962,-0.375422129969962,0.870554445947394,
RIPOR3,11438,-0.270127189886432,0.870559354386545,
PI4KB,9997,0.0703257906807147,0.870595298764455,
CMSS1,2837,-0.077574455021021,0.870599289687113,
GNB1,5427,0.0642079085835591,0.870698695496917,
HIGD1B,5941,0.17907123287336,0.87079144940719,
MPP4,8272,0.324662039628936,0.870856813165907,
CD2BP2,2249,0.124891814646061,0.87088987308992,
BATF,1289,0.0889065587492706,0.870915667095345,
DDX46,3550,0.0806457734221948,0.87091655034739,
ELP5,4208,-0.0860474223994943,0.870976646087558,
AGK,397,-0.0748589094203219,0.871000868529611,
PLCE1,10156,-0.458312174183951,0.871024391737999,
EEPD1,4060,-0.0596856918363218,0.871055375581355,
GUCY1A2,5744,-0.120299935417046,0.871170811708531,
MRPL55,8353,0.205435533042422,0.871224713584504,
MGME1,8088,-0.0905451915238941,0.871257536412738,
RSU1,11745,-0.0546403471049027,0.87134217306708,
BCAS4,1318,0.138032540957719,0.871374750584446,
ADAMTS10,256,-0.103466342394144,0.87138969205411,
MPG,8258,-0.063002545785311,0.871407059778266,
FBXL20,4734,-0.160899512303135,0.871456913867986,
C5AR2,1742,0.160157621510849,0.87151468988783,
HAPLN1,5804,-0.333389910435642,0.871540778167659,
UGT2B10,14892,-0.196513561671582,0.87161234152746,
SUGP2,13299,-0.0700534952915235,0.871657491444422,
PLEKHA8,10182,-0.205148318038277,0.871754587153502,
IRX6,6709,0.471259069447802,0.871782195889367,
TMPPE,14137,0.110761181274502,0.871787004548847,
CAMSAP2,1876,0.0806859265661003,0.871800120336065,
TUBA1A,14682,-0.0787531469408015,0.871841223420553,
STK38L,13229,0.0994786998015879,0.871895221380578,
PDE6A,9784,-0.468424401281726,0.871910349007836,
SYTL1,13407,0.0468941710848121,0.871924767876687,
PRDM5,10552,0.0927760420595464,0.872084558967836,
RBPMS2,11230,-0.140306363514653,0.872160500019618,
PSMD14,10766,0.0549826169359518,0.872234649929638,
PHB,9938,0.0836832462408633,0.872371190689465,
SEM1,12045,0.0489384630435988,0.872381661500075,
P4HB,9514,-0.194598770696079,0.872414643477604,
FOXP4,5010,0.0599047043575818,0.872463290305388,
CAND2,1880,-0.467615050111689,0.872505330681611,
BIRC3,1403,0.0576565094396784,0.872524351067816,
PCDH11X,9651,-0.293632372015864,0.872688337035306,
C1QTNF2,1672,0.147542739817308,0.872793908188875,
PNMA6A,10282,0.196552625913644,0.872809829905065,
RFX7,11333,-0.0830078444547786,0.872901916910577,
ABHD11,82,0.0737172832382068,0.872938476562942,
SEC22A,12005,0.20118545542621,0.872956624991617,
NXPH3,9311,-0.131474968749351,0.873013330561851,
HASPIN,5814,-0.466065925458256,0.873023725965606,
SLC16A10,12373,-0.167152145948519,0.873076471296583,
CSAD,3164,-0.0405672964743651,0.873214567169732,
PSMB3,10747,-0.0729094013367923,0.873446769147808,
F11,4466,0.174920453872229,0.873491112072317,
ST6GALNAC4,13159,-0.161518710515655,0.87356051310561,
SLC35D1,12526,-0.0697321447815652,0.873568186670587,
TWF1,14719,-0.157238747463318,0.873568542179066,
ABHD17B,90,0.0855155831160991,0.873591013090887,
ANO9,702,0.0978093179193916,0.873636211737717,
HSPG2,6245,-0.0688281934124108,0.873755528067274,
GALNT5,5168,-0.207080647880604,0.873779876511067,
LYRM4,7685,0.106727811005282,0.873860328209296,
ZNF766,16015,0.157221289618627,0.873884524003206,
UNG,14926,0.140416569990003,0.873898375950511,
LARP1B,7276,-0.0463351287027365,0.873898430801846,
TRIM13,14449,0.0497964015751971,0.873966250927031,
ZBTB33,15442,-0.0779344723317148,0.87398976966122,
HPCA,6154,0.292976725268769,0.874085687050717,
IQGAP1,6676,0.0324755013265393,0.874111987680921,0.974320958644342
PLEKHJ1,10199,0.080668660317612,0.874162215153576,
WIPI1,15289,-0.136601823349563,0.874245788519799,
IRF2BP1,6691,-0.157214486915768,0.874314021519617,
GRAP2,5625,-0.144752431126852,0.874358267747389,
CREB3L3,3106,0.24852249342023,0.874448495767221,
HIST1H2BM,5981,-0.104367264592923,0.874484319117997,
FBLIM1,4713,0.0653662967449674,0.87451996401707,
RAD18,11049,-0.103862877815542,0.874571633457671,
P2RY6,9505,0.131397522255409,0.874585732694718,
CYFIP2,3352,0.0796309779961312,0.874716652735641,
ZNF684,15963,-0.274685575987604,0.874743981767409,
MRPL10,8310,0.240236853924962,0.874798255272863,
SEC61A2,12018,0.177367442021302,0.874804540486298,
CCL28,2144,-0.0838099051931629,0.874916250752288,
FOXD3,4986,-0.333773842199233,0.875037674117041,
PPP6R3,10524,0.0357994207590957,0.875117474335262,
ZNF234,15681,0.196135794362961,0.875161656256155,
ZNF688,15965,0.0689266059820008,0.875212063509356,
FAM189A1,4582,-0.205547075322165,0.875214477594054,
PENK,9860,-0.224377724996834,0.875227560873024,
LRWD1,7610,-0.100903670561752,0.875234529356732,
BCL7B,1345,0.138062408572914,0.875269879580256,
SCARB2,11909,0.132909741642162,0.87535636773984,
TMEM53,14090,-0.125876008748138,0.875505031635363,
GBA2,5215,-0.0640655364427352,0.87566181421915,
TLR8,13868,-0.4537582885674,0.875719281400479,
GALK2,5153,0.0929486493400186,0.875802697071877,
PCM1,9727,0.0500938946965099,0.875804255355187,
TMEM116,13930,-0.384191739293826,0.875805129502278,
ARFIP1,851,-0.192273283052277,0.875865536113499,
CLDN1,2734,-0.0643913471452067,0.875919301744278,
TTPAL,14676,-0.196674117541758,0.875950656310379,
FAM193A,4586,0.127140232176503,0.875996507186798,
RASSF9,11156,-0.0859425129705877,0.876000357527193,
COL11A2,2923,0.17291464398302,0.876031501896977,
HERC1,5895,-0.0732567709984843,0.876062277953661,
GPR107,5541,0.0592413299248565,0.876094245424991,
APLF,779,-0.0978667596454676,0.876098568374331,
ANP32E,706,-0.0206570525492969,0.876164212470053,0.975261406156321
C6ORF120,1753,0.0685989256307652,0.876194697714315,
FLYWCH1,4939,0.0803063515031677,0.876396093079544,
ZNF354B,15753,-0.104225210659732,0.876456596738434,
WNT10A,15295,0.187247654127306,0.876457733368678,
MYBBP1A,8546,-0.0544686859636746,0.876478759940738,
MKNK1,8150,-0.119323876696969,0.876511483689913,
DLGAP4,3714,0.0410963104213153,0.876581718928077,
CCDC141,2033,0.140162624130514,0.876614444130034,
NCKAP5,8744,0.141671998358871,0.876670959097738,
MBTD1,7891,0.17251877998732,0.876740753685095,
BCL6B,1343,-0.119588730624006,0.876761869627777,
NAA80,8639,0.0935740531976078,0.876809528779106,
GOLGA7,5468,0.207068425858896,0.87684096672895,
DDX47,3551,-0.149629408497055,0.876918027649958,
ATP6V0E2,1160,0.150713483140455,0.876940545188609,
VPS37C,15137,-0.0752245368696513,0.876972071972309,
KRT80,7212,-0.0854617768333401,0.876972462431588,
POLQ,10335,0.217838842491221,0.877039689250662,
RPL7A,11632,0.0466360369708085,0.877232051473965,
CCL11,2129,0.295424061977985,0.877290789386862,
HSPD1,6242,0.0567426670727085,0.877313180720928,
OCRL,9339,-0.0622034916162053,0.877338134019305,
GSDMB,5674,-0.0529665161394276,0.877338223816418,
TEAD2,13640,0.117398777133817,0.877340117360482,
C2ORF50,1709,-0.334069166409365,0.877602474648793,
RIBC1,11404,0.235138018615258,0.877626266468179,
MYL12B,8569,0.0386595023363796,0.877648014033989,
DAZ2,3442,0.445588449981095,0.87765318335699,
VSTM4,15165,-0.140510970179616,0.877670720565808,
TCEAL8,13590,0.0591081370854421,0.877673339698986,
ADAMTSL4,277,0.0643382395520529,0.877689824346964,
CNTN3,2894,-0.132203659586829,0.877721166760788,
ART5,1007,-0.281613111374584,0.877779024228076,
FAM162B,4557,0.193132524520306,0.877855041456632,
PRR4,10675,0.173443104551742,0.877873456436224,
SLC10A5,12353,-0.238225033355675,0.877965257654012,
PALM2-AKAP2,9560,0.102732642622236,0.878034737232438,
TTC39A,14647,-0.069890328088816,0.878291385591306,
RAD23A,11051,-0.0405612684697923,0.878301876183844,
FLNB,4926,-0.0377776423292805,0.878321730093913,0.976316303286209
NRSN2,9175,-0.174201711294845,0.87856379370222,
EFCAB13,4064,0.252455601697208,0.878604530485453,
RARA,11117,0.0305772221148106,0.878721727788968,
FAM192A,4585,-0.0326605687302835,0.878736774499099,
NOM1,9042,-0.0434596489168343,0.878788250778543,
USP53,15017,0.094140330860206,0.878792585974509,
CYS1,3401,0.115883677181005,0.878804992052311,
ACTR1A,220,0.0505175899495661,0.878886143702737,
CREBZF,3112,-0.116360496708313,0.878952973293737,
TSN,14576,0.0676859692251333,0.878971589152543,
MICAL3,8103,0.0568111915389483,0.87908689763552,
SYT10,13396,-0.442425318585102,0.879159392384307,
ZNF627,15930,-0.230971552013853,0.87920914702281,
REPS2,11293,0.102911589308083,0.879364323249047,
NAALADL2,8643,-0.10577274037849,0.87939263091404,
MEAK7,7951,-0.204718837805002,0.879403877280973,
VIRMA,15103,0.0585891291021579,0.879458352965555,
YBX1,15373,0.0458393457291259,0.879507193990311,
B4GALNT1,1243,0.210860774667341,0.879525114700538,
ULK3,14909,-0.0265809249099536,0.87954035829113,
TRAF3IP2,14329,0.101429351743955,0.87956652072612,
TMIE,14129,0.370550557123034,0.87959542201513,
ZNF362,15756,-0.0871498472062173,0.879658218828933,
BCO2,1352,0.341247264877477,0.879734549463721,
SPTBN5,13052,-0.126334984962868,0.879736254490706,
UBL3,14827,0.0599716813953509,0.879760480131298,
EPDR1,4295,0.0545491541059032,0.879820663132109,
GALNT18,5164,0.0972245956272029,0.879961772908238,
ALS2CL,561,-0.0633895427542511,0.88002255842173,
NDUFAB1,8792,0.0901583114472618,0.880032675782131,
HSF2,6210,0.147302246297807,0.880042721208518,
TSSC4,14611,0.0539864608412608,0.880100455737779,
ST3GAL1,13149,0.0599292313417976,0.880135644407656,
SLC38A3,12550,0.201953208101408,0.880160047340827,
ZNF136,15627,0.246298342298491,0.88017801874209,
UBQLN1,14836,0.059011544729405,0.880233061812713,
ATP1A1,1117,0.0389281495044948,0.880269403699597,
CRAT,3097,0.0655997772649678,0.880298157340105,
PLXNA4,10250,-0.157314636370419,0.880366493341548,
CLK2,2791,0.0398224016168306,0.880418554300659,
CDH19,2350,-0.198460806428509,0.880463515598825,
CARNS1,1925,-0.126387752937484,0.88051968934851,
GSTO2,5700,0.144606766386592,0.880678420878501,
SH2D3C,12213,0.113278406356176,0.880715895014728,
GPRC5C,5600,-0.0769754462977135,0.880753378086174,
BID,1397,-0.0836167607975402,0.88075941207219,
FAM43A,4632,-0.16118728137618,0.880832319623394,
TTC27,14636,-0.110300715526926,0.880845451676593,
ONECUT2,9377,0.0826658612513254,0.880864454299018,
CSPG4,3192,-0.141742189047867,0.880865228766556,
ATAT1,1067,-0.0490243373649045,0.880896047402748,
LEFTY2,7331,-0.145800399494145,0.880938034821612,
ROBO4,11557,-0.139445425820948,0.880943500722174,
GPR174,5565,0.114832272161266,0.88096217138552,
IL1RL1,6537,-0.174746909312019,0.880971758656946,
R3HDM2,10952,-0.0373230123924651,0.881023297982625,
GVQW2,5752,-0.20209585893692,0.881074568203665,
CDHR1,2359,-0.427454512046412,0.881088780093903,
KCNRG,6924,0.0670587246610877,0.88115323285451,
GP5,5499,-0.437423043581755,0.881237293094042,
RFESD,11318,-0.158058734521745,0.881393536108629,
DRAP1,3891,-0.073455522766462,0.881446542943567,
SNX25,12858,-0.062088847832737,0.881509702936702,
APPBP2,814,-0.0592249242950023,0.881641848449077,
ERCC6L2,4344,-0.0497009671082888,0.881654396090697,
PIAS1,9999,-0.0894400508913881,0.881675764126476,
LRRC41,7565,0.0870010688728494,0.881686430669379,
GPR160,5560,0.0919275692485578,0.8817072204141,
TMEM147,13959,-0.0366009157474883,0.881762707626939,
KCNK7,6911,-0.432353752981653,0.881835317735576,
CEACAM6,2433,-0.0624121651030965,0.882354469941675,0.979449872411186
FBXO41,4764,-0.12439921977979,0.882375167241566,
STK36,13227,-0.0345157445432162,0.882388035611696,
RIPK4,11435,0.108172706139806,0.882414573510278,
MAEA,7715,0.0609196036881726,0.882494497474787,
RHBDF1,11376,-0.0604053135054888,0.882498257790214,
EOMES,4279,0.114353504938791,0.882603029228976,
SULT1B1,13307,0.0837090861270985,0.882617107636645,
YARS2,15371,-0.150339621387489,0.882751463786156,
MAB21L2,7702,0.201028114807672,0.882767109649841,
SMIM29,12751,-0.11896116450526,0.882826411118313,
WT1,15315,0.427076794792202,0.882995470027873,
MAP4K1,7807,0.111986401198451,0.883012295172956,
ZHX2,15581,0.148634599725718,0.883077517488481,
CPD,3049,0.0443202467670213,0.883096486945982,
TMEM106B,13922,-0.0577078866145615,0.883154784789973,
COMMD7,2973,-0.060282298063819,0.883159917265732,
NPM2,9108,-0.176514695157558,0.883181049703282,
PDP2,9821,0.125731932332163,0.883268278864785,
RHOD,11392,-0.125769283264651,0.883602641517016,
ANPEP,707,0.0853409726532838,0.883631600949032,
NRIP3,9166,-0.215813466369509,0.883637690107193,
TSEN2,14564,-0.0863362951120157,0.883639476430806,
SURF2,13331,-0.0827406439984469,0.883871633881272,
CBWD6,1990,0.0274250239872147,0.883938574004328,
RGL1,11338,-0.100825912833058,0.883982226964801,
LINGO1,7426,-0.176771887219639,0.884013943037119,
FES,4830,-0.0685454066348757,0.88403707797352,
KRCC1,7186,0.152641499199732,0.884057377384796,
STIMATE,13209,-0.079530583299423,0.884080239675255,
TRBV10-3,14394,-0.206891176601367,0.884081826309382,
BRWD1,1499,0.199526548147759,0.884149975738616,
NME4,9003,-0.0629516309729303,0.884205120795629,
ASPRV1,1050,0.147499032852485,0.884289669699232,
GPS1,5605,0.0212566962662699,0.884317945272618,0.980281019004124
FAR2,4689,0.0988453550646893,0.884343231445411,
POLR2B,10342,0.0710163930438459,0.884344006744731,
ATXN1,1191,0.101818540353969,0.88439095637487,
PABPC5,9523,-0.234230301327249,0.884413499889611,
TRIAP1,14442,-0.203803715430194,0.884466736269492,
SIK3,12300,-0.0586451854929168,0.884480790253926,
UBXN8,14857,-0.081881881758565,0.884544287466725,
PLA2G5,10126,-0.125348562528903,0.884644111829248,
FAM151B,4542,0.112625161229777,0.884672954289518,
IL18BP,6529,0.0434144906604466,0.884678691416757,
ZKSCAN3,15587,-0.0927127778002391,0.884767048334439,
DAGLB,3428,0.095112044157915,0.884814251521664,
XPO1,15347,0.053354215286852,0.884895816011511,
PITPNC1,10077,-0.082986044489989,0.88489928178067,
NIPSNAP3B,8956,-0.0817225588553595,0.884957160689447,
CCDC134,2028,-0.163738945200363,0.885081250376462,
NGDN,8918,0.0596738078800868,0.885178871642416,
SOX12,12900,0.16980047481847,0.885190530885,
ACOT1,173,0.0643576986313278,0.88525078427939,
TRIM68,14495,-0.159394584630218,0.88552918226347,
GUF1,5748,-0.114502747500563,0.885568936162505,
C2ORF68,1710,0.0571881707424475,0.885598560144971,
ZNF615,15919,-0.09323693512186,0.885619706085682,
IZUMO4,6788,0.190228427955246,0.885640986396894,
MORN2,8242,-0.175155548597783,0.885708698919012,
GPR137,5546,-0.11682227774174,0.885723041403687,
FAM120C,4522,0.144561107537079,0.885735835488611,
PLAAT2,10132,-0.123973112895023,0.885794341622587,
APLP2,783,-0.0398920358932151,0.88583432320251,
U2AF1L4,14758,0.114465916354278,0.88585084457976,
ATP5F1A,1132,0.0395804079008576,0.886002699575759,
FUCA2,5064,0.192533900008057,0.886085134301335,
HDAC3,5851,-0.0505690173849289,0.886126066101191,
CACNA1I,1828,-0.415054798556139,0.886141471110285,
BMP3,1429,-0.40435048081221,0.886223954961135,
STEAP3,13204,0.0714610175076154,0.886338380838976,
ZNF669,15951,0.107692299254901,0.886339372854392,
RNF141,11488,0.0460830096817096,0.886343691848299,
NME2,9001,-0.0458225193850154,0.88638405297211,
TDRD1,13630,0.418758476332871,0.886528264842077,
ZNF623,15926,-0.0653398857745957,0.886529266046451,
SNAI1,12787,0.125545931115306,0.886633822440805,
ELK1,4182,-0.0569398435297217,0.886707191798224,
USP17L5,14981,-0.233983093793147,0.886780609063145,
TFRC,13721,0.343480276570824,0.886828863280284,
PLXDC1,10245,0.107680707695173,0.886858593741369,
TEKT4,13655,-0.0855190797831155,0.886873975341129,
TNPO2,14221,0.229807197184427,0.886912697024333,
COL26A1,2938,0.319515721558554,0.88694248851045,
BTG2,1526,-0.0517514705272139,0.886994152477306,
ZNF318,15727,-0.20399638708332,0.887076513495196,
TBC1D20,13520,0.111504962651299,0.887080957763571,
ADRA2C,358,-0.139415739869492,0.887163926983004,
UBE2D1,14787,-0.185666130640719,0.887246111191447,
PDK1,9810,-0.0812499573420684,0.887247561661621,
HIST1H2AC,5963,-0.0910962763451791,0.88726906506027,
MORN3,8243,-0.170798171432354,0.88742412181276,
PYGB,10924,0.0606995709432683,0.887624883464199,
CPNE2,3062,0.144032579872911,0.887637718930324,
MCM2,7909,-0.141147215717409,0.887662762178571,
OLIG2,9370,-0.40998177238009,0.887699367108951,
FCHO1,4798,0.157076832508512,0.887754947439256,
ZFHX2,15538,0.202956576165168,0.887854544321348,
PLEC,10172,-0.0273243981694179,0.887913115350998,0.980352724624033
MFSD13A,8064,0.408689803066534,0.888062302378395,
PHF14,9951,-0.045751354080401,0.888066556305889,
ZNF578,15889,0.162806365340929,0.888078937011324,
SFSWAP,12173,-0.084062824670019,0.888178507707375,
LRRIQ1,7596,0.236228219441491,0.888236550878966,
RDH16,11260,-0.146796627728486,0.88837604514232,
RHPN2,11403,-0.0552873331033451,0.88838781858313,
ZNF396,15770,-0.129188754451606,0.888526795521333,
IRS4,6705,0.408061046079238,0.888558243356931,
TLE1,13848,-0.122667843080664,0.888569013088908,
RIC1,11406,-0.0685956624847723,0.888676676347851,
NME7,9006,-0.185132199456396,0.888684921049996,
ZNF705E,15981,0.407014124753057,0.888697596634285,
ING3,6598,-0.117508467615551,0.888790065361352,
ABL1,104,-0.119358409671446,0.888940048376058,
ARHGAP12,861,0.134122536220308,0.889012805808855,
EIF2AK2,4123,0.0608879915851602,0.889068320252952,
BCCIP,1321,0.0764221395951131,0.889069189854484,
ARHGAP29,875,-0.111801541229206,0.889083545209332,
ALAS2,498,-0.22900312642369,0.889171623620627,
TRBV5-7,14412,-0.407366394947971,0.88918059328953,
BCL9,1347,-0.0514413255383283,0.889216682781306,
MRPL36,8333,0.158155307026171,0.889281479172021,
TSPAN10,14581,0.148419683522682,0.889451422806628,
PRELID3A,10563,0.108234500273338,0.889505566945478,
HTRA1,6259,-0.0975490101933131,0.889560348245934,
TNFRSF10D,14174,-0.0665709183119232,0.889654637552334,
RASSF5,11152,0.0469334469962516,0.889662976057958,
KDM3B,6958,0.03156001234057,0.889668032381343,
CLEC17A,2757,-0.265313091894991,0.889693681666865,
MAML1,7751,-0.107717157075628,0.889717751374861,
SH3KBP1,12231,-0.0381148383698107,0.889817708724794,
BRCA2,1471,0.346211022519907,0.889830944126455,
C5,1740,0.279139106154396,0.889901334472172,
TUBA1C,14684,-0.0891271275603819,0.889917759492771,
BCL11B,1329,0.0737141895605188,0.88991898185333,
ING5,6600,-0.0463286597356948,0.889940230042047,
FMC1,4941,-0.127442474806997,0.889965973257761,
CDKL5,2398,0.0782085102896958,0.889977945620344,
PRNP,10624,-0.0499285792482969,0.890014769880037,
GSDMC,5675,-0.17613583742052,0.89012031310759,
XKR4,15337,0.258165115739262,0.890159236411636,
IGHV3OR16-13,6425,-0.255404120178933,0.890228329585788,
HYDIN,6273,0.0954026887096575,0.890298409278142,
SLC18B1,12389,-0.0899459922463169,0.890321133447933,
RUVBL1,11789,0.0651520168383321,0.890345652111054,
GBGT1,5218,0.0747797569940268,0.890614151918393,
ZNF343,15746,-0.0631152448113066,0.890658925972522,
RAI14,11072,0.101002163883278,0.890693763499336,
DHTKD1,3653,0.0924733550703306,0.890702193802597,
CFAP298,2540,-0.0612864920896771,0.890702266285644,
TMEM218,14023,0.147179688167356,0.890741980807137,
PRAC2,10532,-0.399361546154806,0.890743235059396,
MOB1B,8218,0.0482182834561512,0.890759570328884,
KDM1B,6954,-0.0405858724003086,0.890777494482739,
C1ORF53,1660,0.334089891674109,0.890856254272547,
EVA1B,4414,-0.0719570742297746,0.890872705570407,
RRP15,11718,0.0594455896077742,0.890924893864521,
ATAD1,1060,-0.0368983274827257,0.891063004556623,
CCDC184,2063,-0.173858754393714,0.891081002070833,
ZC3HC1,15488,-0.101110307617484,0.891136503448927,
MTRNR2L3,8498,-0.345096085478514,0.891179366206763,
CDCA8,2343,0.239529965282133,0.89120753781386,
CLPTM1,2809,0.0514043664419914,0.891217777339076,
BOK,1452,0.0595647660024517,0.891297252811537,
SNED1,12805,-0.0991653098487149,0.891314629839586,
POPDC2,10384,-0.136666704589558,0.891345750097245,
TNFRSF19,14183,-0.102878742741131,0.89145225695322,
FAM20B,4596,0.144308958930057,0.89146882574881,
TCHH,13608,-0.146268340929922,0.891638617573932,
GPR37,5577,-0.259367538546168,0.891665667580189,
DNAJA1,3761,-0.0713627239362865,0.891684648014399,
POLR2G,10347,-0.109790418798015,0.891710316417393,
TEX50,13695,0.129992107790314,0.891775973473467,
ZNF197,15655,-0.0462240277850938,0.891781958131123,
HSD3B1,6204,-0.394989579294966,0.891881735209264,
SPAG9,12936,0.0368221621944433,0.891931158226269,
ECEL1,4011,0.259165184425273,0.891994983535505,
SRRD,13098,0.0571650127600036,0.892018280206214,
HEG1,5883,-0.132118788206013,0.892091440771901,
NAT8L,8694,-0.210714643282233,0.89213846270409,
SLC22A18AS,12406,0.130753853908197,0.89219397607257,
MRPL3,8327,0.0845609308245703,0.892287078277883,
ZFYVE16,15567,0.0373103955335154,0.89230882497567,
RAB30,10984,0.153269710475462,0.892310361693441,
CSRNP3,3197,0.0783814906850535,0.892313606006864,
GPAT3,5507,-0.10080501505035,0.892333054291952,
SAYSD1,11883,-0.0845882283360452,0.892598379107291,
GLTPD2,5393,-0.290365051163208,0.892675322685195,
HERPUD2,5902,0.0834169135128392,0.892726211832324,
OVOL1,9481,0.105616539518055,0.892759675596726,
CNEP1R1,2850,0.0947293266947147,0.892795165185249,
RBP5,11225,0.146594479461873,0.892810740141973,
SLC22A3,12409,-0.0638652950944064,0.89284146823303,
CENPJ,2467,0.0785046937573575,0.892941710641961,
CASK,1933,-0.0574722822032216,0.893002734193065,
HGFAC,5921,-0.389985963533127,0.893063539790837,
SLC26A10,12466,0.181045814610398,0.893110916860376,
GCSAM,5247,-0.224932921873287,0.893176385849304,
MLLT6,8168,0.0234975625554424,0.893207792865316,0.980352724624033
MFAP3L,8051,0.0887790281165325,0.893355561382514,
LZTS1,7696,-0.11526977311396,0.893364309168997,
DISP2,3694,0.266618032559563,0.893425653800267,
TTI2,14661,0.0479511581382714,0.893482341040692,
CFAP300,2541,-0.177118747004588,0.893490605192358,
ZBTB46,15454,-0.113184787228466,0.893529547563534,
MEPCE,8010,-0.0751229557541996,0.893537360376634,
ERP27,4370,-0.133865683055317,0.893595931061896,
CUEDC2,3277,0.0558308593967334,0.893728174339751,
EXOSC10,4444,0.0718529542797234,0.893753756326605,
ASAP1,1015,0.0272017963515626,0.893779742992179,0.980352724624033
NAT10,8689,-0.113196818205355,0.893842917822494,
RTN4RL1,11767,-0.189372933958437,0.893883820719326,
UBE2K,14801,0.048213542073382,0.893889575568813,
TBRG1,13560,-0.0459251659593807,0.89399145899503,
YLPM1,15390,0.074098128150626,0.894091964448938,
CENPQ,2474,0.101320108666593,0.89411631690708,
ACTG2,214,0.10005456059622,0.894137845662121,
EFCAB7,4070,0.167752658340862,0.894159123213461,
IFT57,6354,0.0714323458874877,0.89422125506649,
SYT2,13403,0.272490147275598,0.894307781673129,
FJX1,4901,-0.132608356294426,0.894328309685175,
ERMARD,4363,-0.108933957917091,0.894381386471829,
LMBR1,7445,-0.0758865491223123,0.894472045772963,
MTRF1L,8494,-0.09242340112192,0.894477995613966,
NAA25,8632,-0.11080112127688,0.894565550123101,
PCDHB16,9682,-0.135980125166946,0.894598553134009,
RNF144B,11490,-0.0724427939012462,0.894649220774312,
DHX16,3655,-0.0995906184534325,0.894652061891181,
CIAO2A,2680,0.118668487885387,0.894855258805229,
OPRL1,9386,0.159380480166017,0.895005478742969,
PSMD4,10769,0.0320267561933097,0.895030441472805,
PGK1,9919,0.0270308387221326,0.895092937563344,0.980352724624033
TMEM114,13928,0.336852434488022,0.895101399909218,
PIN1,10058,-0.0696097762080109,0.895182476704839,
GCGR,5233,0.262828445245809,0.895221030801845,
LPIN3,7501,0.159288546640428,0.895319827984557,
STARD13,13182,-0.14305482124962,0.89536735178465,
ZNF543,15859,0.074084502756335,0.895393593639571,
DHODH,3638,-0.182026789352505,0.895540528425568,
EMCN,4220,0.255834157074268,0.895622020026815,
LMO7,7460,0.0321731873863047,0.895624903005922,0.980352724624033
MTERF4,8453,-0.0853283551762259,0.895650197914502,
NUP35,9282,-0.0731266552469462,0.895676058075061,
CLSTN3,2817,-0.0662814009103838,0.895680343717347,
EXOC3L4,4435,-0.120254176405414,0.895887518782069,
CACFD1,1819,0.0960823009965675,0.895917464122869,
SMPDL3A,12773,-0.384306451044053,0.89592773179415,
CAPS2,1905,0.208779935503037,0.895936450306665,
CBX5,1995,-0.0404330909838596,0.895958805944828,
ADCY1,289,0.378884814977301,0.895971729222833,
TAF7L,13451,-0.172551502598869,0.895982183880741,
KLHL42,7134,0.0779174947862309,0.895992101424171,
AHCYL1,421,-0.0501770187860682,0.896020125667351,
PRKCSH,10602,-0.0195776960512817,0.896141315045645,0.980352724624033
SPAST,12941,0.0760282126413919,0.896152589378344,
PCCB,9648,0.0282372777664686,0.896253648556242,
NDUFC2,8813,-0.27691026792128,0.896474364410356,
ZNF276,15703,-0.0458621163323171,0.896599613624398,
CDS2,2417,-0.0657071237947925,0.89662145392463,
DDAH1,3509,0.0326746153927592,0.896634290160734,
ZC4H2,15489,0.101670879229849,0.896678713117793,
DHRSX,3652,0.119260727670057,0.896718238853705,
EFCC1,4071,-0.155091494237395,0.896736463934917,
RIPOR1,11436,-0.0630898685359083,0.896909239978124,
CHCHD7,2596,0.132190579244106,0.896986621846155,
NIPAL4,8951,-0.371334709830925,0.897029361607583,
PTPDC1,10843,0.11659286908271,0.897134651191503,
MYO18A,8583,0.0247252921899023,0.897211044230966,0.980352724624033
TCEAL3,13585,-0.198419398930399,0.897284874004873,
GPR156,5557,0.164226493596623,0.897337914810254,
ETHE1,4402,0.0672827856380521,0.897383556647128,
DAND5,3430,0.177967904251023,0.897419530741055,
CEBPA,2435,-0.0734224364363717,0.897590157042239,
MAPKAPK2,7835,-0.0345881924418014,0.897646455017772,
NF2,8882,-0.044382567440114,0.897668532086613,
CSE1L,3168,-0.0568382556233526,0.897722075701703,
ZNF775,16023,-0.373860198853879,0.897812023776034,
ZNF672,15954,0.0913166538863377,0.89782471989056,
MRPS11,8358,-0.0900438866919081,0.897883819556428,
EPHX4,4312,-0.150672449814767,0.897925868448344,
NOP10,9047,-0.0203201977882085,0.897981811583162,
CEP97,2516,0.0791732081563095,0.897991358056288,
YIF1B,15380,0.0883987749508794,0.898080537528896,
HIST1H4J,6003,0.0620718945620008,0.898096198782475,
CDCA4,2339,-0.147982764161115,0.898099345923958,
IMPDH2,6589,-0.046809662011683,0.898107229111438,
HAUS7,5822,-0.122527146847584,0.898221510855524,
LENG1,7337,0.0404374778975807,0.898260677629142,
RASL11B,11145,0.130331802044811,0.898269398483168,
ZNF345,15747,-0.139736590636177,0.898314262366408,
GDPD5,5266,-0.103237159786308,0.898343506968404,
MYOM1,8605,-0.107359353561364,0.898363167449851,
ENPP2,4261,-0.063858103178443,0.898448326127172,
DMWD,3740,0.0344942845076688,0.898516103299855,
ENO2,4252,0.0761465011432431,0.898531034912122,
PSMD13,10765,-0.051654091313645,0.898601309249099,
MUTYH,8529,-0.0787292807535776,0.898650922146133,
ENPP6,4264,-0.370635062611685,0.898680205939604,
LIN52,7409,-0.073999002974213,0.898691556889678,
MCUB,7932,-0.100744533713725,0.898724567176189,
MRTFA,8386,-0.0402513194005772,0.898735315684811,
ATP5PO,1149,0.0282003983131775,0.898744256791013,0.980352724624033
PPP4R2,10516,-0.078053567745605,0.898783334725417,
UBQLN4,14838,-0.0348592758833497,0.898803636781658,
ERGIC1,4350,-0.0213476372947441,0.898872191691874,0.980352724624033
SNRPD3,12830,-0.0196973003841058,0.898897229812084,
RFLNB,11322,0.19289127295777,0.89893568957824,
ATP1A2,1118,-0.186777098923545,0.898965525197568,
MCTP1,7927,0.100721410073954,0.89900547098421,
FAM209A,4593,-0.149759579230027,0.899078941045557,
EBF4,4002,0.13744992263883,0.899186759680526,
OAZ2,9326,0.0492901525406102,0.899225816643164,
PDE12,9771,0.060946115894133,0.89926344873043,
COQ5,3003,-0.0913874004312777,0.899346403014425,
SUPT3H,13324,-0.202231863689414,0.899357407314176,
NRG2,9160,-0.219890908005465,0.899421693814639,
FUBP1,5061,0.0192136961492112,0.899594125199347,0.980352724624033
MCTS2P,7930,-0.0896720135874083,0.899616740792615,
LRRFIP1,7595,-0.257250665172383,0.899619797191331,
IGLV1-36,6461,0.368679549613745,0.89969435385697,
PRPF3,10643,0.069361904906085,0.899720175917987,
THBD,13754,0.096924776185223,0.899756229941431,
GPC1,5519,0.149282990669024,0.899809743595386,
TOGARAM2,14237,-0.205950296788961,0.899828203811639,
TM2D1,13871,-0.0631524496148041,0.899922404501466,
ANAPC15,600,0.292015107030932,0.899946003733813,
BBS1,1301,0.0625237925359366,0.900048696156512,
P2RX4,9493,0.123498447283928,0.90014150341405,
ATP9A,1180,0.028352983845982,0.900147985805256,
RIF1,11412,0.0696419944578508,0.900182636113766,
TRBV24-1,14402,0.364777419111627,0.900194594147479,
URB2,14952,-0.0967115155007744,0.900202787821555,
FHIT,4879,-0.0540329103819641,0.900264039484265,
KCTD19,6940,0.281071093394126,0.90028349006465,
H3F3B,5781,0.303356311817429,0.900301365494689,
MEX3C,8046,-0.0598121919226426,0.90036268105924,
DNAJC5,3797,-0.0272390443642437,0.900371510848077,
SORBS1,12884,0.100785072536417,0.90038759842756,
LRRTM2,7606,0.363560645760821,0.900489982286473,
SLC6A19,12624,0.216648014854306,0.900493257051515,
JMJD7,6813,0.0576819699038026,0.900625773049448,
INHA,6601,0.197125658306574,0.900667307867989,
ARHGEF11,897,-0.0705570533735116,0.900722320320727,
TTC21B,14630,0.0630094602291556,0.900747055318748,
MFSD14C,8067,0.162435351098541,0.90075408547881,
ASB8,1023,0.110218700307235,0.900755081629138,
IQCC,6668,0.119246591426443,0.900805166606655,
DCAF7,3468,-0.0473897971142117,0.900932995494367,
MFSD11,8062,-0.0564344931526519,0.901023187737191,
CAPN10,1887,-0.0495337374973055,0.901037932205608,
MAD2L1,7710,-0.0986065330134701,0.901045758590792,
UFC1,14870,0.05849827068116,0.901048154821909,
TACC2,13421,0.0615454011582655,0.901054263036411,
ZNF552,15867,0.0771226095523245,0.901055136587068,
MMRN2,8205,0.0849799743995906,0.901121806121858,
MPZL3,8286,-0.0653618311829413,0.901169270036935,
UBR7,14845,0.0502853691150402,0.901191315543855,
NAPEPLD,8680,0.0694800270680972,0.901208972317236,
MRTFB,8387,-0.082436708366967,0.901226393733234,
PLS1,10238,0.0441743996748083,0.901256534648911,
FKBP3,4910,-0.0559957571348491,0.901294962289317,
FOXN3,5002,0.119925841947975,0.901436445653986,
LOC652493,7476,0.305650146556521,0.901446609741271,
TESK1,13677,0.0319357374586096,0.901485879447415,
TMEM71,14106,-0.110734608981631,0.901776725899257,
VENTX,15086,-0.0833516872140363,0.901788937522725,
IL23R,6547,-0.215382024523983,0.901839931677365,
CENPL,2469,-0.113175107736909,0.901888003218594,
BTNL3,1536,-0.169614140674815,0.901987614648064,
TRPM6,14544,0.175605780343092,0.902009561225493,
CD226,2239,0.0680636197045807,0.902049143676625,
EHD3,4107,0.138084759355508,0.902155466624437,
ZNF407,15774,0.0896738210541472,0.902184307469202,
RNF157,11497,0.129451562321939,0.902249145840353,
NARF,8684,0.0778104318053886,0.902272558520745,
PPP6R1,10522,0.0521241989230736,0.902397295310171,
NPR1,9111,-0.130635203391501,0.90242550115565,
PSEN1,10728,0.0719223244416028,0.902462436073728,
RBM45,11208,0.0590765950765366,0.902544495208556,
GPRIN3,5604,-0.0518092243623031,0.902611677403975,
COPS2,2987,-0.0450938875338992,0.902656012556738,
ERMAP,4362,-0.0621266387231628,0.902676259583029,
ATRX,1190,0.0271900536180857,0.902777022432996,
TRBV30,14407,0.173782801298601,0.902810892696489,
PHF19,9952,-0.0461336169418958,0.902824890748105,
SHPRH,12270,0.144677081803812,0.902978646528295,
JAK3,6797,0.0612643404309859,0.902988044765442,
ZNFX1,16086,0.0237377698895989,0.902990724806157,
HIGD1A,5940,0.0335739076706637,0.903161259746495,
F2RL1,4472,0.0794986042125849,0.903197527692001,
ZNF100,15612,-0.117463395727663,0.903200479170375,
PTPRN2,10875,0.102078398173111,0.903286429248913,
NPIPA7,9094,-0.0266584792055931,0.903400490366002,0.980352724624033
JDP2,6807,0.0360925504281696,0.90345667627373,
RAB2B,10983,-0.04281329035654,0.90346103081358,
BMPR2,1439,0.0270900404495349,0.903596792601041,
RUBCNL,11774,-0.0943632890452483,0.903619227342567,
UBASH3A,14779,0.0883074104573855,0.903632141886011,
MIEF1,8114,-0.105771822447373,0.903632915289283,
TMEM120A,13933,0.0391023632782097,0.903685237067227,
AATK,35,0.0529530801865933,0.903746314974123,
HTR3A,6255,0.351566280060594,0.903755627536222,
ZNF724,15996,-0.0972201583488907,0.903882260270342,
SUOX,13320,0.12785602388817,0.903887434831998,
HID1,5936,0.0572726207167115,0.904021821889338,
JAKMIP3,6799,0.198290481185423,0.904095930448792,
CLRN3,2813,0.0665286075810166,0.904165553098532,
KCNK5,6909,0.140369631123368,0.904199981016009,
IGHV4-34,6430,-0.175033877222173,0.904211277972582,
SPATA20,12947,-0.0792751615249443,0.904220102238396,
EIF3A,4136,-0.0203700591238987,0.904266411618755,
DNAJC19,3785,0.0843091106663671,0.904337482145945,
WDR70,15255,0.0902518313488141,0.904342420380028,
PYCR3,10923,-0.0768546834177435,0.904399677883132,
GSR,5686,-0.0283777159984769,0.904410929618004,0.980352724624033
FKBP9,4915,0.0236715262217453,0.904492864127543,0.980352724624033
CLDN5,2745,0.0968472563739719,0.904585517535481,
ANKRD42,671,-0.0997958198079129,0.904601254707448,
ESM1,4381,0.120695026072331,0.904711513210961,
IGF2BP3,6366,-0.0805390860713352,0.904876516284917,
NR4A3,9146,0.107387844604484,0.905007409948377,
AURKB,1207,0.098407967098515,0.905011673652015,
UBR3,14842,0.0816434255719337,0.90508343164421,
B3GALNT2,1225,-0.094624680071076,0.905090105066402,
FNIP2,4967,0.0431041316371279,0.905129346311151,
POLL,10332,0.184703962913986,0.905154293193627,
ARHGAP5,887,0.0490958182038623,0.90516092991668,
LVRN,7657,-0.345936758062164,0.905213324660054,
GPR85,5591,-0.160756303652587,0.905322151366824,
GMNN,5409,0.10055243693759,0.905331184915803,
LACTB2,7242,-0.0496181864056825,0.905402393250416,
ALKBH5,542,0.0526902789439653,0.90544021257955,
GNAS,5425,0.0206327427988679,0.905487786728861,
C7ORF50,1768,-0.0408813409874092,0.905523130262671,
PPWD1,10529,0.0431238126979685,0.90557271680066,
KLHL36,7130,-0.106359649028594,0.905599891064369,
ICAM4,6288,0.34420167064924,0.905704007026144,
NEDD8-MDP1,8840,-0.192477338187197,0.905730122183931,
SLBP,12350,-0.0489153041549914,0.905739931308681,
IGFN1,6381,-0.145629265995574,0.905750038958032,
BCL9L,1348,-0.0275047317001491,0.905808012764289,
USP17L18,14978,-0.256327415588758,0.905919113642415,
RDH11,11256,0.0456010537071534,0.90593064726,
ZNF91,16082,-0.0479444442013881,0.905973761517157,
WBP4,15205,0.0500032176516754,0.906128909760241,
ACTR6,226,-0.0605845995716531,0.906248837354422,
PITRM1,10081,0.0854188539778225,0.906257814755347,
ATP8B4,1179,-0.147682315439555,0.906260720139575,
ADAM19,245,-0.0652698816614405,0.906266695270069,
GALE,5151,-0.0585538429635284,0.906281533292978,
SNAP23,12790,-0.0382773493822106,0.906310010945445,
SPATC1L,12960,0.106092787297305,0.90633424023179,
GMCL1,5401,0.150584768874471,0.906368036412073,
ATG101,1080,-0.0560811093973374,0.906380433610726,
FBXL5,4738,-0.0468771596771311,0.906407718149969,
FAM92B,4671,0.180930639876526,0.90645076707656,
IGHV3-38,6414,-0.151081826180637,0.906516958761651,
POTEG,10391,0.20227483646418,0.906599020818891,
HIST1H3G,5990,0.0860047161300978,0.906635419514613,
IL20RA,6541,0.0742429698814905,0.906652735680699,
MTA2,8443,-0.0342143116183839,0.906654015162701,
UMPS,14912,-0.0964582186820126,0.906678040210491,
CRYBG3,3156,0.046292977177838,0.906683931114369,
WIPI2,15290,0.0555221915377323,0.906692832266434,
ALG12,526,0.0585814062824968,0.906778460208013,
RHOG,11394,0.0295833356023692,0.906875300599582,
NUCB2,9238,0.0743201402120802,0.906928627971273,
CFHR4,2565,-0.340313596843537,0.90695957664765,
HMGCR,6070,-0.0527137701638923,0.906962970141775,
XPO4,15348,0.04221904883061,0.906964420487617,
PAG1,9541,0.0597678065011105,0.906986986333356,
UBXN1,14849,-0.0175010939177959,0.90707297846835,0.980352724624033
DERA,3603,-0.0288416962954081,0.907093447184006,
STOML1,13240,-0.0719236380459408,0.907109250168511,
PTPN22,10854,-0.068769657428843,0.907111628998639,
SPRED2,13024,-0.064948489064497,0.90715185697749,
ARMH4,976,0.247588202894735,0.907182591731577,
NDUFA4,8785,0.0512201624246987,0.907184085539899,
SSX2IP,13142,-0.077296902135051,0.907193880968836,
ZNF226,15674,0.0608910794651195,0.907252818427956,
DENND2D,3587,0.0321495585854475,0.907303863589332,
IL21R,6543,-0.100035476842613,0.907620993362966,
WDR43,15234,-0.0421014346887956,0.907722128128202,
RRP9,11723,-0.0957157835477457,0.907809475136277,
CNIH1,2855,0.0806083002691289,0.907817947122053,
BEGAIN,1365,0.326789463584786,0.907824850805899,
TMEM18,13992,0.0649169533581905,0.907916218648303,
ABRAXAS2,113,0.0431199424710027,0.907953693590781,
AATF,34,0.0895370434980567,0.907989792244026,
FBXW8,4780,-0.0427417073810131,0.908014153605248,
CCDC121,2021,0.21351239221052,0.908064487925983,
PTTG1IP,10887,-0.0223716132094848,0.908094755809594,0.980352724624033
EGFLAM,4094,0.132450142353991,0.908216563892189,
COMMD1,2966,0.110038989857176,0.908221137284585,
RACK1,11046,-0.0198229047405372,0.908291807512003,0.980352724624033
MEGF8,7993,-0.0636262793905753,0.908316586278804,
PLA2G3,10120,0.335324362600479,0.908318062554203,
BTBD7,1518,0.0754063198441702,0.908469525803055,
SLC30A5,12504,0.0428572910455449,0.908504436541011,
FAHD2B,4499,-0.082538280186057,0.908505249512607,
TMEM107,13924,0.0738187797985033,0.908568370181814,
ZBTB2,15433,0.166609453087782,0.90858060546457,
SNAPC2,12796,-0.0813405220031685,0.908613405250088,
SPDEF,12968,-0.0671974809799461,0.908642805111096,
ATP6V1G1,1171,0.0211372007154542,0.908673051447743,
EIF5B,4168,0.0824045684829361,0.908683219390881,
CDK1,2366,0.0739653151636184,0.908768028533065,
GOLGA4,5460,-0.0536419399370974,0.908860215617747,
KRBOX1,7184,-0.115673308053426,0.908879579701294,
TRPA1,14536,0.333352183014366,0.90888481252652,
HIST3H2BB,6018,-0.0483986958164336,0.909145687458927,
GLA,5355,0.0760760800332845,0.909146234151113,
KIAA1328,7006,-0.0700831028460238,0.909152221065026,
TMED6,13910,0.110813880580087,0.909209255888282,
COL6A2,2952,-0.0617051306411871,0.909342255933429,
KLRC2,7152,-0.0765310571824432,0.909645045683111,
SIPA1,12309,0.0606293740207284,0.909647441826216,
XKR8,15339,-0.0494304170781924,0.909712628680088,
RNF166,11499,-0.0435487864077932,0.909746519711991,
COL18A1,2930,0.0422454515784764,0.90980722115546,
EPM2AIP1,4314,0.0333517355782767,0.909850128188936,
DDX1,3529,0.0454063169237316,0.909880855452837,
TCAIM,13578,0.0459288341872394,0.909958508378581,
TENM2,13660,0.328658823232511,0.909988662550123,
MRPS27,8373,-0.0344695333248926,0.910021390781069,
ZMYM3,15601,-0.0636571229279849,0.910133498634415,
TSG101,14568,-0.0530363131228565,0.910153949079958,
EML5,4233,0.302176979458163,0.910168311748209,
TRBV29-1,14405,0.108766332768838,0.910175845169964,
SPIN2B,12993,0.0525440152775636,0.910232375371974,
HLA-DMA,6032,-0.0888706583990805,0.910286237306643,
KIF15,7024,-0.110857729269746,0.910294014369994,
EAF2,3996,0.0825373451118893,0.91037892042359,
TPD52,14287,0.0446488092048878,0.910612348433771,
PTGIR,10822,0.078704904820218,0.91072686011073,
CD83,2293,-0.0689501713311876,0.910733638800233,
CCZ1B,2215,-0.108896365150278,0.910734691460313,
SMO,12765,-0.0815498960066526,0.910744594009847,
PNPLA3,10290,0.233371178653901,0.910773805747278,
PRPH2,10655,-0.10000238438823,0.910802263536077,
AFAP1L2,371,-0.0367873532821696,0.910810445138621,
DKK1,3698,0.0868021572864631,0.910814210649738,
CD70,2285,0.209648432251707,0.910910854240158,
SLC7A9,12639,-0.125190908083787,0.910949377300022,
PTPRC,10864,-0.0951229854419197,0.910983217650827,
LRRC43,7567,-0.12166520278523,0.911028301195972,
SLC15A3,12370,0.0504650762817991,0.91111749248328,
YWHAE,15405,0.018674479150268,0.911122598577348,
DOCK8,3839,0.0526289056605979,0.911152669902518,
TOMM70,14250,0.139262970951836,0.911174162963627,
CYP2J2,3376,-0.0980375650536163,0.911224076169552,
UBTF,14848,0.0311091750182125,0.91123379591151,0.980352724624033
GLIPR2,5371,0.0531662133428584,0.91126540884637,
TADA3,13428,-0.110479138106652,0.911286125239646,
HIVEP3,6023,0.0552511322266453,0.911306354087219,
PROC,10626,0.0664958813034895,0.911345448296945,
CCNE2,2172,0.17254253979351,0.911465032321543,
DIAPH2,3672,0.0424001075313822,0.911585439308381,
ZFYVE9,15573,0.0908300715097829,0.911666767609386,
ARMCX5,972,0.0775947485379974,0.911746371652433,
TBX6,13571,0.106151371134084,0.911806436299636,
GDPD1,5263,-0.158034705263691,0.911884018867768,
ATP11A,1110,0.0562097255991144,0.911914947162221,
YKT6,15389,-0.0475729964419672,0.911953165765204,
PLK4,10217,-0.0767713828255363,0.912139681408574,
PMS2,10270,-0.0513081579173171,0.912313056565088,
CCDC9,2118,-0.0332888754770104,0.912374845848243,
PCDHB9,9690,-0.0788677162623556,0.912387981733909,
ATG13,1082,-0.0808675347209,0.912428155847673,
IGKV5-2,6452,0.30125860273825,0.912441760991773,
MIR1915HG,8138,-0.131814592508511,0.912466167484561,
TUFT1,14705,0.0621911518517762,0.912475908400478,
CLIC6,2784,-0.109221116857159,0.912489923030193,
FBXO33,4758,0.0484500884078262,0.912564306467508,
RPIA,11587,-0.14974036546334,0.912599097237831,
XIAP,15333,0.124418187293167,0.91262029435088,
ERMP1,4365,0.0558576935270028,0.912647269843529,
HSPB1,6233,0.0241017115668317,0.912673762703683,0.980352724624033
INCENP,6594,-0.0569700245999498,0.912685594091488,
CNOT8,2878,0.0136955964144186,0.912687795983869,0.980352724624033
OSBPL5,9443,0.0413774510911857,0.912774387464646,
NR3C1,9142,0.0378444073264615,0.912783791364608,
FGF19,4853,-0.134211860873549,0.912829438332603,
MPHOSPH6,8260,0.059933202142498,0.912845184473051,
TNFAIP8L1,14168,-0.0623764046117125,0.912866464027457,
IGKV1-5,6441,-0.172084006342653,0.912873948673845,
CPSF1,3074,0.0333663627224814,0.912893755647965,
RPS25,11668,0.0240595003328378,0.912972026373423,0.980352724624033
SETD2,12140,0.0896478284683082,0.912990243639823,
TEN1,13658,-0.049259083516329,0.913018003153327,
USP11,14970,-0.0710275306062699,0.913054112755524,
RAC1,11042,0.11494606091252,0.913120318969291,
JOSD1,6817,0.0295806300565019,0.913256620292407,
NAT14,8690,-0.17764819815228,0.913257760356379,
ZNF30,15720,-0.145397172116412,0.913268045172733,
BLVRA,1420,0.0660243494267731,0.913324692591439,
SHLD2,12264,-0.0861473912837905,0.913336156308121,
MPV17L2,8282,0.129109536866129,0.913355944777819,
PCDHA13,9665,0.166483620781837,0.91340745981037,
PCDHGA12,9694,-0.052296060098253,0.913422827558916,
COMMD2,2968,-0.0683104846099556,0.913428664144628,
LAMB3,7255,-0.0457336628721817,0.913433538467403,
SCAND1,11903,-0.0647096122599831,0.913476329904957,
PLLP,10218,-0.0550921658279367,0.9134870692508,
WDFY4,15210,0.0701313115042933,0.913489516761967,
ZC3H10,15469,-0.184525030568814,0.913543194451867,
ISCA2,6711,0.0850537226159119,0.913579759756067,
GBP3,5221,-0.0415499418233565,0.913622721164453,
NSUN6,9200,0.0906504094209935,0.913623632832296,
NTF4,9215,0.148887642945907,0.913643979500107,
ACP6,189,-0.0700787960147678,0.913953578904254,
VPS35,15132,-0.0300393944470199,0.913963580556351,
IFNGR2,6341,-0.0288276613633359,0.913979329578765,
NFAM1,8883,-0.0494702462163737,0.914129718200894,
TBCC,13545,0.0617706435142645,0.914159233141434,
GLMN,5375,0.046008750413693,0.914197169658557,
GNG2,5436,0.0752986604151398,0.914339363697815,
MPP2,8270,0.127336097445373,0.914394230865391,
SRSF5,13110,-0.0260292526701393,0.914536023858207,0.980352724624033
KCNJ13,6894,0.314281440140074,0.914569914945414,
IFT88,6358,0.0462081424611466,0.914581990789817,
GJC1,5345,0.310540170240089,0.91478119009928,
DCK,3478,-0.0912624187735679,0.914811765767655,
BMP8A,1434,-0.0794059160163673,0.914890893562135,
LAMC3,7258,-0.120042417692964,0.914946072244512,
STAP2,13179,0.0512262266065051,0.914974253105083,
PPY,10530,-0.125127586596082,0.914993632455293,
ZNF260,15694,0.0636585216126392,0.915118609783655,
IPO7,6660,0.0796745216094985,0.915201420867937,
LOXL3,7487,-0.0719208640860172,0.915365269671032,
EREG,4346,-0.228537248431426,0.915456421993925,
QDPR,10935,-0.0512578927612619,0.915511701677551,
ENOSF1,4256,0.0911456955090141,0.915516012100432,
NDUFB3,8805,0.0309926657010386,0.915581629984509,0.980352724624033
SPTA1,13046,0.308622102695418,0.915633300067811,
SIRT2,12319,0.0522073824452688,0.915648915368329,
TEK,13652,0.070802958309544,0.915724062482477,
METTL1,8021,-0.0866133588644031,0.915738090789001,
ARV1,1008,0.0385219972106629,0.915742093199375,
CLK3,2792,-0.0454618411571713,0.915747981109672,
GPR83,5589,-0.307222931245405,0.915764514561944,
GCC2,5229,-0.0998236950035066,0.91580480942631,
MC1R,7894,0.101708758806873,0.91586078014595,
CKAP4,2709,0.0316811151836896,0.915938724383808,
MCF2,7902,-0.306971589566123,0.915950991754304,
CAPN14,1891,0.187711924513848,0.915991838894453,
MRPS18B,8365,0.0985730989050003,0.915996029613625,
ARL8A,955,-0.0639401044170684,0.916125685157996,
PFDN2,9889,0.0639090078886194,0.916157828953232,
BROX,1494,-0.0332892170118787,0.916189282094285,
ANKRD36,664,-0.0282695620920629,0.916333906293785,
C14ORF93,1592,0.134389866036321,0.916344343152098,
KCNK13,6903,-0.162463101083045,0.916397259593827,
DDC,3513,-0.0616276436667223,0.916443533601548,
C21ORF58,1690,0.228344491254964,0.916571831948908,
KANSL2,6838,-0.0710655896026501,0.916610251548913,
CIP2A,2694,0.0782100066470587,0.916618956692965,
ENO1,4251,0.0250545261386666,0.916635897117491,
ASAH2,1013,0.303371749388909,0.916664159660883,
GZMK,5766,-0.113138767313683,0.916785806241599,
PLEKHA1,10175,0.0774727564271046,0.91682442148233,
ARRDC3,995,-0.267349996063697,0.916925148815382,
LRP11,7527,0.0441035542248116,0.916958712997727,
RPS6KA6,11686,-0.102346085876782,0.916990291169501,
ACTBL2,211,-0.165060884277849,0.916990959678545,
BHLHE41,1388,0.0371798959137335,0.916998598972555,
CYBB,3346,0.0314168326352088,0.917107572120061,0.980352724624033
DAG1,3426,0.0368951675420933,0.917153230880786,
DHX15,3654,-0.0169554757114887,0.917244499814791,0.980352724624033
NSMCE3,9192,0.0604849672019346,0.917396470043478,
HOXD10,6146,0.300624586687068,0.917523093592983,
AP002495.1,730,0.0991876837700658,0.917548670401092,
FBXW9,4781,-0.0586273931180472,0.917610010062375,
TXNDC17,14736,-0.0335366690138314,0.917642419769982,
FRMD3,5029,0.0926887576925319,0.917643007371633,
GMPPB,5411,-0.0200304141656785,0.917649686225748,
IGHV3-74,6424,-0.130906260600531,0.917677838900241,
TMEM260,14057,-0.046071621899604,0.91768089117582,
GAS1,5192,-0.126647494163573,0.917696956549984,
SEMA6D,12064,0.0707109061669721,0.917720724911429,
NCMAP,8749,-0.0990401027038442,0.917824195677989,
SLURP2,12689,-0.149885978287415,0.917855541096465,
PARP8,9611,-0.0860480958855887,0.91785757871085,
PLXNA3,10249,0.0559718464747867,0.917864879693736,
C10ORF62,1553,-0.178239361386082,0.917991121077099,
USP39,15003,-0.0503908862651136,0.9180229911414,
TRPV4,14552,0.0644810602421676,0.918070436033928,
SPTAN1,13047,0.0217698759471808,0.918096266823856,0.980352724624033
CORO1A,3010,-0.0479893366030102,0.918121158443591,
LAP3,7269,0.0301550843453784,0.918200155282756,0.980352724624033
NTNG1,9223,-0.173227870564877,0.918205952019487,
NCF4,8739,-0.0488352139674835,0.918213734497897,
C16ORF54,1599,-0.0915349525793984,0.918337130349568,
ITCH,6727,-0.0248611159962835,0.918350544368331,0.980352724624033
CLSTN2,2816,0.115344315622674,0.918358313547732,
BPTF,1466,-0.0615806811933479,0.918366636702911,
SLC25A34,12447,0.118676677615045,0.918366716946279,
MAP1LC3A,7776,-0.0345330211233474,0.918529285757588,
RNASEK,11464,0.0550812259561046,0.918564249273058,
FAM171A2,4567,-0.190094319407698,0.918600387148951,
GLUD1,5394,-0.0794152216599541,0.918673091731378,
RECQL,11265,-0.0425542448145263,0.918693289149693,
S100A3,11813,0.113632506391237,0.91873654883426,
ZNF788P,16036,-0.297611306475578,0.91873848234701,
BOLA1,1453,-0.0955805000961599,0.918740982937792,
CCDC28A,2075,-0.0803088458934834,0.91892807368251,
NEDD4L,8838,0.118691042295449,0.919045182140081,
PLXNB1,10251,-0.0285941300452745,0.919116108197127,
GPR78,5588,-0.153245211576388,0.91915673321266,
DNM1L,3817,0.0240491450888326,0.919193300380724,
DCTD,3493,0.0239235497169412,0.91921657541746,
ZNF45,15805,0.103732663034604,0.919228280446877,
ANKRA2,634,0.0343631779880029,0.919256999929136,
TEKT5,13656,-0.293732119024287,0.919372531423325,
PCDH20,9657,-0.103937549448688,0.919410956094483,
ZNF780B,16028,0.052159208523037,0.919416138302116,
TCIRG1,13611,-0.0251766864283995,0.919466103556692,
LINC00869,7419,-0.0250961157369158,0.919660000681223,
GRIP2,5652,-0.274151227727851,0.919672685502813,
FRMD4B,5031,-0.0272395241629785,0.91968881829097,
METTL5,8038,0.0238041582741255,0.919689357650412,
NUP205,9279,-0.130376752650194,0.919730906357311,
ANOS1,703,-0.137766395666421,0.919815824520272,
ZNF133,15624,-0.0657105273750795,0.919894907936109,
PYGM,10926,-0.111750498102138,0.919982278476027,
NTRK1,9226,-0.185472268316354,0.920045021128876,
RPA2,11574,-0.0426297964143937,0.920131466299116,
SLC6A17,12623,0.137210925974219,0.920218799159514,
VDR,15081,-0.0701751902838476,0.920270831895652,
ZNF174,15643,0.0510094014822306,0.920274694881797,
TSPAN3,14590,-0.153601697668353,0.920286331106534,
TEF,13650,-0.0624542072234852,0.920331362051584,
PSAT1,10723,0.0953332786468222,0.920383549278634,
CRNDE,3134,-0.291310679544043,0.920389138168082,
RMND5B,11453,0.0395829937195979,0.920416417767783,
ABTB1,115,-0.0925608328535319,0.920461788993316,
IL5RA,6563,0.29300628631001,0.92047794696637,
SPRY1,13035,-0.0265533056036868,0.920485169202533,
TMEM26,14056,0.11959344664178,0.92058539765359,
NBR1,8720,0.0560134263605558,0.920743528887096,
GOLGA2,5458,-0.0426757401742683,0.920763621122712,
DDX27,3540,0.289613306055987,0.920825149216389,
NRG1,9159,0.0915712169647854,0.920937049554684,
IGHV3-7,6421,0.237169606450023,0.920976167770989,
DMC1,3729,-0.280430260959836,0.921039407024926,
EOGT,4278,0.072991263186293,0.921045082483213,
LY75,7666,-0.152671369889564,0.921129349049028,
ITGA4,6736,0.115839092313257,0.92119618643834,
PM20D2,10257,-0.0539517258295456,0.921204773356907,
PPARGC1B,10409,0.0509423579025581,0.921225822942042,
CDK5R1,2385,0.103100609433246,0.92128635117252,
PATZ1,9622,0.0381573596740371,0.92130240872125,
ZDHHC18,15513,0.0358511033975246,0.921309238695605,
CCDC152,2043,-0.0912005432663873,0.921368183608837,
FAM107B,4506,0.0366591333618299,0.921376130277382,
SVIL,13347,0.0351034684284062,0.921376909065754,
DDX42,3548,0.0693477059876645,0.921383579807176,
TRMT44,14524,0.0396109482645756,0.921393722183196,
SASS6,11877,0.0643362719790849,0.921598368309522,
RPS6KA2,11682,-0.0570534588637521,0.921652238144631,
GLYR1,5399,0.0241526186867061,0.921666583368893,
INKA1,6606,0.0868211957410301,0.921683596734294,
NDUFAF8,8800,0.0529891575035134,0.921702840772104,
KDR,6971,0.162535755664623,0.921704399227122,
CRABP2,3092,-0.0612328990681671,0.921729618681068,
MCCC2,7899,-0.0313575053425624,0.921730095841485,
ZNF530,15855,0.0873420325226472,0.921775256281331,
HIST1H1C,5959,0.028305174390523,0.9217960070788,
NUP37,9283,-0.197809766147522,0.921806998714888,
RPS6KA3,11683,0.0309593591964723,0.921899345003013,
LAG3,7244,0.103352176875052,0.921995261715542,
NEFM,8843,-0.160369422184301,0.922125044946978,
AK1,446,0.0336893714760496,0.922145796842824,
IMMP1L,6579,0.116159018369487,0.922168714644508,
ZBTB5,15457,0.0619892665835936,0.922173911121403,
RGS12,11355,-0.0423677414469216,0.922184681677469,
BEND6,1370,-0.170150833329324,0.922202715266201,
PLEKHO1,10204,-0.0322391905892954,0.922213826810305,
SGF29,12188,0.0413717324289474,0.922214576647139,
SPIDR,12991,-0.0272949133561333,0.922255535322851,
WHAMM,15283,-0.0631883700339178,0.922315874676901,
COG5,2916,0.0485708324274061,0.92232444188696,
DLG5,3710,0.0273105039516711,0.922372765052325,
ZFP62,15552,0.0366867455745418,0.922389597884951,
TMEM243,14041,-0.0314522109133453,0.922397698862584,
C11ORF98,1573,0.0584291428948468,0.922425498582022,
ELP6,4209,-0.0614129133137979,0.922464549162801,
C2ORF49,1708,-0.036133368979177,0.922538864857336,
CDK18,2376,-0.0477802671395371,0.922564078589864,
APOA2,785,-0.21327551793051,0.922578483399753,
MYT1,8615,-0.249943042570558,0.922586384706436,
HSPA14,6222,0.198608961551586,0.922609080412019,
HDC,5858,-0.112868993004474,0.922693791098843,
GCC1,5228,-0.0327497144717352,0.922695898866047,
CCDC144NL,2036,-0.240632030709577,0.922738342514081,
POLH,10330,0.114945143683002,0.922838947238695,
RDM1,11261,0.113531412578361,0.922861419164357,
TGS1,13740,0.079686303001585,0.922870055002221,
HPRT1,6162,0.0260986225003026,0.922877078807936,
AP4M1,754,0.0610623692274659,0.923120666375899,
CXORF40B,3324,-0.230568624663856,0.923126720375868,
NAA16,8630,-0.089412959825405,0.923163910875477,
PTH2R,10829,0.234722556091433,0.923207338407492,
FICD,4889,0.0806618849037051,0.923249101581346,
BEST1,1372,-0.0817469102142361,0.923249767891999,
FBXO9,4774,0.0676460985261382,0.923357825312391,
STIM2,13208,-0.0497964192691469,0.92341349498133,
LIN9,7414,-0.076697534308767,0.923436334229404,
INPPL1,6625,-0.0145285117024638,0.923456731039881,
KLHL35,7129,0.279909788588696,0.923481898428047,
ITGA10,6731,-0.0868385803415922,0.923513268266714,
CDKN2D,2406,-0.0871566470204526,0.923513871402942,
ZNF625,15928,-0.127323985888716,0.923539807650938,
PROM2,10634,0.0413710001860305,0.923558224843454,0.980352724624033
NTN5,9222,-0.111572454694444,0.923566145994692,
LHX9,7380,0.280540197094398,0.923571248382294,
RNASE6,11458,0.259012274607968,0.923599421991585,
OR2AG2,9397,-0.280095312996814,0.923639308507815,
STBD1,13199,0.110804746660605,0.923659215165819,
CARS,1926,0.0442591096649177,0.923720820061526,
TMEM9B,14127,-0.0410072200137464,0.92380298455306,
TAB3,13417,-0.0396315184887406,0.923850617292805,
TRMT11,14517,-0.0714758253536913,0.923935297502874,
USF2,14962,0.0140251826405725,0.924025674209335,0.980352724624033
EFCAB2,4066,0.0936180613646132,0.924061494641067,
HGSNAT,5924,0.0178674336552315,0.924063132829806,0.980352724624033
NSFL1C,9186,-0.0196607391933785,0.92410015468904,
ARF4,842,-0.0263175322336327,0.924149692933216,
LRP4,7531,-0.0823948483119424,0.924151148267573,
BCL7C,1346,-0.01536307970787,0.924286104851554,0.980352724624033
PRDM8,10554,0.0519682476440288,0.9243099690359,
FANCL,4684,0.0999217853921014,0.924329976344551,
NKAPD1,8964,-0.0291837558935824,0.924439784786811,
TMEM68,14103,-0.0498572061596994,0.924470469056703,
ZNF160,15639,0.026283823730292,0.924712156340056,
FAM221A,4609,0.0360645269141097,0.924713835233943,
NLRC5,8990,-0.0317800457567213,0.924725416488243,
REEP3,11270,-0.0828450462021205,0.924741148672733,
SMARCAD1,12710,0.0348695162589283,0.924758687649994,
IL3RA,6560,-0.101678370540594,0.924767003390296,
TRPC6,14540,-0.102558844892025,0.92485192799594,
KRTAP3-2,7216,-0.275485388543618,0.924860431981248,
PDE7A,9788,0.0404016597694679,0.924937643986599,
TFAP2A,13699,-0.0488762277548198,0.924946878752247,
PLA2G6,10127,-0.0705014302655077,0.925027416410564,
LILRA4,7389,-0.102324431130699,0.925147788356973,
APOBEC3H,795,0.27285176485426,0.925157358693002,
C11ORF58,1562,0.0467752755152622,0.925164191741314,
PSMG4,10783,0.273100487795377,0.925185370065238,
TMEM256,14053,-0.0640802610135639,0.925201572542962,
TMCO1,13900,0.0271665868152568,0.925360928429523,
CLTC,2820,-0.0272870294526958,0.925439947816935,
RPS4X,11676,-0.0177663754298841,0.92548538700438,0.980352724624033
DPH5,3865,-0.0501780859605438,0.925530880928679,
RAB22A,10973,0.0984151409291673,0.925548916969076,
SCFD2,11918,0.0968147124455754,0.925647466125905,
SDR42E1,11992,0.101915146299206,0.925755448279546,
ANKRD61,681,0.198288234840031,0.9257673120403,
TRAV12-2,14361,-0.14742814485008,0.925819171430796,
PCDHA11,9663,-0.15686112741706,0.925891710734039,
KPNA7,7178,-0.080449596006696,0.925926108464871,
CTNNA3,3239,0.117434091551868,0.925943196870809,
AMPH,585,-0.133811688030846,0.926010654287768,
SRSF4,13109,-0.0136478254712205,0.926011278330645,0.980352724624033
CCNA1,2160,0.206340099009708,0.926021624122423,
SP100,12914,-0.0278085390278003,0.926089252007272,
WDR25,15222,-0.0827540697039204,0.926119042997636,
MRPL58,8355,-0.079543714163975,0.926227437344789,
TRUB1,14555,0.0305206985229213,0.926284736479043,
CCL14,2131,-0.0776906283205406,0.926439804455107,
EMSY,4238,-0.107984699190838,0.926455212630793,
KHDC4,6976,0.0291674355781982,0.926578284199261,
DCAF1,3455,0.0599403989294272,0.926634051978923,
CHRNA5,2655,-0.0836136491521978,0.926650274344541,
SHISA2,12253,0.116251588177649,0.926666917606735,
ZNF22,15669,-0.0913822092452354,0.926669906846347,
CDC42BPA,2323,0.0303674226486654,0.926738817158024,
FOXN2,5001,0.268442518865651,0.926760563729299,
RCHY1,11245,0.140372220985153,0.926806150349348,
SLC9A9,12653,0.0761500981195456,0.926835846274349,
PYGL,10925,-0.0355993547000957,0.92684002840737,
VIL1,15096,0.0577682063920353,0.9268507166692,
SPATA6,12955,0.0879277457028603,0.926950294020557,
OXSR1,9491,-0.06669110657034,0.92699480207957,
MR1,8287,0.0228408380213962,0.927034640643928,
HELLS,5886,-0.0735700735968559,0.927099087875905,
SPTY2D1,13058,0.0238050541819916,0.927121115800904,
KPNA5,7176,0.0754409825301546,0.92715199956865,
YIF1A,15379,-0.0322185334751444,0.927186560652414,
GALNTL6,5173,0.265852217386296,0.927220071119541,
CLDND2,2750,-0.265772584723364,0.927244723849062,
ZBED2,15416,-0.109798168780976,0.927269884711017,
DPYD,3883,0.134773431362073,0.927292234058571,
ZNF521,15848,0.106062189404766,0.927314180894774,
PDE2A,9775,-0.0812038949160863,0.927342452169404,
TBC1D22B,13522,-0.046814792471694,0.927377869880198,
SAMD15,11846,0.106519856401828,0.92747657298231,
GFRA2,5290,0.133315518758985,0.927507605636281,
DHRS11,3641,0.0482689679533996,0.927538398671907,
CACNA1G,1826,-0.189053565771289,0.927675477936395,
CNOT7,2877,0.042800831549075,0.927694585955055,
CDC73,2337,0.0456723171805788,0.927711552385028,
LAMA3,7250,-0.0351889306317661,0.927869334939821,0.980352724624033
DPY30,3882,-0.0653620766561297,0.927878423198213,
LEAP2,7328,-0.109007348388955,0.92794610471406,
LYPLA2,7681,-0.021457519363048,0.927956473015207,0.980352724624033
MRPS7,8382,-0.0343094934354797,0.928032189018189,
TEX14,13687,0.264061526923134,0.928047031180099,
ELMOD2,4192,0.0340967348844634,0.928101724123688,
DDX10,3530,-0.0638301853979251,0.928126717516057,
SLC10A3,12351,0.072421946998056,0.928148528143071,
GPR68,5586,0.0717581238825562,0.928205296223162,
SNX7,12867,-0.0441523958845802,0.928253804056011,
P2RX5-TAX1BP3,9495,-0.0691381383730833,0.928434135969537,
NUDT5,9261,-0.260845254243829,0.928501950454909,
ADAM22,247,0.0987823842993862,0.928571979190139,
CTAGE8,3219,0.0451761893788371,0.928766635530388,
TRBV5-1,14409,-0.259605292578156,0.928832729262489,
RETSAT,11305,0.0367768397580005,0.928946870005201,
YIPF1,15381,-0.177346658770626,0.92894981010164,
PLEKHA7,10181,0.0450826028248167,0.929174639644497,
CDH13,2348,0.0665625504019743,0.929248479442299,
GON7,5487,0.0632786884545984,0.929290876109702,
CD160,2220,-0.154107444403234,0.929302473659016,
DES,3607,0.192584703468602,0.92930259305898,
IRX2,6706,-0.11562690763007,0.929516210421735,
TRIM21,14455,-0.0517098182099645,0.929523625263859,
SLC37A4,12545,0.131985773329444,0.929533435263554,
ACOT8,180,-0.038269153435272,0.929649721478072,
CST4,3203,0.0669046227825921,0.929696786792729,
CCDC33,2080,-0.128438820653507,0.929788746689711,
PARP12,9603,-0.0390484218963552,0.929791273901723,
RRM2B,11713,0.0372618360681506,0.929815933530355,
SYF2,13365,0.0512388881034011,0.929870272811795,
ADAMTS16,261,-0.13093920662427,0.929888021985244,
HLA-DRB4,6044,-0.0730962540656047,0.929968395798444,
ALAD,496,-0.038114047437541,0.929986760904917,
IFFO2,6317,-0.0388086782380365,0.929989564034207,
TLCD2,13842,-0.0435353692313585,0.930046012515608,
CUL3,3280,-0.0453411337519662,0.930092301377349,
SUCLG2,13292,0.0215418785987173,0.930164672082821,0.980352724624033
HSPA12A,6219,0.085122845699222,0.930204413908278,
BMERB1,1423,-0.0399484067745075,0.930249972922748,
RREB1,11709,0.032044065869435,0.930276934072213,
DNPH1,3825,0.0920815110774561,0.930293628222021,
TRAV41,14384,-0.253813920778948,0.930335965957777,
SLC25A17,12430,0.0460030598607992,0.930428558141996,
C1ORF115,1644,-0.091701655157828,0.930438275620849,
SWT1,13354,-0.0644982361043532,0.930583379628717,
KCTD6,6946,0.0476636312232401,0.930585813680369,
C12ORF66,1582,-0.0669805227831981,0.930627774816341,
COPZ1,2996,-0.0421888197570976,0.930640253012969,
PRIMA1,10580,-0.253326226121076,0.930657677036884,
ZNF44,15796,-0.0396772746387699,0.930818377344852,
JPH1,6819,0.121749907350177,0.930865693876749,
BET1,1374,-0.0217022423204393,0.930922112204132,
EMC7,4217,0.019815907691898,0.931229933684281,0.980352724624033
SSH1,13125,0.0168391511258342,0.931303628661948,0.980352724624033
UBXN2B,14853,-0.0340276100037636,0.931466872798327,
CENPN,2471,0.0395838717687055,0.931571296868287,
MXRA8,8543,0.0456293582542055,0.931607290636942,
EPSTI1,4327,0.188794626562006,0.931611577293187,
CLEC12A,2753,0.096589059743751,0.931690083187393,
TFEC,13711,-0.0585701951109958,0.931968794411096,
RPP25L,11644,-0.0744269969525263,0.93197572924998,
MSLNL,8416,-0.227506239210242,0.932036272520304,
SNRPF,12832,-0.0594650897642338,0.932054105233282,
NT5DC2,9208,0.248580782445949,0.932060546329816,
CRELD2,3116,0.027813388114918,0.932131118496681,
CCDC7,2098,0.0573685607915926,0.932138619787633,
PALM3,9561,-0.0433026671791427,0.9322157565043,
EVC2,4417,-0.065940393600713,0.932283231024185,
ZSCAN29,16114,0.0703951525517881,0.932299736830537,
SNRNP35,12819,-0.0273865351990461,0.932301350799098,
RFLNA,11321,-0.201505265850256,0.932329685114841,
ANKRD24,656,-0.0783458171026664,0.932369626548016,
GJA9,5338,-0.0930686972151945,0.932473431473963,
BTBD8,1519,0.0744798290128161,0.932537911473494,
IGLC3,6455,-0.0684929415614885,0.932564174321202,
WDR45B,15237,-0.0279499332452926,0.932583586531415,
UGGT1,14878,-0.0581276532053744,0.932633474360151,
TENM1,13659,0.125514813694306,0.932680939539424,
OGDH,9349,0.0184244527941757,0.932684290357849,0.980352724624033
SNRNP48,12821,0.0411258159340743,0.932709138885435,
PLK3,10216,-0.0540416203169903,0.932880673938532,
FAM83F,4659,-0.0562801425555715,0.932928081996225,
CASP3,1941,-0.053403653253196,0.933024345558186,
GABARAPL1,5120,-0.0582543749868304,0.933061188938451,
EXOSC7,4450,-0.0571261262025152,0.933135588359567,
MLLT11,8166,0.0707276729686973,0.933191490206604,
CD164L2,2224,0.164539614279104,0.933230262799989,
PRSS23,10700,-0.0777075898944431,0.933246073540923,
MTPN,8490,0.014192087330352,0.933255522456649,0.980352724624033
CCDC43,2085,-0.0368781019162025,0.933268034440149,
ATG2A,1086,0.0540229743206902,0.933306198441496,
TSPYL4,14606,-0.058780035848021,0.933439832060616,
CCDC171,2055,0.117997477275461,0.933445498291462,
FBXL2,4733,-0.0433137337531409,0.933478758839131,
TRMT61A,14527,0.0492238254244276,0.933588717628093,
CDH5,2357,-0.0719086047432079,0.933595080621704,
RCC2,11242,-0.035180648446112,0.933915191341792,
NDC1,8764,0.0543788273448861,0.933950350883028,
POLR3K,10365,-0.12771318210926,0.933987366221364,
TAL1,13463,0.0731205324152912,0.934034716856316,
LINC01750,7423,0.120960733410947,0.934045852210765,
CCND3,2169,-0.0257798209754331,0.934063992113392,
PODXL2,10306,0.0414133590673234,0.934094977363655,
WNT16,15298,-0.240015408944264,0.934108388029619,
EFNA1,4079,-0.0308514168681201,0.934189894963917,0.980352724624033
PITPNA,10075,-0.0254706047136286,0.934195533426331,
E4F1,3994,-0.0631553959963552,0.934293287696381,
TMEM170A,13980,-0.0683865148754618,0.93437647619719,
TGFB2,13727,-0.0401198345744205,0.93440672420744,
LPXN,7504,0.0463776254742429,0.934494401168837,
USP36,15000,0.0325171824101841,0.934522016286287,
CA9,1807,0.0512759455407541,0.934524598341616,
KANSL1,6836,0.0341887982191603,0.934545311397747,
HOXA6,6129,-0.127260709207691,0.93455938792951,
HACL1,5792,0.0654265369789685,0.934772824477558,
BTC,1521,0.0645106107508786,0.93491610790452,
CYP27C1,3366,0.102086257748838,0.93492350933569,
SLC31A1,12509,-0.0313517268372596,0.934994999124188,
COMTD1,2978,0.0566512208204132,0.935025565658045,
XRCC4,15357,0.0384059848560085,0.93510374206387,
BCL2,1330,-0.0305954290753163,0.935155183983638,
SLC25A28,12441,-0.0245808460403115,0.935252181623082,
CDA,2304,0.0562563774574884,0.935263321602905,
SERGEF,12094,-0.0502513430046531,0.935385668211504,
MB21D2,7874,0.170229915370594,0.935593678498774,
SNX1,12842,0.0485651113714632,0.935750412456432,
ERP29,4371,0.0341886203495299,0.935763439769362,
LSM14B,7618,-0.0232958858976128,0.935860320649996,
MCAT,7896,0.0795533202957397,0.93588685099051,
NPFF,9084,0.234423970597176,0.935963863075509,
PRKDC,10607,-0.0341945686193815,0.935990170135142,
PTGR1,10824,0.0329277019956978,0.936032404855039,
ME3,7948,0.0517195343744885,0.936035353827657,
FUOM,5067,-0.0882101648058874,0.936037643184855,
FGFR2,4867,-0.0380623223639366,0.936042169729382,
LIMK1,7402,0.0315352400170316,0.936089007435525,
GEMIN4,5270,0.0417546186110702,0.936129556707884,
LMAN1,7442,0.0265777973784037,0.936142722299975,
AP3M2,749,0.0477281079904586,0.936146029594329,
PLEKHB2,10184,-0.029977286221624,0.936189609891111,
TMEM173,13983,-0.0474658490402472,0.93619953392575,
ZNF839,16064,0.0757050957695475,0.936201800766796,
DHRS7B,3650,-0.067197393209071,0.93624664826204,
XPNPEP1,15344,-0.0279817777116284,0.936266521668315,
FAT3,4705,0.232532684371397,0.936289051879896,
CMAS,2828,-0.0371055799747297,0.936354416145927,
UMAD1,14911,-0.232649589068978,0.936359392961267,
LDLRAD1,7323,0.128914768859527,0.936402388415182,
DPAGT1,3854,-0.0441392664500574,0.936431701467429,
ACTR2,222,0.0725788341719145,0.936514008965158,
VPS53,15147,-0.0307755491505448,0.936670252445274,
CHST10,2661,-0.0778772199855632,0.93673518860991,
BORCS5,1459,-0.0466267673054165,0.936787443223913,
TMEM240,14038,-0.175013501641674,0.936846442367873,
OLMALINC,9371,-0.0845261565532497,0.936900828753608,
DNASE2B,3811,-0.113105552344625,0.93691119503352,
MECP2,7953,0.0313103332172942,0.937036288691053,
TMEM64,14100,0.0581894170357198,0.937046786065149,
CDK11B,2369,-0.0430382600187332,0.937059647911013,
MED17,7966,-0.0575662171361238,0.93709266599753,
PPP2R3B,10503,-0.0358402004162155,0.937192197648643,
DNALI1,3805,-0.0585854829838554,0.937215770059557,
PI4K2A,9994,0.0415821705260545,0.937261609854998,
SNX13,12846,0.0265811487380352,0.937302115545645,
ZNF488,15824,-0.093285975880339,0.937334581195942,
PRRG1,10683,0.0425372105616041,0.937508584316367,
ZNF605,15910,0.0715480236455207,0.937513784291051,
CRELD1,3115,-0.0969627226191913,0.93760900413912,
PPP3CA,10510,-0.0292693236436902,0.937623239273312,
GNG5,5438,0.0387731802138966,0.93771240367342,
SHISAL1,12259,-0.201208199477665,0.937756285889151,
HACD4,5790,-0.210654887566355,0.937766899770999,
ZNF568,15880,-0.0525502247000872,0.937944187663397,
SLC6A2,12625,-0.225861210645584,0.938095633252048,
AC129507.1,132,0.164161988015723,0.938138987778558,
CDH22,2352,0.120034784816744,0.938207629119881,
CLPP,2805,0.0304958513991725,0.938255957806913,
QTRT1,10947,0.0188078836734186,0.938280565435013,
CYP2C18,3369,-0.0516315340836972,0.938363722004914,
ZNF548,15863,0.0327245971798993,0.938563033206888,
PNMA2,10281,-0.0761675651248386,0.93870660528866,
FCHSD1,4800,0.0204025750920661,0.938738448800573,
MTSS2,8504,-0.0357839312882523,0.938777115433016,
SRGAP1,13076,-0.0388951691791357,0.938782104810008,
GJB4,5342,-0.0559023114794651,0.938786637649946,
NFXL1,8913,-0.0269761183772457,0.938827509474697,
CRB3,3098,-0.0503425712122736,0.938860334422348,
CLU,2823,0.0375149698807379,0.938894157295202,
SMAD2,12696,0.0137580813770926,0.938941501042444,0.983244370680626
TRIM3,14464,-0.0783504103443232,0.938943905217037,
ABCA13,40,-0.197503223406437,0.938978210071131,
LIN54,7410,0.0640351255494664,0.938984134058487,
UBXN6,14855,0.0594916970993726,0.93916692416965,
TP53TG3C,14280,-0.163373290482732,0.939232322268779,
FAM89B,4666,-0.0341946560472026,0.939278882768609,
HSCB,6189,-0.0676628260782154,0.939312260234013,
YWHAZ,15409,0.0121495196545333,0.939382168271081,0.983244370680626
MTMR2,8479,0.0768475840845601,0.939420167651022,
LGSN,7369,-0.194877794127167,0.939437772069775,
FCN3,4804,0.220331629762975,0.939511968543189,
ELL3,4187,-0.0576163899827714,0.939572743461655,
TMEM94,14122,0.051954271191718,0.939702605205423,
VARS2,15058,-0.0335190337558688,0.939768573244036,
C5ORF66,1751,0.146964658270312,0.939778579071204,
STK31,13222,-0.102475580056388,0.939788480382322,
BICRA,1395,0.0376415730147081,0.939859129053418,
DPRX,3876,0.219807494995896,0.939937108074034,
LCOR,7308,0.0136613103680711,0.940011844860446,
FAM161B,4555,0.0992985268807561,0.940025321203813,
TRBV5-4,14411,0.106359167141275,0.940075296537458,
TSNARE1,14577,-0.0245650906155077,0.940087790778248,
USP42,15006,-0.0513544499268883,0.940099677201206,
REPIN1,11291,-0.059236599962701,0.940132649966265,
PTGS1,10826,-0.033028020279929,0.940261744985186,
PYGO1,10927,0.0658878122836874,0.940280921206761,
LRRC70,7583,-0.094965960738023,0.940342528790614,
GPR137C,5548,-0.12177674478495,0.940391353618111,
FIBP,4888,-0.0217977337552328,0.940499271981214,
SMYD5,12786,0.0574567946980161,0.940501285317599,
MDC1,7934,0.044831880094394,0.940701189571688,
RPAP1,11577,0.0314142989226682,0.940750202827905,
CEP290,2496,-0.0415979265479454,0.940911758266422,
INHBE,6604,0.21707643483125,0.940912037629968,
CHST1,2660,-0.0813712818385548,0.940918804618435,
RELL1,11283,0.0235363113948049,0.941001117724673,
TRAV8-4,14390,0.113715535033862,0.941009434757374,
GINM1,5324,-0.0263253216307375,0.941014175700643,
ARL13B,934,0.0351296032650852,0.941051771838271,
TMEM258,14054,-0.0308407254267163,0.941330295702004,
TPCN2,14286,-0.0361143793184141,0.941378318891089,
TBXAS1,13573,-0.0251704690623469,0.941389355232238,
OSBPL11,9439,-0.0428446406592607,0.941420463391964,
NFKBIB,8904,0.0300594234201423,0.941470619978681,
AMZ2P1,595,-0.125829376596714,0.941566735216247,
TMEM201,14015,0.070284667697372,0.941616730514348,
TRPM4,14542,-0.0444067963352499,0.941622207260128,
MSANTD4,8402,-0.0241651041074863,0.941633536650635,
AHCTF1,419,0.0291482127300272,0.941655720041923,
ADAM10,241,0.0200775295980432,0.941672481224433,
POMK,10372,0.0611545899153472,0.941832789899692,
OGFRL1,9355,0.0418734717348223,0.941859877106419,
SIPA1L1,12310,-0.0358750919682458,0.941950543623002,
SRSF7,13112,0.0139183371605712,0.942148750773449,
APAF1,760,0.0227684826726705,0.942156727121512,
CIB2,2686,-0.0560690845644639,0.942191771242135,
DOCK2,3833,-0.0333156406213129,0.942209222862592,
GTF3C5,5730,-0.0661400967793445,0.942266206181535,
P2RX1,9492,0.0465892046211669,0.942311306178739,
PSMD10,10762,-0.029059443577826,0.942331067728837,
CBARP,1970,-0.0807744052512207,0.942371328552947,
CCDC28B,2076,0.0444857474901671,0.942403041057738,
STAG3,13173,0.125307923719712,0.94253850467061,
XYLT2,15366,-0.0359043029161309,0.94261434024389,
OCEL1,9333,-0.0456410289421066,0.942635486924383,
FSD1L,5046,-0.209682265049844,0.94270772894409,
CARF,1918,0.0530068249041829,0.942742861716795,
METAP2,8018,0.0202114481882654,0.943025203890656,
SLC25A16,12429,-0.0209471066919834,0.943058892264227,
TTC32,14642,0.0678091757246024,0.943067662801415,
GOLT1B,5485,-0.0768507311671704,0.943169824921752,
CC2D1A,2001,0.0210930857800931,0.943280395701099,
DOP1B,3852,-0.039572778201987,0.94339988013734,
PLAAT3,10133,-0.0832084573814185,0.943413240578246,
HHIP,5928,0.0826375683553179,0.943421126016179,
PARP15,9605,0.046290090985423,0.943574023651089,
SEC61A1,12017,0.0302837644933565,0.943583597947807,
LANCL1,7267,0.0560126535233254,0.943599427050254,
INO80B-WBP1,6611,-0.0459236200989194,0.943686059457486,
PALM,9558,-0.0539082119845623,0.943701082320779,
IGHV3-21,6409,0.0992304069364822,0.943721685769622,
CCL22,2140,0.0706751035696797,0.943733501940903,
AGPAT5,409,0.0314212328760893,0.943865826124691,
STK17A,13215,-0.0388158245640995,0.94392845261546,
GLUD2,5395,0.0650761647879725,0.94396050800899,
SLC4A2,12595,0.0242633638130433,0.943995088270706,
GSKIP,5682,-0.0539762369436305,0.94408708530665,
CMTM6,2842,-0.0188505838943871,0.944190539081693,
FAM76B,4650,-0.03495079401011,0.944213344827008,
MT1X,8440,-0.0790723866343191,0.944214592759439,
PRR15L,10666,-0.033205423830574,0.944297858074268,
ERCC8,4345,-0.0350044051210609,0.944320738743601,
POTEJ,10393,0.131106874702596,0.944418675218253,
ACADS,145,0.0887632200877455,0.944493514699006,
USP19,14983,-0.0637689114523597,0.944596504536677,
SERINC4,12100,0.202484384520728,0.944602456376013,
AQP7,827,-0.0534972227843418,0.944682482666592,
KCNMB4,6915,-0.128395108686173,0.94470086396228,
ADD1,299,0.0308047538776395,0.944767141122926,
ZCCHC4,15497,-0.0245006801765603,0.944819055568143,
MATK,7865,0.0636156673384824,0.944837853336933,
DLGAP5,3715,-0.0588508262078369,0.944913717764708,
NFE2,8891,-0.14160457757524,0.945146813650657,
TMEM184C,13998,0.0241494055254061,0.94527396173853,
PAK6,9554,0.0802087644889877,0.945331908941481,
ZBTB8OS,15464,-0.0192306715258702,0.945417948772792,
ASB1,1018,-0.0221718559020349,0.945531716471373,
HES2,5904,0.19816875057638,0.945581060737737,
SH3TC1,12237,-0.0361566600142016,0.945653751762781,
FARP2,4691,0.0495291808980697,0.945728956253685,
KALRN,6831,0.0587544749619376,0.945730401029945,
ATMIN,1102,0.0690452314998604,0.945751168458281,
RABL2B,11039,-0.0388525974719164,0.945751366074778,
WDR44,15235,0.0599552599630445,0.945752442834679,
B3GALT6,1229,-0.0578725207216513,0.945757247850398,
ZNF185,15651,0.0720384020359022,0.945822722296022,
OAF,9318,0.0460870681810832,0.945858504292086,
RAB28,10980,-0.044504598501825,0.945873074692619,
ZNF786,16034,-0.0277630373018038,0.945961705764803,
EBNA1BP2,4005,-0.0200343347196756,0.946122567245364,
ANKRD11,637,0.0103446737745081,0.946143413242249,0.988774311533667
ANKRD53,678,0.0631934447740859,0.946166319533583,
PGM1,9922,-0.0789178870425476,0.946179193699728,
TLR1,13861,0.0591615963703573,0.946182832488367,
PRSS16,10696,-0.120224352766737,0.946214181688241,
CNTNAP5,2898,0.19578235608588,0.946312493250623,
BEND7,1371,0.105326862348938,0.946361573093189,
FMR1,4952,-0.0135142866359673,0.946372924479588,
VPS4B,15143,-0.0358485020854573,0.946541908189102,
FERMT2,4828,0.0643649451879405,0.946605182793578,
AC132008.2,133,0.0205060474339725,0.946748607195022,
COX4I2,3028,0.149220871885158,0.946867944618234,
HSPH1,6246,-0.0223757388899545,0.946873375113547,
HSPB11,6234,-0.0382581330559373,0.946993127625288,
FAM120B,4521,-0.107688273815666,0.947044193726598,
ASAP2,1016,-0.0350308840484852,0.947085679423489,
MAPK3,7826,0.0148405001936898,0.947115914269547,0.988774311533667
TDP2,13629,-0.0197416488119955,0.94722360073719,
MAP3K1,7788,0.0160948559863173,0.947365362656335,
KCNT2,6928,0.0560369035402346,0.947425977509385,
GDE1,5253,0.0641636879150751,0.947504518285306,
NFATC3,8889,-0.0371285851024154,0.947527869897812,
CCNB1IP1,2163,0.0383694755121516,0.947553503626685,
ANAPC4,603,-0.0496658115515206,0.947607035288585,
RMDN2,11447,0.113139672464017,0.947636823983271,
UFL1,14872,-0.0587515871713619,0.947643636417198,
PARM1,9598,0.0405836476729406,0.947673371875354,
SURF1,13330,-0.020530841622441,0.9477734305079,
VWC2,15180,0.168323524195193,0.947775497774176,
NOX3,9068,-0.0951860014534092,0.947856245841294,
ADI1,334,-0.022188625182418,0.947858969119632,
SAR1A,11865,-0.0561174554716693,0.947912359489701,
ZNF28,15705,-0.0299760526664602,0.947946850799209,
LSM10,7614,0.0561166778202623,0.947959671738595,
ZBTB17,15431,0.027246241953739,0.948034238107073,
CDCA7L,2342,0.033922686296535,0.948067349801235,
MPZ,8283,0.0723923760494944,0.948117371952647,
PDE4A,9778,0.0662483528305752,0.94819296696991,
WBP2NL,15204,-0.0858433898082283,0.948273919607333,
HOMER2,6115,-0.0610506694782742,0.948320640839609,
TMPRSS13,14139,-0.0693977347873605,0.94839184899151,
PI4KA,9996,-0.0210249695660179,0.948447287401644,
FAM217B,4604,-0.0770846391317816,0.94861522001712,
PAEP,9535,0.115358370440204,0.948698620898651,
ZEB1,15526,-0.187119692288,0.948703221517363,
MBOAT4,7889,-0.0987059615222701,0.948732131189403,
PGBD5,9913,0.0989395683992978,0.948747106175242,
SYT5,13404,0.180150193255394,0.948764837319818,
RANBP6,11096,-0.053392091184738,0.948821491212108,
C6ORF136,1755,-0.0672525055991088,0.948838777312378,
FAT2,4704,-0.187230275366215,0.948911537157172,
RRBP1,11708,-0.0162563280379301,0.94891658297016,
SLC39A10,12557,-0.062656750156458,0.948990043795611,
ACE,160,0.0216190852605162,0.949011231215672,
SCOC,11950,0.0627649679570967,0.949113039115873,
RABGAP1L,11033,0.025579412698484,0.949227747565149,
TBC1D30,13530,0.0387040747454972,0.949331874638516,
ZHX1,15579,0.0536267837235314,0.9493799732045,
HIST1H4B,5995,0.0329041456990051,0.949406307905534,
PALMD,9562,0.041678131396633,0.949431078735736,
ZNF518B,15846,0.0373501324315784,0.949459437749982,
TTC16,14626,-0.128822076694944,0.949510362218104,
RPL24,11605,0.0957074072407273,0.949609508882609,
RRAS,11706,0.0295776757850119,0.949693582679428,
MCAM,7895,0.0505536048268917,0.94974276294609,
TACC3,13422,-0.0372706934294389,0.949758951464077,
LYPD5,7677,0.128002982154067,0.949762991493446,
CLEC6A,2773,0.12049532241913,0.949853908569681,
HIST1H2AD,5964,0.0309854044233263,0.949907428125688,
DNAJC28,3793,0.0513369769965055,0.950071954291805,
UPK2,14935,0.182762593224421,0.950094144513859,
ACTL10,215,0.0429044801569128,0.950110842781249,
SDHD,11987,0.02149446408346,0.950136467198781,
OTUD7A,9472,0.0792896591010605,0.950138242169755,
ATG2B,1087,-0.0311196707486819,0.950170204062555,
ZC2HC1B,15467,-0.182084686991471,0.950184765926231,
PMPCA,10267,-0.0373176924554902,0.950193012629916,
CHTF8,2675,-0.0411456661603399,0.950204284935701,
NUDT9,9265,0.0195449155055819,0.950211397976335,
CDK3,2382,0.0569209011385824,0.950306551206246,
MEIS1,7999,-0.0661918041314211,0.950357384602702,
MYC,8552,-0.0224961810224554,0.950358110674824,
UBL5,14829,-0.0092298381569966,0.950454503579213,
ATP6V1F,1169,-0.015031088166377,0.950556676011575,
GSDMA,5673,0.115594514469825,0.950583101557903,
LRRC6,7578,-0.0486275222696675,0.950607459434598,
FIBCD1,4886,-0.159281130431645,0.950634981802939,
PSTPIP1,10790,-0.0390245745162804,0.950764140510818,
FCSK,4812,0.0327160296269763,0.950936136524128,
GLS,5387,0.0378237177176187,0.950938688160406,
SMKR1,12760,-0.17871802431069,0.950964954571198,
ZNF85,16071,0.0512303347522653,0.950982415531312,
SMIM26,12750,-0.0130766463812208,0.951051232539714,
SLC1A2,12394,0.122249162615275,0.951058683629287,
ZBED6CL,15421,0.0954756793696717,0.951129733184431,
DCAF11,3457,0.0216862825677964,0.951156337316679,
TUSC2,14710,-0.0243394865528331,0.951224215506758,
ZNF692,15969,0.0310200250834725,0.951270932379375,
LSP1,7627,-0.0203431303296207,0.951290071077225,0.990663786801324
NPR2,9112,0.0558024411154687,0.951370148926773,
CLN3,2796,0.0979092661103501,0.951399082767003,
WDR93,15272,0.141164595814405,0.951419821953682,
MEGF11,7991,-0.0704779909103213,0.951451851761215,
PSMG3,10782,-0.0361032443873431,0.95151916599997,
GLB1,5356,0.0330605023582864,0.95156545548184,
CDK8,2392,-0.0354828568890506,0.951585057269157,
EFCAB6,4069,0.100741565567544,0.95160191392046,
PRKAR2B,10593,0.0455885739664994,0.951616178096182,
TPRN,14309,0.0400585993483058,0.951659932895636,
STX5,13275,0.0236356455815524,0.951675940862143,
KIAA1549L,7009,0.0767662597716398,0.951700193445288,
FAM153A,4543,0.0426324587342174,0.951704211604992,
SLC25A15,12428,0.0433109223509582,0.95174432453744,
DEPDC5,3599,0.045281563669337,0.951765604629352,
ZNF449,15804,-0.0404480744964679,0.951773901481376,
XCR1,15330,0.0791050241865206,0.951832528507319,
PRMT9,10622,0.0472805760292078,0.952095709039841,
IFNLR1,6342,0.0581646145068679,0.95210571727974,
AEN,368,0.0355875432402814,0.952113811577461,
MRPL46,8344,0.0334633815614886,0.952253790584577,
LIG3,7385,-0.0305074214241256,0.952330928569484,
FBXL15,4728,0.0939137190750717,0.952403715846698,
PDCD1LG2,9759,0.0556475651693218,0.952405130046471,
WDR76,15260,0.0490054038663569,0.952405540802628,
POP1,10380,-0.100144590789196,0.952419329063434,
CLK4,2793,0.0757900684129772,0.952476923829283,
TMEM163,13972,-0.0545819807662767,0.952588016432244,
DHFR,3635,-0.0236810784545596,0.952626807013433,
ARF3,841,0.012277028456465,0.952872570643662,
ZNF706,15982,-0.0837455336251667,0.952872743494082,
GAL,5146,-0.111326475146538,0.952890170534664,
GAS2,5193,0.0511852153907305,0.952958737684126,
GLP2R,5381,0.0630222435688204,0.952962098262872,
ANKRD13B,640,-0.0423913848197465,0.953024252970204,
INTS13,6639,0.0285690119566104,0.953075400998007,
METTL23,8029,0.0366909021397217,0.95320083083084,
KLRC3,7153,-0.0843884298811867,0.953211837543678,
DEDD,3568,0.0571538450135005,0.953249765862587,
FBXO16,4745,-0.040219463230745,0.953299007116543,
SLC38A1,12546,0.0144112031551346,0.953309222396822,0.990663786801324
DCBLD2,3472,-0.0247353177886855,0.953332541600563,
PCBP1,9643,0.0072682499411317,0.953340653962008,0.990663786801324
WDCP,15206,-0.122517152119366,0.953417110349889,
FAM204A,4591,-0.0154989531024309,0.953485410102484,
CEP350,2499,0.0281497150269316,0.953522460228634,
GRK5,5657,-0.0451966844217288,0.953544149643069,
CPSF2,3075,0.0152476571519988,0.953625238135313,
RALGDS,11080,0.0280775637117105,0.95363548539929,
RSPH3,11736,0.027039098560336,0.953658288131959,
RMC1,11445,0.0326722890041616,0.953723547810279,
WDR59,15246,-0.0198411895689874,0.953758970239866,
PLEKHA3,10177,-0.0294542132844688,0.953764443822144,
SRP14,13085,0.0095482283667843,0.95383613673436,0.990663786801324
DNAH1,3748,-0.0517982622505143,0.954116644025035,
KANK4,6835,-0.0604257915314659,0.954128431443332,
PPP1R14B,10464,0.0202649588969804,0.954181697371337,
RNF185,11508,0.0252660404001891,0.95420279333974,
CCDC106,2011,0.0325314853471295,0.954264302876469,
SCNN1A,11944,0.0328226212225827,0.954284859774222,
DYNLL1,3972,0.0216802290374945,0.954312598487702,
FGD3,4842,0.0239028225885442,0.954386684622233,
DNASE2,3810,-0.0340983200163179,0.954483263113525,
PPP1R1B,10473,-0.0436660526903421,0.954485232136325,
PYGO2,10928,0.0214991087393906,0.954544340176819,
TBC1D24,13524,0.109529029813701,0.954549802000936,
COCH,2911,0.154595574637533,0.954593171190572,
CSNK1A1,3182,0.0194140774460565,0.954727294179111,
EBF3,4001,0.0608537108773807,0.954984688315917,
ESRRA,4389,0.0602921596210649,0.954985760832981,
DUSP18,3946,0.0278246171040115,0.955009913717339,
TMEM8A,14117,0.0345473572324188,0.95505358562565,
ZNF433,15792,0.0760321062341557,0.955129351234534,
WDR72,15256,-0.0388379032429953,0.95513849879116,
SAP25,11859,0.0319888541289916,0.955141360659754,
ARL5B,949,-0.0242374294787098,0.955154636425368,
FAM169B,4565,-0.0648755786760989,0.955194908256678,
TNS4,14230,0.028843998422315,0.955293745594537,0.990902381355773
PDCL3,9768,0.0352879533989923,0.955310468350308,
SLC9A7,12651,0.0240984550702708,0.95537088114543,
CASC4,1931,0.021607094662188,0.955408303003299,
ATP6V1D,1166,0.0264926322596695,0.955458400477245,
ACSM5,204,0.0644783143681572,0.955498859913124,
DYNLL2,3973,0.0310911640122661,0.955562712168182,
RUFY1,11775,0.0171488243995947,0.955575453174731,
SNRNP40,12820,0.0479705144835452,0.955647178594517,
IGLV2-8,6470,-0.0620235861514935,0.95566873890211,
CTNNBL1,3243,-0.0133351530788099,0.955676097332277,
PLIN4,10212,-0.067433185894999,0.955681824602881,
ZSCAN16,16105,-0.0467863866138454,0.955703968025456,
EFCAB14,4065,0.0575097856149757,0.955735125455685,
FAU,4707,-0.0123012202688801,0.95577762500048,
CMIP,2833,-0.0257965661878622,0.955852736326445,
DCLRE1C,3483,-0.0439728321752238,0.955973327744854,
NCDN,8735,0.0496695669674979,0.955996706888604,
PPP1R3E,10487,-0.0269950355141883,0.955998808657494,
FAM86C1,4664,0.049049309009408,0.956028236759418,
HIST1H2BF,5976,-0.0360942046962805,0.956033066917627,
PCDHGA2,9695,0.0605768891869372,0.956041668596783,
PSME4,10778,0.0349419463569601,0.956089779902863,
FLJ45513,4924,-0.134294612269511,0.956098195897045,
ANKRD18A,645,0.0271005654307824,0.956164767336094,
RMND1,11451,-0.025896480854248,0.956219480232198,
NUMB,9271,0.0147093269852083,0.95633278079926,
IGHV3-43,6415,0.07687507141271,0.956378344308152,
DGKB,3621,0.0637680080417359,0.956398307298951,
VASH2,15060,-0.12293405094311,0.956620275617033,
MRPS6,8381,-0.0310654721715194,0.956642248435729,
CMTR1,2845,-0.0201544918716332,0.956712610241514,
APOC2,798,-0.115226734061892,0.956715902241014,
F2,4470,0.133608547508179,0.956721381978939,
ADGRF2,313,-0.158174153961655,0.95678546449739,
ACOT11,174,0.0260696342579829,0.956792809306943,
ARID4A,924,0.0756733781549604,0.956827579481275,
CERS6,2524,-0.0144447289132597,0.956874362624569,
SMLR1,12761,-0.153795860310241,0.956981857323639,
RASGRF2,11136,0.0631502860794485,0.957224181763583,
B3GNT10,1233,-0.0522489043108692,0.957382248575293,
WDR74,15258,-0.0297302923403753,0.957423193559037,
CD248,2243,0.0294875454310171,0.95759143856732,
GMEB1,5403,-0.0226782409435499,0.957610752830619,
TTLL1,14664,0.0296067554573687,0.957615026588426,
SEMA6A,12061,-0.0493157922734147,0.957648824638599,
CREM,3117,-0.0309485299709967,0.957701179080124,
MRPL18,8318,0.0206509423475603,0.957822833206202,
RP2,11571,0.0212060422906192,0.957842120214481,
C7ORF31,1767,0.0356917743384734,0.957853043761087,
IGKV1,6438,-0.0515378367853525,0.957864526663744,
FAM122B,4524,0.0673205974060068,0.957885628550346,
DZIP1L,3985,-0.0241113154965922,0.957928129117728,
MYOCD,8603,0.0688629107146223,0.957957228320116,
USP45,15009,0.0686467969486306,0.958040311098597,
ASXL3,1059,-0.14380144725781,0.958045511323974,
UTP23,15033,-0.0358872483339634,0.958078314508809,
C16ORF87,1606,-0.0443781032479298,0.958085118909402,
AZU1,1222,-0.0905616266049921,0.9582222312665,
PGP,9927,-0.0208323106449818,0.958393098192714,
GAD1,5136,0.0891763638839516,0.958440183883029,
U2SURP,14760,-0.0089704260890672,0.958454678548651,
PIWIL2,10085,0.0472438181295358,0.95859319633962,
MESD,8013,-0.016987612935404,0.958638420228788,
TBC1D9,13541,-0.023076502075386,0.958649295002851,
DIAPH3,3673,-0.099690496415483,0.95867121994835,
CD34,2259,-0.0444060694761807,0.958678043904872,
FRMD4A,5030,-0.0530299401888651,0.958745829289019,
SSTR2,13138,0.0638186157853743,0.9587933048637,
ERF,4347,0.0093328676553148,0.958835018492568,
SELPLG,12044,0.0303549368081102,0.95887818420512,
OR51V1,9408,0.040125593518554,0.95900046749404,
TTC13,14624,-0.138922376275912,0.959024170374771,
ZSCAN21,16109,-0.0246575071311783,0.959029851438141,
GALNT4,5167,-0.0263506139998068,0.959060179680877,
ADGRB1,304,0.092565519450304,0.959288681325286,
VSTM2L,15164,0.0593680585774276,0.959309984700048,
SLC7A1,12630,0.0317212398923472,0.959363741502972,
CENPP,2473,0.0369150519100916,0.959381732888059,
IST1,6724,-0.0186125633759309,0.959482418753345,
PABPC4,9521,-0.009554329712177,0.959551818448878,0.992903807164323
RAPGEFL1,11114,-0.0254346354763107,0.959604367565595,
FAM228B,4613,0.0490511001646489,0.959616747856928,
TRMT112,14518,0.0084995271229914,0.959683977184848,0.992903807164323
DIP2B,3680,-0.0328990752130828,0.959768557462052,
BTN3A3,1535,-0.0656530276468905,0.959855078877627,
MTTP,8505,-0.0989189892530978,0.959856593400097,
KDM6B,6968,-0.0191936683404722,0.959874482647396,
CSTL1,3214,-0.146409877591175,0.95988204258016,
GALNT10,5157,0.0198617062313013,0.959903251630553,
ORAI1,9422,0.0258057283477417,0.959951144003484,
HSD17B10,6194,0.0295339556902893,0.959979334938825,
NHEJ1,8923,0.0298061851158653,0.960019607976469,
ACSS2,207,0.0137662438405585,0.960102208179056,
L3HYPDH,7235,0.019252392632669,0.960135873115944,
NKX3-1,8977,0.0460762569718856,0.960188049450335,
CHD1L,2598,-0.0255938001151946,0.960393252599472,
PRMT6,10620,0.0242262657895472,0.960450492005493,
VAMP4,15049,0.0286235353109422,0.960470547807469,
TAF6,13448,0.0193955931286128,0.960600193287775,
EMC8,4218,0.0359899353636323,0.960782653340405,
PARN,9599,-0.0104334002644547,0.960887318433851,
ZNF33B,15743,-0.0175458918741272,0.961232156943259,
ZNF783,16031,-0.019156613225021,0.961368295927741,
CNNM2,2866,0.0157657019562768,0.961407049772109,
PHB2,9939,0.0120031519050179,0.961465503577161,
TMEM126B,13939,0.0421647643415077,0.961472642245219,
MT1L,8438,-0.0366875289020085,0.961479797536745,
C20ORF96,1689,0.044675417586218,0.961632668613703,
WBP11,15201,0.0408110426633139,0.961651009247957,
DCAF13,3460,-0.0164001471785532,0.961689515986862,
ACAA1,135,-0.0109153953207168,0.961734406133985,
AXL,1217,0.0229588193535086,0.961774609593185,
ACOX3,184,0.0252180883376134,0.961868142168292,
RGPD3,11347,-0.0551222769321806,0.961909034005465,
PUS7,10900,-0.0304552218907377,0.961969196903912,
NSMAF,9189,-0.0234868815325093,0.962013521461069,
GPN3,5538,-0.0318212997634777,0.962066684804453,
CCAR2,2006,-0.0280785002641526,0.962131786987539,
C2ORF91,1719,-0.107405845435856,0.962172066628528,
PLTP,10243,-0.018911908864161,0.962315067155544,
PMFBP1,10262,0.0642245252833355,0.962316788585813,
UPF1,14930,0.0177522563187538,0.962362505315305,
FGFBP2,4862,0.129733720693476,0.962429736330237,
SF3A2,12156,0.0161126397546175,0.962492774716426,
PTP4A3,10841,-0.0416052644441534,0.962492812103452,
MCCC1,7898,0.0271709271763052,0.962493957160176,
C1QTNF9,1678,0.136647884283695,0.9625267112046,
ADAMDEC1,254,-0.136376839559381,0.962528437188986,
RNMT,11548,-0.0248490976314308,0.96256494227305,
PDS5A,9826,0.0116153367841804,0.962577884393751,
UTP6,15037,0.13666639583496,0.962629004752751,
CACNA1F,1825,-0.12202567202349,0.962744883074952,
CEP295,2497,0.0746083671916479,0.962874583006646,
IPCEF1,6654,-0.0433604585833258,0.962877624188393,
ST3GAL6,13154,-0.0334631696109464,0.962921130698932,
KLRB1,7151,0.0589467787357551,0.963046109189181,
TTF1,14658,-0.060442275705693,0.963050239077562,
SQSTM1,13061,0.0100156337980965,0.963218075908098,0.993882564087867
ALG10,523,0.0148813073089889,0.963252988523308,
CWC15,3291,0.0178031382754553,0.963294820677748,
RCSD1,11253,0.0260816927491158,0.963322602886567,
DNAJB6,3773,-0.0133051382875802,0.963509145363727,
SON,12883,0.0087967119449339,0.963521443410426,0.993882564087867
KHDRBS2,6978,0.0901747528402681,0.963533285966448,
TKFC,13839,-0.0259306738149286,0.963620339848526,
ATP6V0C,1156,0.009697812210114,0.96372049231858,
POLR3D,10359,-0.017786584748402,0.963744294357681,
PIP4K2A,10063,-0.0141926474941273,0.963869413253521,
ARAF,832,0.0308883081563046,0.963900090884193,
CPLX2,3059,-0.0870717105646307,0.96390279397593,
POU2F2,10396,0.0232895248513278,0.964072082051393,
GALNT13,5160,0.0531167594504489,0.964090276967238,
TAP1,13473,-0.0152571381842254,0.964090563058068,
FOXK1,4997,-0.0263210092241907,0.964181168223279,
COX6B1,3032,-0.0257270465518533,0.964190605856345,
ALDOB,520,0.0396259013387825,0.964221502446584,
AKT1,486,-0.0062213744879692,0.964324718315737,0.993882564087867
INPP4A,6616,0.0121202589180833,0.964367174734647,
MVB12A,8530,0.0296051565543246,0.964381742011647,
LAPTM4B,7271,-0.0186218307628642,0.964498287251476,
AMTN,587,-0.129008449527737,0.964619403052843,
MIB2,8099,-0.0394242794170418,0.964631303052268,
MPIG6B,8264,0.0519842341507642,0.964671132982615,
RASA3,11126,-0.0165007908964562,0.964697562139716,
CCDC107,2012,-0.0464053764355591,0.964744811050942,
APOL3,806,0.0231143192399768,0.964761327066489,
HMBS,6056,-0.0236480063275233,0.964770403081593,
VPREB3,15116,-0.0536531598967428,0.964793703311673,
SARDH,11868,0.0409920838423757,0.964806934552521,
NDUFAF4,8796,-0.053542380036523,0.964853607158585,
UPB1,14929,-0.0990582404745134,0.964878127706598,
CDHR3,2361,0.0488374053604944,0.964879535094366,
VSIG4,15161,0.0306709227444476,0.964977349501106,
TUBB3,14691,0.028060164575771,0.964988728523531,
ZNF324B,15733,0.0635955184294591,0.965066405844378,
EBF1,4000,0.0383437608967737,0.965096871538907,
TPSG1,14313,0.12713515602584,0.965097715122085,
AJUBA,445,-0.0205620766281559,0.965177958825094,
GPR162,5562,-0.0430274418353109,0.965205494300044,
AP3B1,745,-0.0221169623061864,0.96522256647105,
RAB5A,11014,0.0089919666690202,0.965256747016341,
TDRD15,13632,-0.126151721121544,0.965351061406826,
GPRASP2,5597,0.04075822357396,0.965414489928261,
PIGBOS1,10013,0.0330137685326565,0.965447680299348,
FBXL12,4725,-0.0372644344744136,0.965561754848065,
ABHD4,95,-0.0174236746590512,0.965612876783709,
WRN,15310,0.055629734922664,0.965738034243985,
NCEH1,8736,-0.0170710361004635,0.965781365955637,
PMM2,10265,0.0387802474706032,0.965789237456514,
WNT7A,15305,-0.0332579240555079,0.965814831042715,
AMMECR1L,577,0.0291221721401161,0.96584105117699,
ANKK1,629,0.0642206280575569,0.96585568068106,
GSTK1,5693,0.0131328397101811,0.966132376884142,
CTSG,3260,-0.053323728041031,0.966339792075612,
IGHV3-48,6416,0.0576664730672065,0.966559675397663,
CTBS,3223,0.0231789686735092,0.966620049940805,
FAM218A,4605,0.121411063379357,0.966695246793254,
RNASE7,11459,0.0568546068501674,0.966791116718725,
CSTF1,3210,0.0255077611000986,0.966801411886974,
COQ6,3004,0.0343293730018031,0.966857730622373,
RFC5,11317,0.0613698729169124,0.966882521623216,
NUDT16,9251,-0.0236496706229064,0.966892505384531,
SCUBE3,11962,-0.0582115901950091,0.966900987756181,
CEBPZOS,2440,-0.0171861408985666,0.967030621304332,
FLVCR1,4937,-0.0293307490256171,0.967047352397873,
CETN3,2532,0.0378225357505396,0.967080587452204,
SLC16A12,12375,-0.0521968861139796,0.967107142451104,
GOLGA8S,5477,-0.0760210788541307,0.967130709350186,
OR6C65,9417,0.12019418780497,0.967153419366159,
GUCA1B,5740,0.0486953866862809,0.967234513530193,
SLC7A2,12632,-0.0502813873426029,0.967342737057652,
RPL28,11610,-0.0090153917130384,0.967370757598397,0.995750256864677
UCKL1,14863,-0.0223326177529804,0.967402808474009,
RPP40,11647,-0.0366658777222368,0.967487588164746,
SZT2,13414,0.0278376178876468,0.967495505457031,
ENTPD3,4270,-0.0616754402666371,0.967520597374126,
SMG8,12735,-0.0300673846444116,0.967556632762397,
FADS2,4491,0.0488740394384127,0.967566813959434,
TAF8,13452,0.0270412134786014,0.967599601797353,
PRKD2,10605,0.0229484915408343,0.967797486125595,
CALM1,1855,-0.0136800711296435,0.967841615197047,
PSMC2,10755,0.0144904143558417,0.967927803882971,
NUBPL,9236,0.0193645352549485,0.967942325967386,
P3H1,9507,0.0149367313507717,0.967960117146578,
C1ORF116,1645,0.0378781592878869,0.967994574695421,
ZNF787,16035,-0.0146812266355559,0.968049220884129,
NDOR1,8770,-0.0172346751973505,0.968060995409243,
CYP2R1,3377,0.028455484931243,0.968256784513262,
SLC14A1,12367,-0.030434038557911,0.968315377330947,
SLC39A9,12567,-0.0183276452997389,0.968328681087302,
UQCRH,14948,-0.0077477448921076,0.968359586819075,
ATP7A,1173,0.0209262243011666,0.968378736073632,
SYDE1,13363,0.0232657135002286,0.968411471358607,
MRPL44,8342,-0.0365171073528563,0.968464605351777,
RPL17,11596,0.011606695915452,0.968514805845007,
EPHB3,4307,0.0249215165081558,0.968525523770937,
AASDHPPT,32,-0.011849460470587,0.968528454638114,
RIT1,11440,-0.0143635999160544,0.968743231202071,
PHLDB3,9977,-0.0472618092868025,0.968792132137139,
AJAP1,443,0.0397508066029841,0.968829125477442,
GPCPD1,5524,0.0115778168179516,0.968853991351941,
ABT1,114,0.0173236759671627,0.968939541488946,
ZNRD1,16091,-0.0223580882430299,0.968956529214832,
ETV6,4411,0.0070762149308466,0.968981254716747,0.996137417269318
C2ORF15,1704,0.113390846964298,0.969005839490064,
SCML1,11931,-0.0247678975541529,0.969007471840543,
RIMS3,11420,-0.04813952288695,0.969029135555864,
CASD1,1932,0.022400201190985,0.969176235995505,
SPIN4,12995,0.02279040754909,0.969220588790452,
CUX2,3289,-0.106001557277265,0.969276212039356,
IGHA2,6383,0.0354727481041595,0.969281071624166,
NDUFV2,8824,0.0114753570795989,0.96929070190516,
PDPK1,9822,-0.0196413426639412,0.969332199625297,
TYROBP,14751,0.0127081306463817,0.969341571984047,
CNTN2,2893,0.111827060201786,0.969427796753307,
RAB44,11010,0.0532871162947665,0.969562471271488,
LAT,7285,0.0137119924433987,0.969809939467415,
SEH1L,12026,-0.0219625389120998,0.96988015402538,
NANOS3,8670,-0.0513925604833003,0.969938561443292,
EXOC7,4440,0.0198385421337384,0.970184890723896,
SLC35G2,12539,-0.0359655929110398,0.970209948118183,
KRBOX4,7185,-0.0298512867303016,0.970462012627503,
HAUS5,5820,0.0255652112140297,0.970549423097249,
SERPINB5,12113,-0.0204778078774733,0.970576400728815,
USP6,15019,-0.107175385995803,0.97071877103702,
CTSC,3256,-0.0117662010185551,0.970756034280157,
SYK,13366,-0.0300107023699707,0.970768896641269,
ARNT2,979,0.0329548407707904,0.970793804666102,
PIGG,10016,-0.0107904270383568,0.970819628936474,
TIMD4,13805,-0.0981738536415877,0.97084627945101,
CAPN1,1886,0.0135009273795015,0.970905082378901,
AP3B2,746,0.0526825969798987,0.970941646852214,
CORT,3017,0.105524158046734,0.971107420916411,
C6ORF89,1764,0.0275716620015541,0.971118487504377,
MS4A14,8392,0.0456283009121397,0.971140596316266,
TMEM191C,14007,-0.0232907367883411,0.971163641190356,
MEF2B,7988,0.0285771763409526,0.971175787984258,
LYAR,7669,0.0306836339489226,0.971270602795012,
HMGN3,6075,0.0102226247845389,0.971329926149422,
TRIM40,14475,-0.10450355909074,0.971445270136743,
PURG,10896,-0.0635721721701456,0.97145284620602,
GPATCH2,5511,-0.0208625416909558,0.971473655291647,
ZNF791,16040,0.0102506817385416,0.971513651263091,
AADAC,19,0.0346868312638502,0.971541765097117,
FAM124B,4527,-0.0469928434360006,0.97154754785068,
IL22RA1,6544,-0.0263910734354829,0.971558100094609,
TMEM168,13977,-0.0136787129754644,0.971648773383147,
LRRC46,7569,0.0413898989480842,0.971659149231707,
EARS2,3998,-0.029200524876303,0.971698208749119,
CLGN,2777,-0.102468123131945,0.97184346526916,
TTYH3,14680,0.0200088701138123,0.971855152583224,
MAP2,7780,0.0244482709077565,0.971855807613409,
LRRC31,7554,0.0436898819093181,0.971897541558946,
CXORF56,3326,0.0958210164869097,0.971925336368665,
TRAF1,14325,0.0182412492685976,0.971934655926116,
PAX6,9626,0.0624979081005179,0.971941548363161,
KIF25,7040,-0.0998193589838659,0.971967718685216,
SPG21,12984,0.0075535567641841,0.971971611134423,
ZBTB8A,15462,-0.0175029024878755,0.972071342764198,
RNF144A,11489,0.0210391326390752,0.972124182179865,
SLC37A2,12543,-0.0185335102369014,0.972142733983219,
MEN1,8005,-0.0171303656775142,0.972151081528548,
DSN1,3911,0.0254539902195164,0.972176021274419,
KCNAB2,6869,0.0277689958766987,0.972234556183842,
RAET1L,11068,-0.0504412634027563,0.972283745633643,
PLA2G4A,10121,-0.0866550573848378,0.97228948950537,
IGHG1,6386,0.0274885155727865,0.972306617323393,0.997322550423433
WDR97,15273,-0.0505676857969405,0.97231695223348,
YPEL5,15397,-0.0173478519127826,0.972451903568242,
SMIM24,12749,-0.0181342524077782,0.972461052215978,
NOTCH3,9062,-0.0156391434479351,0.972462029356817,
MTHFD2L,8466,-0.0328644741610865,0.97248795998448,
TCOF1,13615,0.0084249593381802,0.972498366069325,
TGM2,13738,-0.0098684911039249,0.972605758591377,0.997322550423433
IGLV3-9,6477,-0.0419239639983062,0.972707143912216,
FAM114A2,4514,-0.0381012728087621,0.972986130499022,
ZNF337,15741,-0.0275446921796908,0.972992703405131,
ACTL6A,216,-0.0149518558076286,0.973002845840106,
AGMAT,399,0.0251785432616068,0.973026893869157,
NEIL1,8845,0.0138449565715249,0.973105044479032,
LYRM2,7684,-0.026272190471858,0.97313365873051,
ROBO3,11556,-0.0297060951667629,0.973214327891751,
ZMYM6,15604,0.0210588733652367,0.973373072026785,
TAS2R5,13496,-0.0403279549375755,0.97339043646434,
CLUAP1,2824,-0.0102494507314567,0.973398173842434,
ERGIC2,4351,0.0053419078574046,0.9736024620621,
CLIP3,2788,-0.0277515632045981,0.973612496454114,
PLEKHM1,10200,-0.0237834873273882,0.973650639291563,
ZNF121,15620,-0.0056435390463559,0.973698778964355,
SOX15,12902,-0.0623143218898026,0.973712916266671,
STAC3,13170,-0.0321025778479992,0.973773109090463,
MKRN1,8152,0.0206244997448607,0.973837439900479,
UBAP1L,14776,-0.0449866422752321,0.97389872387185,
KBTBD4,6858,-0.0210017620685715,0.973994578255619,
FNBP1,4956,0.0189490342585265,0.974048127794277,
SLC41A1,12571,-0.0358067481293752,0.974215340422044,
ANKAR,620,0.0806672721330128,0.974234911506058,
ECSIT,4024,-0.0059808418825418,0.974261849298295,
MNS1,8213,-0.032402993297968,0.97426736823955,
ZNF202,15658,-0.0426513815255607,0.97427699455306,
SNTB2,12836,0.0220883605187613,0.974280052499286,
FCRL6,4810,0.0376157797872392,0.974353008311374,
ATXN7L2,1199,-0.026180825630354,0.974373130991945,
TMEM233,14032,0.0675891664295341,0.974434692288857,
PSMA2,10738,-0.0561508218975764,0.974514023790948,
GNA12,5416,-0.0166777634072372,0.974532996297698,
HSPBP1,6241,-0.0184307352659528,0.974548240282598,
SERTAD4,12130,-0.0246380325503088,0.974570499229984,
SMARCD1,12715,-0.0058800718253278,0.974585533131355,
SETD9,12146,0.0928453279966257,0.97461514263706,
SV2A,13343,0.0475245021599146,0.97465254161235,
ZNF497,15830,-0.0499972055796807,0.974700117020934,
SSR3,13133,-0.0245474543877061,0.974700652690976,
IDH3B,6304,0.0199060185512916,0.974709660304,
POFUT2,10309,-0.0072494988968625,0.974722916679872,
N4BP1,8622,-0.0333281066319552,0.974789142883193,
TCP11,13617,-0.0920429608184044,0.974859733295208,
TRPV2,14550,0.0290018722774475,0.975041046491399,
PUM2,10893,-0.0126901580557536,0.975097796358642,
BMPER,1436,-0.0671293623624935,0.975142919086215,
INTS1,6635,-0.0139744241487496,0.975239533282906,
USP20,14985,0.0254592472931723,0.975249344449473,
ZNF281,15709,-0.0179781238188919,0.975344101934671,
USP34,14998,-0.0132870036335047,0.975352184582347,
CST5,3204,0.0894350784373615,0.975410548183884,
IRGQ,6702,0.0097400588358148,0.975522299072976,
HTR1F,6252,0.0731884122320436,0.975713616879042,
CHST7,2670,0.0262718985735934,0.975730984701441,
CDC23,2312,-0.011670314292118,0.975869837410886,
GNRH1,5454,-0.0286254843689455,0.975943501557356,
XPR1,15353,0.0071221821647342,0.975967691178088,
HARBI1,5808,0.0216382960845347,0.97611937295107,
NDST1,8776,0.0110655249139272,0.97616553343202,
CXCL13,3305,-0.0577324001523893,0.97617825989929,
KCTD18,6939,-0.0412957217216714,0.976313666651389,
NUDT19,9255,-0.0266241096685039,0.976314211836644,
POU3F1,10398,-0.0631368824279361,0.976318266520435,
HNRNPK,6105,0.0074136093589955,0.976321074582419,
NGEF,8919,-0.0228647262014516,0.976366186036489,
RIPK1,11432,-0.0090200325941368,0.976368252643521,
IKZF3,6505,-0.020933100287226,0.97637317611408,
TMPRSS15,14140,-0.0463168339243458,0.976452731105521,
PTGER2,10813,0.0236879392054003,0.976503742142596,
SEC14L1,11998,-0.0131234844578993,0.976569342895653,
SEMA4A,12053,0.0187425872317338,0.976596565989862,
COL4A1,2942,0.0117093647155805,0.976664724598325,0.998311076453228
NUCKS1,9239,0.0189516756547887,0.976673357400241,
ANKZF1,691,-0.0099157529166779,0.976701327483075,
FGF7P3,4858,-0.0411094578351778,0.976716444219912,
CCDC138,2031,-0.0221511833928552,0.976742854710873,
MCC,7897,-0.0206197763873475,0.976770154114554,
SPRYD4,13040,0.0177568624464156,0.976784034575953,
LTB4R,7635,0.0175122197705522,0.976815760782506,
BDKRB2,1360,-0.0165350948344524,0.976840208066725,
PIK3C2G,10038,0.0265459486539201,0.976865947513326,
RUNDC3A,11780,-0.0361718507274252,0.976902228346592,
DND1,3812,-0.0705868776572586,0.976962276342278,
MCUR1,7933,-0.0099732003304637,0.97699090176982,
SLC11A2,12357,0.0122835864763475,0.977033192106237,
HNRNPUL2,6112,-0.0055672006928256,0.97716290036901,0.998311076453228
EEF1AKNMT,4051,-0.0175187591105437,0.977165256616929,
ACSM6,205,-0.0836462422609429,0.977194784605461,
MYO9A,8601,0.0156495228186447,0.977306052623524,
HOXB9,6139,-0.0306473833853456,0.977465490503304,
DPH3,3864,-0.0385970258990233,0.977492103477449,
ZNF589,15901,-0.0118885380790258,0.977611175856935,
ENTPD7,4274,0.0174671262515222,0.97763073526241,
FANCC,4678,0.0175427719838945,0.977635167712219,
ECHS1,4016,0.009550238036084,0.977636880468241,
C4BPA,1733,0.0313151024261137,0.977655321214961,
PSG8,10734,-0.0652301838550612,0.977740812869397,
FSD1,5045,-0.0570129972421608,0.977810041977575,
HSPA1L,6225,0.036054478911489,0.977844887209627,
IGSF6,6494,-0.0116729995111493,0.977882946272189,
CISH,2701,0.0244553608742697,0.977908969193272,
ATP2A1,1123,-0.0801941252196687,0.977956845678253,
HSF1,6209,-0.0103368549175347,0.977987567728861,
CADM2,1841,-0.0804806844537694,0.978047065531079,
CACNG8,1835,0.0807096723874616,0.978047406632052,
MARK1,7847,0.0408784379955354,0.978308722486821,
NXF3,9305,0.0262843561650233,0.978324987674355,
OGG1,9356,-0.0116430945664581,0.978436457837893,
CAP1,1883,0.0078869564738407,0.978459379703398,
LIPJ,7435,0.0783008627892017,0.978488535643097,
MBD4,7878,0.0094835841629515,0.978562820812051,
FBF1,4710,0.0235715345772691,0.978564364672779,
OR52K2,9409,-0.0787954235185562,0.978583264358514,
CLTRN,2822,0.0577669263080064,0.97874714903375,
TRAFD1,14335,-0.0113714310103761,0.978766007905975,
C5ORF63,1750,0.0637617595688683,0.978872274097497,
IGHV1-46,6397,-0.0323455071703712,0.978949207695429,
YWHAH,15407,0.0094820311938868,0.97903466189194,
BAZ1A,1293,-0.0447167087613908,0.97904149139745,
RNF25,11528,0.0135462196609323,0.979119981349383,
PRKRIP1,10612,0.0119217781243845,0.979137136332255,
NXNL2,9307,0.0349970445416182,0.979178481010723,
VCX,15076,0.0758777960593848,0.979259536397089,
RBFA,11171,-0.0125612337228866,0.979311224462392,
CTAGE6,3218,-0.023944600749868,0.979332906867217,
PDK3,9812,-0.0146897231989593,0.979336810755317,
NTPCR,9225,-0.0055390756114094,0.979371311584667,
PLGRKT,10208,0.0362652873473631,0.979405889977555,
MAGED2,7725,0.0206860394338899,0.97941232079355,
PAAF1,9517,-0.0155666553084543,0.979464440896057,
TTC26,14635,-0.0319421276919619,0.979536070699219,
TRPM7,14545,-0.0123274665792973,0.979557689140821,
SRRT,13102,-0.0053659667283325,0.979581308827475,0.998311076453228
DBN1,3448,0.0056697788573885,0.979608008147518,0.998311076453228
C2ORF16,1705,0.074136540065983,0.979640700501653,
SERPINE2,12121,-0.0131162872852831,0.979715439304287,
DNMT3A,3822,-0.0086428043263335,0.979798996916971,
RTP3,11769,-0.074201093127113,0.979812721759146,
EPHB1,4305,-0.0528886380494455,0.979847450098599,
ANO10,694,-0.0139165606859839,0.979907345046,
TSHR,14570,-0.0345230988463773,0.97992282602725,
PLCG2,10158,0.0161592737114437,0.979943606323978,
ZFAND4,15533,0.019281639300188,0.980091365050977,
KCTD7,6947,-0.0179938136022785,0.980123190485705,
S100A4,11814,-0.0099195993715696,0.98019546137514,0.998311076453228
RRP36,11720,0.0111174102413175,0.980200612636263,
IGHV4-31,6429,0.0316187177309238,0.980261608067945,
MMAB,8176,-0.018140202581671,0.980301456013149,
CAPZA1,1906,0.0128843441736673,0.980308883176615,
CTDSPL2,3231,-0.0279537134879704,0.98033713371458,
ZNF618,15921,-0.0189991316764252,0.980369461458169,
GLE1,5363,-0.0126536286650642,0.980380236064399,
TEX12,13686,-0.0279055080695487,0.980490567753775,
TMEM230,14030,0.0103685453165221,0.980636337570311,
VEZF1,15088,-0.0187007895951778,0.980795153753733,
ATXN7L3,1200,-0.0116955209863677,0.980821734037018,
JADE1,6789,-0.0339403583833492,0.98092488691747,
LRRC10B,7540,0.034066116674429,0.980932962993799,
SRGAP2B,13078,0.0067631593035405,0.980992173020334,0.998311076453228
OXSM,9490,0.0266688196342529,0.981004418527068,
BTBD2,1515,-0.0062337735492041,0.981039350735671,
HENMT1,5891,0.030712054969847,0.981060443454283,
ARFGAP1,845,0.0068128785845686,0.981122728604045,
KRT18,7197,0.0114434085400056,0.981286890113561,
CFP,2570,0.0286761832494197,0.981315653619649,
PAPPA2,9580,0.0339603014991607,0.981328702529052,
HACD3,5789,-0.015726446865243,0.98137912223586,
LMBRD2,7448,0.0114523013840282,0.98141066763983,
SMCO4,12728,0.0119106562739688,0.981450998547545,
GATA1,5202,0.0250251385403331,0.981456487119337,
EXTL1,4456,0.0410062700714434,0.981684081698834,
MRPS25,8371,0.0069468733803756,0.981720107276572,
FAM200A,4589,0.052275278685524,0.981743560885046,
MYH3,8566,-0.0221291142301152,0.981777058701097,
CHERP,2610,0.0220196831909028,0.981826662905099,
PNPLA8,10294,-0.0255176636358643,0.98185219666866,
AC084121.13,126,-0.0659647635125218,0.981863987408205,
SEC16A,12003,0.0090174126641161,0.98186543585418,
ZSCAN26,16113,0.014612632777231,0.981879311165221,
TRGC2,14434,0.0164781498860949,0.981884695655699,
GFPT1,5287,0.0054392876403684,0.98194800063884,
GATAD2A,5207,0.0123666389215184,0.981954187343797,
ZBED6,15420,0.0132764939545931,0.98207906170268,
SLC25A1,12422,-0.0082482183072245,0.98208594336479,
MEX3D,8047,-0.0080887178761008,0.982136519047983,
SLC25A12,12425,0.0293460132701593,0.982149439711362,
IPPK,6664,0.0212676689642876,0.982257003899449,
ETF1,4396,-0.0077660971773506,0.982475333983554,
C8ORF82,1782,-0.0159528164131682,0.982480244165709,
FRG1,5026,-0.0043324208384494,0.982540400497404,0.998358450419654
NEDD4,8837,0.0127605434880354,0.982545293187319,
OPHN1,9383,-0.0222319051692175,0.982577854743229,
LPP,7503,-0.0112958613984091,0.982678620204244,
TNFRSF8,14190,-0.0274484213550523,0.982689461401688,
SCAMP2,11899,-0.0060044881142749,0.982701699114958,
PSD3,10726,-0.0111267921806134,0.982731905918919,
NR2F6,9141,0.0137469991875287,0.982815832011895,
GSS,5687,-0.0062909229743484,0.982826525566815,
LDB3,7316,-0.0330706679043741,0.982831413755505,
ZSCAN5A,16118,0.0307548994288009,0.982856687438759,
KIF3C,7048,0.0214292654497081,0.982982998054871,
TCEAL5,13587,0.0592403222495692,0.983120882163746,
GPR4,5580,0.0323825537545584,0.983225625004036,
OTUD1,9468,0.0124307803430893,0.983228783126513,
CASP8AP2,1947,0.0103247014768743,0.983439107369572,
MBOAT7,7890,-0.012381107057162,0.983458028162537,
WNT3,15301,0.0382678035503246,0.983522275314619,
REG3A,11276,-0.0186482134343225,0.983523572415039,
RPA3,11575,-0.0233556852867202,0.983648330315495,
MTSS1,8503,-0.0112573119458157,0.983728281052511,
AK9,454,-0.0173307015325778,0.983737865572195,
AGPAT1,405,-0.0069074143756793,0.983752121487651,
GDF11,5256,0.0176979610166585,0.983879048008035,
STAT5A,13194,-0.0079043400215327,0.983879252663228,
UBE3A,14819,0.0122648863368267,0.983926355551208,
APLNR,781,-0.0501270674007226,0.983940888300747,
PIK3CG,10043,-0.0108940793935571,0.983987178335065,
H2AFJ,5773,0.0106155212906844,0.984010602008464,
SOCS1,12872,-0.0250465905195439,0.984035396537011,
KLK8,7148,-0.0156738938286469,0.98403825306956,
HIST1H2BE,5975,0.0163213922699796,0.984060450574933,
C2CD2L,1696,-0.0443176114829073,0.98408492068516,
NRM,9169,-0.0153001727304014,0.984122834190451,
OPCML,9382,-0.0580906228287654,0.984133404162491,
ZNF608,15913,0.014439589823535,0.984157615933954,
ENTPD5,4272,-0.0116430908891084,0.984189758552951,
TMEM214,14021,-0.00600144960527,0.984205785321755,
FAM163A,4558,0.0570385001823782,0.98430746047512,
FADS3,4492,-0.022077148783843,0.98433309525275,
ZNF487,15823,0.0188132365681783,0.984386225489274,
TP53,14270,0.0099532993988441,0.984445813609974,
NUP85,9291,-0.0138546916929462,0.984481638942276,
PGAP2,9908,-0.0121867765879572,0.984496988189124,
TUBB8P12,14695,-0.0565987588216039,0.98453520721191,
LRIG2,7521,0.0097656891633917,0.984611779523927,
REG4,11278,0.0165910475166514,0.984627676628764,0.998358450419654
PCDHA12,9664,0.0308279962989751,0.984632750494258,
TPMT,14299,-0.0193759093709748,0.984786018467907,
NNT,9021,-0.0121819282372889,0.984835331422436,
OST4,9459,0.003304776948608,0.984905801971533,0.998358450419654
RNF139,11486,0.0104045663038289,0.984935539079129,
RRAS2,11707,-0.0097196392775085,0.9850805379189,
ANO1,693,0.0091277537811404,0.985120829236993,
NRBP1,9152,-0.0046736186055736,0.985278229451274,
EMC1,4211,0.0109593281728377,0.985285402869861,
DMTF1,3738,0.0236198078011488,0.985308645591248,
CNTRL,2899,-0.0060050718821112,0.985319841108769,
RBM11,11180,0.0153657513975908,0.985334306721344,
TGM1,13737,-0.0190184341971526,0.985375007412907,
LHFPL2,7371,0.0122925432621511,0.985386213400077,
CPEB3,3053,0.0155508077537478,0.985395010650151,
KATNBL1,6852,0.0153605400996897,0.98544993930732,
PRAG1,10535,-0.0123907431471396,0.985470212304812,
ALKBH8,545,0.0111462127194227,0.985551694913574,
FAM111B,4512,0.0162043434576188,0.985592822989391,
SYNJ2BP,13385,0.0518357488721468,0.985745377361252,
CDC42EP4,2329,-0.0052873584732516,0.98587677496561,
PLIN1,10209,0.0515511044261421,0.98587810090533,
ZNF394,15768,-0.0225847598115055,0.985922999897728,
UTY,15040,-0.0102740542000293,0.986045320301853,
PPP5D1,10520,0.0055571224194097,0.98607386736771,
METTL3,8036,-0.0044458078827913,0.986089559039236,
IRF8,6699,-0.0090678879946737,0.986114678792517,
TRNT1,14533,0.0145560509265561,0.98619040053669,
DIRAS3,3688,-0.0174723949614527,0.986325585144193,
MEAF6,7950,-0.0066597933312063,0.986338282341097,
NFKB1,8901,-0.0062325365295507,0.986352031818243,
TASOR2,13499,0.0074143514217565,0.986394100415125,
COPS9,2995,-0.0082853624995181,0.986440941570281,
HOXD3,6148,0.0257794718446669,0.986564052424626,
SLC6A11,12617,-0.0487716041144905,0.986604662775556,
WNT5B,15304,0.0183017541684796,0.986657295697461,
ALDH4A1,513,-0.0109340525475862,0.986739238461556,
ACBD6,157,0.003705577701534,0.986802892501239,
TAF1A,13438,-0.0103663170033929,0.986862766292279,
CYSLTR2,3403,0.0192543810182747,0.986981786302157,
CDKAL1,2394,-0.0057704000456079,0.987032494973338,
RUNDC3B,11781,-0.0283385006128635,0.987052536146165,
POMC,10369,0.0474256453452939,0.987112994610199,
IGFALS,6368,-0.0242223310738118,0.987309511852049,
CERCAM,2518,0.0183395250952832,0.987329754882181,
TBC1D2,13519,-0.007812702613211,0.987426224204723,
TMC8,13896,-0.0138464245535635,0.987496545536595,
TDP1,13628,0.0110596311657247,0.987563427787068,
TRIM39,14473,0.0059694719208186,0.98763742367973,
EXOC8,4441,0.0053523428780136,0.987652817420823,
PGLS,9920,-0.0069446908495543,0.987659214342182,
UGT8,14897,0.0095001374678392,0.987691949702462,
DGKI,3626,-0.019366101806302,0.987705739589685,
MAPK7,7829,0.0070126383138558,0.987742546607967,
MAP3K2,7795,-0.0064582616797563,0.987797618892135,
ZNF831,16060,-0.0170639608541201,0.987809922130518,
RPS6KA5,11685,-0.0084434299701933,0.987813386685754,
GHDC,5308,-0.0119960113011802,0.988002694775641,
CBR4,1983,0.0050173171236432,0.988088227426516,
RNF213,11519,-0.0036442678808766,0.988095654460243,0.998358450419654
SRBD1,13063,-0.0227432538630212,0.988228209961073,
FAM155A,4545,0.0113094630960068,0.98827410177482,
SLC39A3,12561,0.010739273655831,0.988292823754142,
ZNHIT3,16089,0.0056146822634644,0.988487585310163,
ZNF239,15684,0.0098280596630218,0.988659932728965,
AFMID,380,-0.0072689146606628,0.988729590154093,
KIR2DL1,7060,-0.0412823150447542,0.98877154603647,
SMIM10L2B,12740,-0.0288635520134266,0.988784821361134,
HP1BP3,6153,-0.0020771461106071,0.988867920833525,0.998358450419654
SPOUT1,13017,-0.0069123028490772,0.988885444952223,
ITGAL,6744,0.0095551770931962,0.988904671823298,
IFITM3,6336,0.0038477191185854,0.988931499436514,0.998358450419654
PRRT3,10690,-0.0203354713636337,0.989000468421496,
ZNF644,15936,0.008272275846639,0.989086015865504,
RSL24D1,11733,0.0095466897152437,0.989256449853327,
TCEAL4,13586,0.0045059181235831,0.989269999613425,
TRIM6,14488,0.0126869519668769,0.989275053096246,
FAM8A1,4667,-0.0081755104742125,0.989300843188084,
DLK1,3716,0.0185158591097558,0.989315799088078,
C20ORF27,1687,0.0315542151457439,0.989422838758831,
RNF216,11522,0.0051660318848961,0.989435012263461,
SRF,13074,-0.0037987417864774,0.989477916634475,
E2F1,3986,-0.0385257956926795,0.989536574679035,
CNPPD1,2880,-0.0038206526107576,0.989672291666996,
CENPBD1,2461,0.0093259979496199,0.989692473981569,
PC,9640,0.011244892313927,0.989723630280855,
MIPOL1,8137,0.0080302029252996,0.989742164237486,
ACAP2,150,-0.0028715741948203,0.989758220086295,
PSMD11,10763,0.0083868444837906,0.989791514923264,
TNNT2,14218,-0.0234109365260435,0.989812468691601,
EGFL8,4093,0.0094843229886543,0.98985812738802,
IL7,6567,-0.0086111110136898,0.989862647864531,
AMER1,570,0.0171909318484428,0.989887822668167,
STIM1,13207,0.0069949990436656,0.989893519305655,
MUC16,8514,0.0100614542588654,0.989952090596137,
ANKRD10,636,-0.0021462976494107,0.989971586043929,0.998358450419654
COX4I1,3027,-0.0060321797475008,0.990011709988227,
KLC2,7076,0.0103159738821362,0.99006829334423,
SACS,11834,-0.00673978992944,0.990088522588199,
C12ORF65,1581,0.0124777504532296,0.990112150617493,
ZNF474,15816,-0.0282269704326889,0.990135077147597,
KIRREL2,7066,0.0162723326786241,0.990158734203993,
NPIPB2,9098,0.0191370145943965,0.990171406713308,
SOS2,12893,-0.004008324470289,0.990211047038862,
LOR,7482,-0.0352938747442605,0.990297779798999,
CCDC88A,2114,0.0203122985087874,0.990367588100639,
TMEM161A,13970,0.009868357617704,0.990411748652426,
N6AMT1,8627,0.0074590879299831,0.990414838317782,
ADGRL1,323,0.0084069707842609,0.990428531481213,
MAN2A2,7761,0.0061257960556618,0.990433071927247,
SLC7A5,12634,-0.0063544889878041,0.990583764558222,
PSMD1,10761,0.0034294993888809,0.990656803730535,
TNFSF18,14199,-0.0167965018293922,0.990665619218563,
GATB,5209,-0.0111745918059076,0.990700004162176,
SIGLEC10,12285,0.0077963903351239,0.990725242750828,
ARHGDIB,892,0.0048651060958564,0.990726664290116,
NRDC,9155,-0.0027748103025276,0.990803153363857,
CDKN1A,2399,-0.0071879767737266,0.990862694894086,
CYB5B,3337,-0.0049281432724723,0.990871194444943,
SMIM10L2A,12739,0.0136902006326048,0.991088501324496,
CLDN18,2740,-0.0071540100302676,0.991194668057402,0.998358450419654
EPOR,4318,-0.0169080234653381,0.991434588233628,
DSG2,3909,-0.0049242990430617,0.991436268620959,
XPOT,15352,-0.0022330413957651,0.991597948929309,
PPIL3,10435,-0.0074269520964594,0.991677515497693,
SLC7A11,12631,-0.0124865452451163,0.991686718642192,
SYT14,13399,-0.0161439794752749,0.991893378652694,
MTRR,8502,0.0039250453897408,0.991965343143281,
TTC17,14627,-0.0052030074741434,0.991976280178824,
TLR7,13867,-0.0167993848548894,0.992051201107105,
SH3TC2,12238,-0.0096077359744004,0.992118964796566,
GPX2,5613,-0.0044890399171046,0.99217283424605,0.998358450419654
PPP1R12B,10459,-0.004416105625077,0.992218701446441,
RAP1GAP,11102,-0.0111716299253875,0.992258341408615,
SATB2,11881,-0.009046749750795,0.992284939362936,
SIPA1L2,12311,0.005060832232908,0.992311735787768,
SLC24A2,12419,0.0156412479030774,0.992326581368662,
TNFSF13,14195,0.0036700690860877,0.992371457287201,
CREG2,3114,-0.0094048709953207,0.992386562224314,
ARHGAP32,878,0.013761331960657,0.992403667743178,
RHOB,11387,-0.0046689490660138,0.992450663981264,
FXN,5082,0.0052970575039899,0.992459572746331,
DNAJB12,3767,0.0018322421958375,0.992552324758105,
THAP6,13750,0.0073482266479314,0.992716105429275,
SETD1A,12138,-0.004639004126904,0.992825976078026,
DPY19L1,3878,0.0033002801698681,0.992839390129517,
SUSD5,13338,0.0097326427688246,0.992841622685226,
GPR35,5576,0.0033112144255083,0.992864310040529,
PSD4,10727,0.0028450015687488,0.993066792464835,
GRHPR,5638,0.0058153081494011,0.993090458530656,
GPLD1,5533,0.0254440522803722,0.993093847615281,
ASTE1,1054,0.0061021904441066,0.99310270363985,
SLAMF1,12345,0.0252762481245742,0.993112610369831,
ISYNA1,6726,0.006605566742145,0.993160878089311,
TMEM242,14040,0.0104045967749166,0.993230022650239,
C12ORF81,1586,0.0109123184120735,0.993307307819777,
SUPV3L1,13329,0.0057864818253244,0.993310755093347,
TMEM229B,14029,0.0060054820220609,0.993331754252415,
MT1E,8434,0.0076209932882018,0.993339873548378,
SCAMP3,11900,-0.0040867681315785,0.99338516296677,
VPS8,15150,0.0035859040537178,0.993440905049435,
MOS,8246,0.0240780196435998,0.993469399137069,
GGCT,5296,-0.003948465639821,0.993683766626976,
CDAN1,2306,-0.0043013030631725,0.993824291980579,
LSS,7630,-0.005079402530305,0.993836561619024,
NSMF,9194,-0.002008701294015,0.99394265971625,
FBP1,4721,0.0062628545775,0.993969744130906,
SOX2,12905,-0.0218827156681,0.993981693970499,
SENP7,12073,0.0021084089261367,0.994005503510261,
MRPL22,8322,0.0019073301147986,0.994031742806043,
PUS10,10898,-0.010561893496797,0.994111216979745,
KLK3,7144,0.0212814683724419,0.994158255632335,
MSANTD1,8399,-0.0108799785823933,0.994166109333106,
MRPL16,8316,-0.0051899230969472,0.994261316383454,
TBC1D9B,13542,-0.0015964103921444,0.994271712296707,
ZNF511,15838,-0.0032971542844659,0.994347062010484,
PSG7,10733,-0.0055033731996358,0.994398833808622,
LYNX1,7673,0.0083067222132051,0.994470655246978,
MRPL1,8309,0.0050710769025548,0.994518186873968,
BRD4,1477,0.0010965686218885,0.994676254019579,
FBXL3,4736,0.0035421811582461,0.994678486466028,
CD7,2284,0.0046708382580556,0.994687219582153,
CD80,2290,-0.0053063971283995,0.994976447374197,
DNAH10OS,3750,-0.0042500558493886,0.995010869749324,
LRRC63,7580,0.0120978353357337,0.995087449935979,
LPAR6,7493,-0.0041399718740757,0.995107746547809,
DENND1A,3582,-0.0059876730095491,0.995148894481535,
SPIRE2,13004,0.004195410311648,0.995149251324219,
SMARCA1,12706,0.0038215151380461,0.995169041980038,
FMN1,4942,0.0014326011863762,0.995215326304691,0.999321445657087
B3GNT9,1241,-0.0047037916241728,0.995225397477916,
SYCP2,13361,-0.0049630968995695,0.995274420217723,
CDK4,2383,-0.0017781298592651,0.995300443211573,
LZTFL1,7694,0.0042914286531935,0.995342518112519,
ARMCX3,970,-0.0036318718269293,0.995391177351303,
GNL1,5442,-0.0024492499294913,0.99543011689505,
CCDC69,2097,-0.0059069080083247,0.995455173724679,
PRR29,10671,-0.0066793653827533,0.995514798239824,
AC055839.2,125,0.0052008335141014,0.99553921144359,
MTMR4,8481,-0.0035746186128223,0.995541685610166,
ZNF500,15831,0.0025389117443154,0.995622848827365,
CNTF,2889,0.00529007285306,0.995774663192949,
TMEM250,14047,-0.0014906023359474,0.995787176010398,
CST3,3202,0.0015355194003309,0.99579347651351,
KRTAP5-4,7217,0.0151675173096158,0.995836008523035,
EFCAB1,4061,-0.0151320946382656,0.995841999077453,
METTL26,8032,0.0010858864587461,0.995889280509338,
TLR10,13862,0.0093118835675246,0.995903158941477,
CIART,2684,0.0052687898597558,0.995973643260122,
LRSAM1,7608,0.0023443975714676,0.996013664754058,
ITGB6,6756,-0.0028237372348332,0.996096869421983,
HAUS3,5818,0.0059385974358322,0.996099953420044,
FBXO24,4750,0.0069065845685204,0.996114885121129,
CCDC57,2089,-0.0028118441378362,0.996200051135515,
LRGUK,7518,-0.0134556104435502,0.996321427278862,
ZNF8,16044,-0.0021176208818688,0.996355930211687,
ANKRD17,644,0.0028518171145352,0.996483289429876,
CFB,2556,-0.0015499479688862,0.996487267351548,0.999321445657087
SIL1,12302,-0.0040042518901636,0.996512848516716,
SLC4A5,12598,-0.0059427981224883,0.996686697410804,
USP40,15005,-0.002575117112922,0.996782965214807,
EHBP1L1,4104,-0.0013943396057181,0.996793297153724,
SRP9,13089,-0.0008153219995972,0.996844812582348,0.999321445657087
GGT2,5303,-0.0019346531991982,0.99688842866311,
SUPT4H1,13325,0.0016245495951303,0.996980273511327,
PBK,9632,-0.0051044693683907,0.99701415824935,
FZD7,5104,-0.0042966382918399,0.99704693065133,
FABP5,4488,-0.0032505673225122,0.997063787832643,
SLC6A15,12621,-0.0082275899600253,0.997128679497388,
CYP3A43,3383,0.0028709243072742,0.997186489307425,
MTIF2,8470,-0.0015494924141552,0.997275218741704,
SYT15,13400,-0.0029250163078029,0.997306215817319,
ENPP4,4262,0.0029038780298699,0.997318511494456,
HPN,6161,0.0027406262908067,0.997378067859287,
TMEM79,14108,-0.0017081653834971,0.997442279932497,
UBXN7,14856,-0.0029219511107006,0.997511261005411,
NGFR,8920,-0.002202403383735,0.997530969550555,
CCDC200,2071,0.0087865158653467,0.99758647962747,
KCNG2,6882,0.0084593355291574,0.997677395908664,
DUSP22,3949,-0.0013334917395029,0.997752759714364,
IL1RAP,6536,0.0010517402255688,0.997870451677366,
SLCO1B7,12659,0.0042820303683163,0.997976287403726,
RNF126,11479,-0.0015324109726867,0.997998406446796,
MSTO1,8430,-0.0008737976401898,0.998009773522448,
EGFL6,4091,-0.0029153832970497,0.998062179044205,
FNDC5,4965,0.0042114749865875,0.998112953119819,
SLC1A5,12397,-0.0019412234086243,0.998157937265439,
MGAT1,8080,-0.0004738743755434,0.998187066821756,
RFC3,11315,0.0035545441983217,0.998285132004062,
TBC1D23,13523,0.0008051121000743,0.998316686913641,
TBX2,13566,0.0012506091588304,0.998330542139544,
CACNA1C,1822,-0.0013206409968626,0.998365237923144,
STX19,13269,-0.0018617800062373,0.998389242369786,
ZCCHC10,15490,-0.0020122046532459,0.998489962836817,
TRAM1,14339,-0.0015238083640242,0.998521682161456,
ZNF235,15682,-0.0015915278694846,0.998532536845421,
DPCD,3855,0.0012150150601818,0.998559348120854,
ALG1L2,530,0.0024033610857014,0.998634535408577,
IGHV3-23,6410,0.0013129967077956,0.998716202233762,
NEK4,8853,0.0005494913360706,0.998928300852101,
MRPL50,8348,0.0010052573628961,0.998979513055181,
IL36B,6558,-0.0036165040123217,0.999014952074793,
PRPF4,10648,0.0008188092217226,0.999032293426801,
ALDH3B1,512,0.0002976359157735,0.999119191190191,
TBKBP1,13552,-0.0013213637342199,0.999175950886618,
DUOXA1,3933,0.0025180155698706,0.99917695545216,
PRKCQ,10601,0.0015639729710074,0.999192952109461,
TAB2,13416,0.000477492130921,0.999219497419968,
DNAJB14,3769,0.0001994204532618,0.999224527108832,0.999864933014121
EEF2KMT,4058,-0.0003974555765651,0.999225619646443,
KBTBD3,6857,0.000769271146049,0.999281576795351,
NEU3,8874,-0.0003834390453573,0.999290783698692,
VAPB,15056,0.0005557437501036,0.999370225431269,
STK35,13226,-0.0009444037775921,0.999395926158456,
COL4A4,2945,-0.0004140839756305,0.999533290602634,
ZNF776,16024,0.0001947296451544,0.999693934218934,
PDLIM4,9817,-0.0001943971384986,0.999768512302473,
FAM53C,4642,0.0001138100815133,0.99978950110722,
ABCB7,55,-0.0003486500386203,0.99979033433896,
CTSD,3257,3.14870004296364e-05,0.999864933014121,0.999864933014121
ERI2,4355,0.0001132942540513,0.999870668249131,
CFDP1,2560,-6.49470375077725e-05,0.999877088445071,
KIAA1671,7012,5.81637324949845e-05,0.999893475207759,
TRAV13-1,14363,0.0001466269977578,0.99994737072225,
